,Tweet
0,р╕Бр╕╕р╕вр╕▒р╕Зр╣Др╕бр╣Ир╕лр╕▓р╕вр╕Вр╕│ р╕Цр╕▓р╕бр╣Ар╕Др╣Йр╕▓р╕Чр╕│р╣Др╕гр╣Ар╕Др╣Йр╕▓р╕Ър╕нр╕Бр╣Ар╕Ыр╕┤р╕Фр╕гр╣Йр╕▓р╕Щр╕лр╕бр╣Йр╕нр╣Др╕Я р╣Бр╕ер╣Йр╕зр╕Др╕зр╕▓р╕бр╕Бр╕╕р╕╕р╣Ар╕Кр╕╖р╣Ир╕н р╕Бр╣Зр╕нр╕вр╕▓р╕Бр╕Бр╕┤р╕Щр╣Ар╕ер╕в р╣Др╕Яр╕Чр╣Мр╕Хр╕┤р╣Йр╕Зр╕Щр╕░р╕Др╕░ р╣Ар╕Др╣Йр╕▓р╕кр╣Ир╕Зр╕гр╣Йр╕▓р╕Щр╣Ар╕Бр╕бр╕лр╕бр╣Йр╕нр╣Др╕Яр╣Бр╕лр╣Ир╕Зр╕Др╕зр╕▓р╕бр╕кр╕╕р╕Вр╕бр╕▓ р╕Бр╕╕р╣Ар╕лр╕бр╣Ир╕н р╣Др╕Яр╕Чр╣Мр╕Хр╕┤р╣Йр╕Зр╕Щр╕░р╕Др╕░р╕Бр╕╕ р╕нр╕╡р╣Ар╕Кр╕╡р╣Ир╕в5252555
1,р╕гр╣Йр╕▓р╕Щр╕лр╕бр╣Йр╕нр╣Др╕Яр╣Бр╕лр╣Ир╕Зр╕Др╕зр╕▓р╕бр╕кр╕╕р╕Вр╕Др╕╖р╕нр╕нр╕░р╣Др╕гр╕Чр╕│р╣Бр╕ер╣Йр╕зр╣Др╕Фр╣Йр╣Ар╕Зр╕┤р╕Щр╕Ир╕гр╕┤р╕Зр╕лр╕гр╕нр╕Чр╕│р╣Др╕бр╕бр╕╡р╕Др╕Щр╕ир╕╢р╕Бр╕йр╕▓р╕лр╕Щр╕▒р╕Бр╕бр╕▓р╕Бр╕бр╕▒р╕Щр╕Др╕╖р╕нр╕нр╕░р╣Др╕г
2,р╣Вр╕лр╕ер╕Фр╣Ар╕Бр╕бр╕гр╣Йр╕▓р╕Щр╕лр╕бр╣Йр╕нр╣Др╕Яр╣Бр╕лр╣Ир╕Зр╕Др╕зр╕▓р╕бр╕кр╕╕р╕В р╕бр╕▓р╣Др╕зр╣Йр╕кр╕нр╕Зр╕зр╕▒р╕Щр╕ер╕░ р╕вр╕▒р╕Зр╣Др╕бр╣Ир╕Бр╕ер╣Йр╕▓р╣Ар╕ер╣Ир╕Щ р╕Бр╕ер╕▒р╕зр╕нр╕нр╕Бр╣Ар╕Бр╕бр╣Др╕бр╣Ир╣Др╕Фр╣Й 5555
3,@cakekie_ р╕Бр╕╣р╕Ир╕Фр╕бр╕╢р╕Зр╣Ар╕Вр╣Йр╕▓р╕Ър╕▒р╕Нр╕Кр╕╡р╕Фр╕│р╕Бр╕╣р╕ер╕░
4,@cakekie_ р╕нр╕вр╣Ир╕▓р╕бр╕▓р╕Чр╕│р╣Ар╕Ыр╣Зр╕Щр╣Ар╕Фр╣Зр╕Бр╕бр╕╡р╕бр╕▓р╕гр╕вр╕▓р╕Чр╣Др╕Фр╣Йр╕Ыр╕░
5,р╣Ар╕Др╣Йр╕Бр╕Бр╕╡р╣Йр╣Др╕бр╣Ир╣Гр╕Кр╣Ир╣Ар╕Лр╣Йр╕Ър╣Вр╕Лр╕Щ @cakekie_
6,@homeboy__0421 р╕Кр╕╖р╣Ир╕нр╕гр╣Йр╕▓р╕Щр╕лр╕бр╣Йр╕нр╣Др╕Яр╣Бр╕лр╣Ир╕Зр╕Др╕зр╕▓р╕бр╕кр╕╕р╕Вр╕Щр╕╡р╣Ир╣Ар╕ер╕в р╕бр╕▓р╣Ар╕ер╣Ир╕Щр╕Бр╕▒р╕Щр╕Щр╕Щ
7,р╕кр╕╕р╕Вр╣Гр╕Фр╣Ар╕ер╣Ир╕▓р╕Ир╕░р╣Ар╕Чр╣Ир╕▓р╕Щр╕нр╕Щр╣Ар╕ер╣Ир╕Щр╣Ар╕Бр╕бр╕гр╣Йр╕▓р╕Щр╕лр╕бр╣Йр╕нр╣Др╕Яр╣Бр╕лр╣Ир╕Зр╕Др╕зр╕▓р╕бр╕кр╕╕р╕В  #myhotpotstory 
8,@Laura_xzin р╕лр╕Щр╕╣р╕Ир╕Фр╕ер╕░р╕Щр╕░
9,р╣Ар╕ер╕┤р╕Бр╣Ар╕ер╣Ир╕Щр╕ер╕░р╕зр╕▓р╣Вр╕г р╣Вр╕лр╕ер╕Фр╕гр╣Йр╕▓р╕Щр╕лр╕бр╣Йр╕нр╣Др╕Яр╣Бр╕лр╣Ир╕Зр╕Др╕зр╕▓р╕бр╕кр╕╕р╕Вр╕бр╕▓р╕ер╕░
10,р╕Вр╕нр╕вр╕▓р╕Фр╣Др╕Ыр╣Ар╕Ыр╕┤р╕Фр╕гр╣Йр╕▓р╕Щр╕лр╕бр╣Йр╕нр╣Др╕Яр╣Бр╕лр╣Ир╕Зр╕Др╕зр╕▓р╕бр╕кр╕╕р╕Вр╕Бр╣Ир╕нр╕Щр╕Щр╕░тАЛ р╣Ар╕Фр╕╡р╣Лр╕вр╕зр╕бр╕▓тАЛ 
11,р╕Цр╣Йр╕▓р╣Гр╕Др╕гр╣Ар╕ер╣Ир╕Щр╣Ар╕Бр╕бр╕гр╣Йр╕▓р╕Щр╕лр╕бр╣Йр╕нр╣Др╕Яр╣Бр╕лр╣Ир╕Зр╕Др╕зр╕▓р╕бр╕кр╕╕р╕Вр╕нр╕вр╕╣р╣И р╕нр╕вр╕▓р╕Бр╣Бр╕Щр╕░р╕Щр╕│р╣Ар╕Бр╕бр╕Щр╕╡р╣Йр╣Ар╕лр╕бр╕╖р╕нр╕Щр╕Бр╕▒р╕Щ р╕кр╕Щр╕╕р╕Бр╕бр╕▓р╕Б р╕Яр╕╡р╕ер╣Ар╕ер╣Ир╕Щр╣Ар╕Юр╕ер╕┤р╕Щр╕Ир╕▒р╕Фр╣Ж р╣Др╕бр╣Ир╕бр╕╡р╣Вр╕Жр╕йр╕Ур╕▓р╕гр╕Ър╕Бр╕зр╕Щр╕Цр╣Йр╕▓р╣Др╕бр╣Ир╣Др╕Ыр╕Бр╕Фр╕Хр╕▒р╕зр╕Ир╕нр╣Вр╕Чр╕гр╕Чр╕▒р╕ир╕Щр╣Мр╕Чр╕╡р╣Ир╕Ир╕░р╣Вр╕Ьр╕ер╣Ир╕бр╕▓р╕Хр╕гр╕Зр╕бр╕╕р╕бр╕Вр╕зр╕▓р╕Ър╕Щ р╕Хр╕▒р╕зр╕Бр╕▓р╕гр╣Мр╕Хр╕╣р╕Щр╕Др╕╕р╕Ур╕вр╕▓р╕вр╕Чр╕│р╕нр╕▓р╕лр╕▓р╕гр╣Вр╕Др╕Хр╕гр╕Щр╣Ир╕▓р╕гр╕▒р╕Б555555 
12,р╕Бр╕╕р╣Др╕бр╣Ир╕Щр╣Ир╕▓р╣Вр╕лр╕ер╕Фр╣Ар╕Бр╕бр╕гр╣Йр╕▓р╕Щр╕лр╕бр╣Йр╕нр╣Др╕Яр╣Бр╕лр╣Ир╕Зр╕Др╕зр╕▓р╕бр╕кр╕╕р╕Вр╕бр╕▓р╣Ар╕ер╣Ир╕Щр╣Ар╕ер╕в 5555555 р╣Ар╕кр╕╡р╕вр╕Зр╕▓р╕Щр╣Ар╕кр╕╡р╕вр╕Бр╕▓р╕гр╕лр╕бр╕Фр╣Бр╕ер╣Йр╕з
13,р╕кр╣Ир╕нр╕Зр╣Бр╕Чр╣Зр╕Бр╕гр╣Йр╕▓р╕Щр╕лр╕бр╣Йр╕нр╣Др╕Яр╣Бр╕лр╣Ир╕Зр╕Др╕зр╕▓р╕бр╕кр╕╕р╕В р╕гр╣Йр╕▓р╕Щр╕Др╕Щр╕нр╕╖р╣Ир╕Щр╕вр╕┤р╣Ир╕Зр╣Гр╕лр╕Нр╣Ир╕лр╕гр╕╣р╕лр╕гр╕▓р╕бр╕▓р╕Б р╕кр╣Ир╕зр╕Щр╕гр╣Йр╕▓р╕Щр╣Ар╕гр╕▓р╕вр╕▒р╕Зр╣Бр╕Ър╕Ър╕Ир╕╕р╣Кр╕Щр╕╕р╣Кр╣Жр╕Щр╣Йр╕нр╕вр╣Жр╕нр╕вр╕╣р╣Ир╣Ар╕гр╕в р╕Чр╕▒р╣Йр╕Зр╕Чр╕╡р╣Ир╣Ар╕ер╣Ир╕Щр╕бр╕▓р╕Щр╕▓р╕Щр╣Бр╕ер╣Йр╕зр╕Щр╕░р╣Ар╕нр╕▓р╕Фр╕╡р╣Ж  р╣Ар╕Др╣Йр╕▓р╣Ар╕Бр╣Ир╕Зр╕Бр╕▒р╕Щр╕Ир╕╕р╕З
14,@earnrskpc р╕ар╕▓р╕йр╕▓р╣Др╕Чр╕вр╕бр╕▒р╕Щр╕Кр╕╖р╣Ир╕нр╕зр╣Ир╕▓р╕гр╣Йр╕▓р╕Щр╕лр╕бр╣Йр╕нр╣Др╕Яр╣Бр╕лр╣Ир╕Зр╕Др╕зр╕▓р╕бр╕кр╕╕р╕В р╕Ир╣Кр╕░
15,@mtsnciiwx р╕гр╣Йр╕▓р╕Щр╕лр╕бр╣Йр╕нр╣Др╕Яр╣Бр╕лр╣Ир╕Зр╕Др╕зр╕▓р╕бр╕кр╕╕р╕В
16,@J4YZE11x_ р╕гр╣Йр╕▓р╕Щр╕лр╕бр╣Йр╕нр╣Др╕Яр╣Бр╕лр╣Ир╕Зр╕Др╕зр╕▓р╕бр╕кр╕╕р╕В р╕бр╕▓р╣Ар╕ер╣Ир╕Щр╕Бр╕▒р╕Щр╕Щ
17,р╣Вр╕лр╕ер╕Фр╣Бр╕ер╣Йр╕зр╣Бр╕Хр╣Ир╕вр╕▒р╕Зр╣Др╕бр╣Ир╣Ар╕ер╣Ир╕Щ р╕Вр╕нр╕нр╕▒р╕Юр╣Ар╕Бр╕Щр╕Кр╕┤р╕Щр╣Ар╕Ыр╣Зр╕Щ 16 р╕Бр╣Ир╕нр╕Щ р╣Др╕Ыр╕Чр╕╡р╕ер╕░р╣Ар╕Бр╕б my hero the strongest hero р╕Щр╕╕р╣Ар╕Хр╕┤р╕бр╕Чр╕┤р╣Йр╕Зр╣Др╕зр╣Й р╕Бр╕▓р╕Кр╕▓р╕вр╕▒р╕Зр╣Др╕бр╣Ир╣Др╕Ыр╕Бр╕Фр╣Ар╕ер╕в  #.р╕гр╣Йр╕▓р╕Щр╕лр╕бр╣Йр╕нр╣Др╕Яр╣Бр╕лр╣Ир╕Зр╕Др╕зр╕▓р╕бр╕кр╕╕р╕В
18,р╕Цр╣Йр╕▓р╕Ьр╕бр╕бр╕╡р╣Бр╕Яр╕Щр╕Бр╣Ир╕нр╕Щр╕кр╕┤р╣Йр╕Щр╕Ыр╕╡р╕Ьр╕бр╕Ир╕░........ЁЯе╣
19,р╕Ър╕┤р╕зр╣Вр╕лр╕ер╕Фр╕гр╣Йр╕▓р╕Щр╕лр╕бр╣Йр╕нр╣Др╕Яр╣Бр╕лр╣Ир╕Зр╕Др╕зр╕▓р╕бр╕кр╕╕р╕Вр╕бр╕▓р╣Ар╕ер╣Ир╕Щр╕вр╕▒р╕З
20,@Jaruwan85058437 р╕гр╣Йр╕▓р╕Щр╕лр╕бр╣Йр╕нр╣Др╕Яр╣Бр╕лр╣Ир╕Зр╕Др╕зр╕▓р╕бр╕кр╕╕р╕Вр╕Др╣Ир╕░
21,р╕Хр╕нр╕Щр╕Щр╕╡р╣Йр╣Ар╕зр╕ер╕▓р╣Др╕бр╣Ир╕гр╕╣р╣Йр╕Ир╕░р╕Др╕╕р╕вр╣Др╕гр╕Бр╕▒р╕Ър╣Гр╕Др╕гр╕Бр╕╕р╕лр╕ер╕нр╕Бр╣Гр╕лр╣Йр╣Др╕Ыр╣Вр╕лр╕ер╕Фр╕гр╣Йр╕▓р╕Щр╕лр╕бр╣Йр╕нр╣Др╕Яр╣Бр╕лр╣Ир╕Зр╕Др╕зр╕▓р╕бр╕кр╕╕р╕Вр╕бр╕▓р╣Ар╕ер╣Ир╕Щр╕лр╕бр╕Фр╣Ар╕ер╕вр╕нр╣Ир╕░ 555 р╕бр╕▓р╕Щр╕▒р╣Ир╕Зр╣Ар╕Ыр╣Зр╕Щр╣Ар╕Цр╣Йр╕▓р╣Бр╕Бр╣ИтАЛр╣Ар╕Щр╕╡р╣Кр╕вр╕░тАЛр╣Ар╕Зр╕╡р╕вр╕Ър╣Ж р╕Фр╣Йр╕зр╕вр╕Бр╕▒р╕Щр╣Ар╕Цр╕нр╕░
22,р╕нр╕вр╕▓р╕Бр╕бр╕╡р╣Ар╕Зр╕┤р╕Щр╣Ар╕вр╕нр╕░р╣Ж р╕Ир╕░р╕Ир╣Йр╕▓р╕Зр╕Юр╕Щр╕▒р╕Бр╕Зр╕▓р╕Щр╣Гр╕Щр╕гр╣Йр╕▓р╕Щр╕лр╕бр╣Йр╕нр╣Др╕Яр╣Бр╕лр╣Ир╕Зр╕Др╕зр╕▓р╕бр╕кр╕╕р╕Вр╣Ар╕вр╕нр╕░р╣Ж р╕ор╣Ир╕▓р╣Жр╣Жр╣Ж
23,@NNapharat р╕гр╣Йр╕▓р╕Щр╕лр╕бр╣Йр╕нр╣Др╕Яр╣Бр╕лр╣Ир╕Зр╕Др╕зр╕▓р╕бр╕кр╕╕р╕Вр╕Др╣Ир╕░ р╕Бр╕│р╕ер╕▒р╕Зр╕ор╕┤р╕Хр╕Хр╕нр╕Щр╕Щр╕╡р╣Й
24,@fern43479296 р╕гр╣Йр╕▓р╕Щр╕лр╕бр╣Йр╕нр╣Др╕Яр╣Бр╕лр╣Ир╕Зр╕Др╕зр╕▓р╕бр╕кр╕╕р╕В
25,р╕гр╣Йр╕▓р╕Щр╕лр╕бр╣Йр╕нр╣Др╕Яр╣Бр╕лр╣Ир╕Зр╕Др╕зр╕▓р╕бр╕кр╕╕р╕Вр╕кр╕гр╣Йр╕▓р╕Зр╣Ар╕гр╕╖р╣Ир╕нр╕Зр╕ер╕░ р╣Ар╕Бр╕бр╕Щр╣Ир╕▓р╕гр╣Йр╕▓р╕Бр╕Бр╕Бр╕Бр╕Б р╣Ар╕ер╣Ир╕Щр╕Зр╣Ир╕▓р╕вр╣Ар╕лр╕бр╕▓р╕░р╕Бр╕▒р╕Ър╕Кр╕▓р╕зр╣Ар╕гр╕▓ р╣Др╕бр╣Ир╕Лр╕▒р╕Ър╕Лр╣Йр╕нр╕Щ
26,р╕нр╕▒р╕Юр╣Ар╕Фр╕Чр╕Бр╕┤р╕Ир╕Бр╕▓р╕гр╕гр╣Йр╕▓р╕Щр╕лр╕бр╣Йр╕нр╣Др╕Яр╣Бр╕лр╣Ир╕Зр╕Др╕зр╕▓р╕бр╕кр╕╕р╕В  
27,"р╕нр╕▓р╕вр╕╕ 30 р╣Бр╕ер╣Йр╕з
р╣Ар╕Чр╕гр╕Фр╕лр╕╕р╣Йр╕Щр╕лр╕▓р╣Ар╕Зр╕┤р╕Щр╣Ар╕Юр╕┤р╣Ир╕б
р╕гр╣Йр╕▓р╕Щр╕лр╕бр╣Йр╕нр╣Др╕Яр╣Бр╕лр╣Ир╕Зр╕Др╕зр╕▓р╕бр╕кр╕╕р╕В

р╕Бр╕│р╕ер╕▒р╕Зр╕Ир╣Йр╕▓р╕Зр╣Ар╕Кр╕Яр╣Ар╕Юр╕┤р╣Ир╕бр╕ор╣Ир╕░5555555555555555555"
28,@ko_leeee р╣Ар╕Бр╕бр╕Кр╕╖р╣Ир╕нр╕гр╣Йр╕▓р╕Щр╕лр╕бр╣Йр╕нр╣Др╕Яр╣Бр╕лр╣Ир╕Зр╕Др╕зр╕▓р╕бр╕кр╕╕р╕В р╣Ар╕Ыр╕Щр╕Щр╕▒р╕Бр╕Шр╕╕р╕гр╕Бр╕┤р╕Ир╕гр╣Йр╕нр╕вр╕ер╣Йр╕▓р╕Щр╣Ар╕Ыр╕┤р╕Фр╕гр╣Йр╕▓р╕Щр╕лр╕бр╣Йр╕нр╣Др╕Я р╕Бр╕╕р╣Ар╕гр╣Ир╕Щр╕нр╕вр╕╕р╣И
29,@chazloqze р╕Ир╕▓р╣Ар╕ер╣Ир╕Щр╕гр╣Йр╕▓р╕Щр╕лр╕бр╣Йр╕нр╣Др╕Яр╣Бр╕лр╣Ир╕Зр╕Др╕зр╕▓р╕бр╕кр╕╕р╕Вр╣Ар╕ер╕в р╣Ар╕Юр╕ер╕┤р╕Щр╕Фр╕╡ р╣Ар╕Шр╕нр╕ер╕нр╕Зр╣Др╕Ыр╣Ар╕ер╣Ир╕Щр╕Щр╕░р╕Др╕░
30,р╕лр╕Щр╕╡р╕Ыр╕▓р╕Чр╕╣р╕бр╕▓р╣Ар╕ер╣Ир╕Щр╣Ар╕Бр╕бр╕Щр╕╡р╣Йр╕Фр╕╡р╕Бр╕зр╣Ир╕▓ #.р╕гр╣Йр╕▓р╕Щр╕лр╕бр╣Йр╕нр╣Др╕Яр╣Бр╕лр╣Ир╕Зр╕Др╕зр╕▓р╕бр╕кр╕╕р╕В
31,р╕гр╣Йр╕▓р╕Щр╕лр╕бр╣Йр╕нр╣Др╕Яр╣Бр╕лр╣Ир╕Зр╕Др╕зр╕▓р╕бр╕кр╕╕р╕Вр╕бр╕▒р╕Щр╕кр╕Щр╕╕р╕Бр╣Ар╕лр╕гр╕н р╕Др╕▒р╕вр╣Вр╕лр╕ер╕Фр╕бр╕▓р╣Бр╕гр╣Йр╕зр╕Ър╣Йр╕▓р╕З
32,р╕Юр╣Йр╕бр╕бр╕▓р╕ер╕░ р╕нр╕┤р╕Щр╕Хр╕╕р╕Щр╕бр╕▓р╕Бр╕┤р╕Щр╕гр╣Йр╕▓р╕Щр╕Щр╕╡р╣Йр╣Ар╕гр╕з #.р╕гр╣Йр╕▓р╕Щр╕лр╕бр╣Йр╕нр╣Др╕Яр╣Бр╕лр╣Ир╕Зр╕Др╕зр╕▓р╕бр╕кр╕╕р╕В 
33,#.р╕гр╣Йр╕▓р╕Щр╕лр╕бр╣Йр╕нр╣Др╕Яр╣Бр╕лр╣Ир╕Зр╕Др╕зр╕▓р╕бр╕кр╕╕р╕В р╣Бр╕Чр╣Зр╕Бр╕Щр╕╡р╣Йр╕Чр╕│р╣Гр╕лр╣Йр╕гр╕╣р╣Йр╕зр╣Ир╕▓р╣Др╕бр╣Ир╣Гр╕Кр╣Ир╕Кр╕▒р╣Йр╕Щр╕Др╕Щр╣Ар╕Фр╕╡р╕вр╕зр╕Чр╕╡р╣Ир╣Др╕бр╣Ир╣Др╕Фр╣Йр╕Щр╕нр╕Щ
34,р╕Щр╕╡р╣Ир╕Кр╕нр╕Ър╣Ар╕ер╣Ир╕Щр╣Ар╕Бр╕бр╕Кр╕нр╕Ър╣Бр╕Щр╕зр╕Кр╕┤р╕зр╣Жр╣Бр╕Хр╣Ир╕Бр╕┤р╕Щр╣Ар╕зр╕ер╕▓р╕Кр╕╡р╕зр╕┤р╕Х5555 р╕Щр╕нр╕Бр╕Ир╕▓р╕Бр╣Ар╕Бр╕бр╕гр╣Йр╕▓р╕Щр╕лр╕бр╣Йр╕нр╣Др╕Яр╣Бр╕лр╣Ир╕Зр╕Др╕зр╕▓р╕бр╕кр╕╕р╕Вр╕Чр╕╡р╣Ир╕Бр╕│р╕ер╕▒р╕Зр╕ор╕┤р╕Хр╕Кр╣Ир╕зр╕Зр╕Щр╕╡р╣Й р╣Бр╕Щр╕░р╕Щр╕│р╕нр╕╡р╕Б4р╣Ар╕Бр╕бр╕Щр╕╡р╣Йр╣Ар╕ер╕в р╕ар╕▓р╕Юр╣Гр╕Щр╣Ар╕Бр╕бр╕Бр╣Зр╕Щр╣Ир╕▓р╕гр╕▒р╕Бр╣Бр╕Щр╕зр╣Ар╕Ыр╕┤р╕Фр╕гр╣Йр╕▓р╕Щр╕нр╕▓р╕лр╕▓р╕г р╣Ар╕Ыр╕┤р╕Фр╣Вр╕гр╕Зр╣Бр╕гр╕б р╕Хр╕Бр╣Бр╕Хр╣Ир╕З 
35,р╕гр╣Йр╕▓р╕Щр╕лр╕бр╣Йр╕нр╣Др╕Яр╣Бр╕лр╣Ир╕Зр╕Др╕зр╕▓р╕бр╕кр╕╕р╕В р╕нр╕вр╕╣р╣Ир╕Фр╕╡р╣Жр╕Бр╣Зр╣Бр╕бр╕кр╣Ар╕Юр╕гр╕▓р╕░р╣Др╕гр╕нр╕░
36,р╕Чр╕╡р╣Ир╕лр╕▓р╕вр╣Др╕Ыр╕Ир╕▓р╕Бр╕Чр╕зр╕┤р╕Хр╕Кр╣Ир╕зр╕Зр╕Щр╕╡р╣Й р╣Ар╕Юр╕гр╕▓р╕░р╣Др╕Ыр╣Ар╕Эр╣Йр╕▓р╕Яр╣Йр╕▓р╕Эр╕Щ р╕Бр╕▒р╕Ъ р╕Хр╕┤р╕Фр╣Ар╕Бр╕бр╕кр╣М р╕Др╣Ир╕░р╕Др╕╕р╕Ур╕Ьр╕╣р╣Йр╕Кр╕б 555555 р╕гр╣Йр╕▓р╕Щр╕лр╕бр╣Йр╕нр╣Др╕Яр╣Бр╕лр╣Ир╕Зр╕Др╕зр╕▓р╕бр╕кр╕╕р╕В р╣Ар╕ер╣Ир╕Щр╣Ар╕Юр╕ер╕┤р╕Щр╕бр╕▓р╕Бр╣Бр╕бр╣И р╕Кр╕нр╕Ър╣Ар╕лр╕ер╕╖р╕нр╣Ар╕Бр╕┤р╕Щ
37,@J4OKH4RJ р╕Кр╕╖р╣Ир╕нр╣Др╕Чр╕вр╕зр╣Ир╕▓р╕гр╣Йр╕▓р╕Щр╕лр╕бр╣Йр╕нр╣Др╕Яр╣Бр╕лр╣Ир╕Зр╕Др╕зр╕▓р╕бр╕кр╕╕р╕Вр╕Др╕гр╕▒р╕Ъ
38,р╕гр╣Йр╕▓р╕Щр╕лр╕бр╣Йр╕нр╣Др╕Яр╣Бр╕лр╣Ир╕Зр╕Др╕зр╕▓р╕бр╕кр╕╕р╕В = р╕зр╕▒р╕вр╕гр╕╕р╣Ир╕Щр╕кр╕гр╣Йр╕▓р╕Зр╕Хр╕▒р╕з
39,р╕бр╕╡р╣Бр╕Хр╣Ир╕Др╕Щр╣Ар╕ер╣Ир╕Щ #.р╕гр╣Йр╕▓р╕Щр╕лр╕бр╣Йр╕нр╣Др╕Яр╣Бр╕лр╣Ир╕Зр╕Др╕зр╕▓р╕бр╕кр╕╕р╕В
40,р╕гр╣Йр╕▓р╕Щр╕лр╕бр╣Йр╕нр╣Др╕Яр╣Бр╕лр╣Ир╕Зр╕Др╕зр╕▓р╕бр╕кр╕╕р╕В р╣Ар╕Ир╕нр╕Бр╕▒р╕Щр╕лр╕Щр╣Ир╕нр╕вр╕бр╕▒р╣Ир╕вр╕ер╣Ир╕▓р╕▓р╕▓р╕▓
41,р╣Ар╕Ир╕нр╣Бр╕Хр╣Ир╕гр╣Йр╕▓р╕Щр╕лр╕бр╣Йр╕нр╣Др╕Яр╣Бр╕лр╣Ир╕Зр╕Др╕зр╕▓р╕бр╕кр╕╕р╕В5555
42,р╣Бр╕зр╕░р╣Бр╕бр╕Др╣Вр╕Др╕гр╣Бр╕бр╕Др╣Гр╕И р╕Лр╕╖р╣Йр╕нр╕Вр╕нр╕Зр╣Ар╕Вр╣Йр╕▓р╕гр╣Йр╕▓р╕Щр╕лр╕бр╣Йр╕нр╣Др╕Яр╣Бр╕лр╣Ир╕Зр╕Др╕зр╕▓р╕бр╕кр╕╕р╕Вр╕Бр╣Ир╕нр╕Щ #Nookpai_MakroCMI
43,р╕Хр╕╣р╣Йр╣Ар╕Бр╕бр╣Гр╕Щр╣Ар╕Бр╕бр╕гр╣Йр╕▓р╕Щр╕лр╕бр╣Йр╕нр╣Др╕Яр╣Бр╕лр╣Ир╕Зр╕Др╕зр╕▓р╕бр╕кр╕╕р╕Вр╕бр╕▒р╕Щр╣Ар╕Вр╣Йр╕▓р╣Др╕Зр╕Щр╕░р╕Зр╕Зр╕бр╕▓р╕Бр╕лр╕▓р╣Др╕бр╣Ир╣Ар╕Ир╕н
44,р╕гр╣Йр╕▓р╕Щр╕лр╕бр╣Йр╕нр╣Др╕Яр╣Бр╕лр╣Ир╕Зр╕Др╕зр╕▓р╕бр╕кр╕╕р╕Вр╣Бр╕бр╣Ир╕Зр╕Фр╕╣р╕Фр╣Ар╕зр╕ер╕▓р╕Кр╕╡р╕зр╕┤р╕Хр╕бр╕▓р╕Б р╕Кр╣Ир╕зр╕вр╕Фр╣Йр╕зр╕в
45,р╕Чр╕│р╕гр╣Йр╕▓р╕Щр╕нр╕▓р╕лр╕▓р╕гр╕Щр╕╡р╣Ир╣Ар╕лр╕Щр╕╖р╣Ир╕нр╕вр╕Щр╕░ р╕вр╕╖р╕Щр╕вр╕▒р╕Щр╕Ир╕▓р╕Бр╕Бр╕▓р╕гр╣Ар╕Ыр╣Зр╕Щр╣Ар╕Ир╣Йр╕▓р╕Вр╕нр╕Зр╕гр╣Йр╕▓р╕Щр╕лр╕бр╣Йр╕нр╣Др╕Яр╣Бр╕лр╣Ир╕Зр╕Др╕зр╕▓р╕бр╕кр╕╕р╕В
46,"р╣Вр╕лр╕ер╕Фр╕бр╕▓р╕ер╕░ р╣Бр╕Хр╣Ир╕вр╕▒р╕Зр╕Ър╣Ир╕ер╕нр╕З
#.р╕гр╣Йр╕▓р╕Щр╕лр╕бр╣Йр╕нр╣Др╕Яр╣Бр╕лр╣Ир╕Зр╕Др╕зр╕▓р╕бр╕кр╕╕р╕В"
47,р╣Ар╕Бр╕бр╕гр╣Йр╕▓р╕Щр╕лр╕бр╣Йр╕нр╣Др╕Яр╣Бр╕лр╣Ир╕Зр╕Др╕зр╕▓р╕бр╕кр╕╕р╕В р╕кр╕Щр╕╕р╕Бр╕Ир╕гр╕┤р╕Зр╣Жр╕Щр╕░ р╕Щр╕╡р╣Йр╕лр╕ер╕Зр╣Др╕Ыр╣Ар╕ер╣Ир╕Щр╕Др╕╖р╕нр╕Хр╕┤р╕Фр╣Ар╕ер╕в р╕Хр╕нр╕Щр╕Чр╕│р╕Зр╕▓р╕Щр╕Бр╣Зр╣Ар╕Вр╣Йр╕▓р╣Ар╕Бр╕бр╣Др╕зр╣Йр╕Хр╕ер╕нр╕Фр╣Ар╕ер╕в55555 р╕Хр╕нр╕Щр╣Др╕бр╣Ир╕бр╕╡р╣Ар╕зр╕ер╕▓р╕нр╕▒р╕Юр╣Ар╕зр╕е р╕Бр╣Зр╣Ар╕Вр╣Йр╕▓р╣Ар╕Бр╣Зр╕Ър╣Ар╕Юр╕Кр╕гр╕Фр╣Йр╕зр╕вр╕Бр╕▓р╕гр╕Фр╕╣р╣Вр╕Жр╕йр╕Ур╕▓р╣Ар╕Юр╕╖р╣Ир╕нр╕бр╕▓р╣Др╕зр╣Йр╣Бр╕ер╕Бр╕Вр╕нр╕З р╕кр╕Щр╕╕р╕Бр╕Ир╕гр╕┤р╕Зр╣Жр╣Ж 
48,@PSoraya2527 р╕гр╣Йр╕▓р╕Щр╕лр╕бр╣Йр╕нр╣Др╕Яр╣Бр╕лр╣Ир╕Зр╕Др╕зр╕▓р╕бр╕кр╕╕р╕В
49,р╣Ар╕Бр╕бр╕Щр╕╡р╣Йр╣Ар╕Зр╕┤р╕Щр╣Ар╕Яр╣Йр╕нр╕лр╕Щр╕▒р╕Бр╕бр╕▓р╕Б55555#р╕гр╣Йр╕▓р╕Щр╕лр╕бр╣Йр╕нр╣Др╕Яр╣Бр╕лр╣Ир╕Зр╕Др╕зр╕▓р╕бр╕кр╕╕р╕В
50,"р╣Ар╕Вр╣Йр╕▓р╣Др╕Ыр╕кр╣Ир╕нр╕Зр╣Бр╕Чр╣Зр╕Бр╣Бр╕ер╣Йр╕зр╕кр╕▒р╣Ир╕Щр╣Ж р╕Бр╕╕р╕нр╕вр╕▓р╕Бр╣Ар╕Ыр╣Зр╕Щр╕зр╕▒р╕вр╕гр╕╕р╣Ир╕Щр╕Юр╕▒р╕Щр╕ер╣Йр╕▓р╕Щр╣Др╕бр╣Ир╣Др╕лр╕зр╣Бр╕ер╣Йр╕зр╕зр╕зр╕з 
#.р╕гр╣Йр╕▓р╕Щр╕лр╕бр╣Йр╕нр╣Др╕Яр╣Бр╕лр╣Ир╕Зр╕Др╕зр╕▓р╕бр╕кр╕╕р╕В"
51,@TTNIMMMM_ р╕Юр╕нр╕Фр╕╡р╣Ар╕Ыр╣Зр╕Щр╕Щр╕▒р╕Бр╕Шр╕╕р╕гр╕Бр╕┤р╕Ир╕гр╣Йр╕▓р╕Щр╕лр╕бр╣Йр╕нр╣Др╕Яр╣Бр╕лр╣Ир╕Зр╕Др╕зр╕▓р╕бр╕кр╕╕р╕Вр╕нр╕вр╕╣р╣Ир╕Др╣Ир╕░
52,р╕нр╕вр╕▓р╕Бр╕ер╕нр╕Зр╣Вр╕лр╕ер╕Фр╕бр╕▓р╣Ар╕ер╣Ир╕Щр╕Ър╣Йр╕▓р╕Зр╣Бр╕Хр╣Ир╕Бр╕ер╕▒р╕зр╕Ир╕░р╣Др╕бр╣Ир╕Чр╕│р╕нр╕░р╣Др╕гр╣Ар╕ер╕в р╣Ар╕ер╕вр╕вр╕▒р╕Ър╕вр╕▒р╣Йр╕Зр╕нр╕вр╕╣р╣И #.р╕гр╣Йр╕▓р╕Щр╕лр╕бр╣Йр╕нр╣Др╕Яр╣Бр╕лр╣Ир╕Зр╕Др╕зр╕▓р╕бр╕кр╕╕р╕В
53,@little_Tuan93 р╕Бр╕╡р╣Йр╕Фр╕Фр╕Фр╕Ф р╕Ир╕▒р╕Фр╣Др╕Ыр╣Ар╕ер╕вр╕Др╣Ир╕░ р╕Юр╕┤р╕бр╕Юр╣Мр╣Др╕Ыр╕зр╣Ир╕▓ my hotpot story р╕бр╕▒р╕Щр╕Ир╕░р╕Вр╕╢р╣Йр╕Щр╕зр╣Ир╕▓ р╕гр╣Йр╕▓р╕Щр╕лр╕бр╣Йр╕нр╣Др╕Яр╣Бр╕лр╣Ир╕Зр╕Др╕зр╕▓р╕бр╕кр╕╕р╕В 55555
54,р╣Вр╕Фр╕Щр╣Бр╕Яр╕Щр╣Ар╕Юр╕╖р╣Ир╕нр╕Щр╕ер╣Ир╕нр╕Лр╕╖р╣Йр╕нр╣Гр╕лр╣Йр╣Ар╕ер╣Ир╕Щр╕гр╣Йр╕▓р╕Щр╕лр╕бр╣Йр╕нр╣Др╕Яр╣Бр╕лр╣Ир╕Зр╕Др╕зр╕▓р╕бр╕кр╕╕р╕В р╕ер╣Ир╕▓р╕кр╕╕р╕Фр╣Др╕бр╣Ир╣Др╕Фр╣Йр╕Чр╕│р╕нр╕░р╣Др╕гр╣Ар╕ер╕в р╕Щр╕▒р╣Ир╕Зр╣Ар╕ер╣Ир╕Щр╕Чр╕▒р╣Йр╕Зр╕зр╕▒р╕Щ
55,р╕кр╕┤р╕Зр╕нр╕вр╕╣р╣Ир╣Гр╕Щр╕гр╣Йр╕▓р╕Щр╕лр╕бр╣Йр╕нр╣Др╕Яр╣Бр╕лр╣Ир╕Зр╕Др╕зр╕▓р╕бр╕кр╕╕р╕В
56,р╕Йр╕▒р╕Щр╕Хр╕╖р╣Ир╕Щр╕бр╕▓р╣Ар╕Ыр╕┤р╕Фр╕гр╣Йр╕▓р╕Щр╕лр╕бр╣Йр╕нр╣Др╕Яр╣Бр╕лр╣Ир╕Зр╕Др╕зр╕▓р╕бр╕кр╕╕р╕Вр╕ер╕░
57,@Moon30431657 р╣Бр╕Щр╣Ир╕░р╕кр╕Щр╣Гр╕Ир╕ер╣Ир╕░р╕кр╕┤р╕Бр╣Йр╕нр╕Щ р╕бр╕▓р╣Ар╕Ыр╣Зр╕Щр╣Ар╕Ир╣Йр╕▓р╕Вр╕нр╕Зр╕гр╣Йр╕▓р╕Щр╕Бр╕▒р╕Щ р╕гр╣Йр╕▓р╕Щр╕лр╕бр╣Йр╕нр╣Др╕Яр╣Бр╕лр╣Ир╕Зр╕Др╕зр╕▓р╕бр╕кр╕╕р╕В р╣Др╕Ыр╕Ир╕▒р╕Фр╣Ар╕Юр╕ер╕┤р╕Щр╕Фр╕╡555555
58,р╣Ар╕нр╕▓р╕Бр╕╣р╕нр╕нр╕Бр╕Ир╕▓р╕Бр╣Ар╕Бр╕бр╕гр╣Йр╕▓р╕Щр╕лр╕бр╣Йр╕нр╣Др╕Яр╣Бр╕лр╣Ир╕Зр╕Др╕зр╕▓р╕бр╕кр╕╕р╕Вр╕Чр╕╡ р╕Зр╕▓р╕Щр╕Бр╕▓р╕гр╕Ир╕░р╣Др╕бр╣Ир╣Ар╕кр╕гр╣Зр╕Ир╕ер╕░р╣Ар╕Щр╕╡р╣Ир╕в
59,р╕Хр╕┤р╕Фр╣Ар╕Бр╕бр╕гр╣Йр╕▓р╕Щр╕лр╕бр╣Йр╕нр╣Др╕Яр╣Бр╕лр╣Ир╕Зр╕Др╕зр╕▓р╕бр╕кр╕╕р╕В
60,"@lornorr @myyuhha р╕Кр╕╖р╣Ир╕нр╣Ар╕Бр╕б""р╕гр╣Йр╕▓р╕Щр╕лр╕бр╣Йр╕нр╣Др╕Яр╣Бр╕лр╣Ир╕Зр╕Др╕зр╕▓р╕бр╕кр╕╕р╕В""р╕Др╣Ир╕▓ "
61,р╕гр╣Йр╕▓р╕Щр╕лр╕бр╣Йр╕нр╣Др╕Яр╣Бр╕лр╣Ир╕Зр╕Др╕зр╕▓р╕бр╕кр╕╕р╕В р╣Бр╕бр╕кр╕Ир╕┤р╕Зр╕зр╣Ир╕░ р╣Ар╕нр╕н р╣Ар╕Бр╣Ир╕Зр╕нр╕░р╕Кр╕▓р╕зр╣Ар╕Щр╣Йр╕Х
62,@me_whdthatme @TarotYouuuu @beyourmorning р╕гр╣Йр╕▓р╕Щр╕лр╕бр╣Йр╕нр╣Др╕Яр╣Бр╕лр╣Ир╕Зр╕Др╕зр╕▓р╕бр╕кр╕╕р╕Вр╕Др╕гр╕▒р╕Ъ
63,р╕гр╣Йр╕▓р╕Щр╕лр╕бр╣Йр╕нр╣Др╕Яр╣Бр╕лр╣Ир╕Зр╕Др╕зр╕▓р╕бр╕кр╕╕р╕Вр╕Чр╕│р╕Кр╕╡р╕ер╕░ р╕Бр╕╕р╣Ар╕ер╣Ир╕Щр╕вр╕▓р╕зр╕бр╕▓ 5 р╕Кр╕▒р╣Ир╕зр╣Вр╕бр╕Зр╣Бр╕Ър╕Ър╣Др╕бр╣Ир╕Юр╕▒р╕Б
64,@yjsbfacx р╕гр╣Йр╕▓р╕Щр╕лр╕бр╣Йр╕нр╣Др╕Яр╣Бр╕лр╣Ир╕Зр╕Др╕зр╕▓р╕бр╕кр╕╕р╕В р╕Др╕гр╕▒р╕Ъ
65,р╕Кр╣Ир╕зр╕Зр╕Щр╕╡р╣Йр╕Зр╕▓р╕Щр╕Кр╕╕р╕бр╕бр╕▓р╕Бр╣Др╕лр╕Щр╕Ир╕░р╕Бр╕┤р╕Ир╕Бр╕▓р╕гр╕Яр╕▓р╕гр╣Мр╕б р╣Ар╕бр╕╖р╣Ир╕нр╕зр╕▓р╕Щр╕Юр╕╢р╣Ир╕Зр╣Др╕Фр╣Йр╕др╕Бр╕йр╣Мр╣Ар╕Ыр╕┤р╕Фр╕гр╣Йр╕▓р╕Щр╕ор╕нр╕Хр╕Юр╕нр╕Хр╕гр╣Йр╕▓р╕Щр╕лр╕бр╣Йр╕нр╣Др╕Яр╣Бр╕лр╣Ир╕Зр╕Др╕зр╕▓р╕бр╕кр╕╕р╕В р╕Юр╕╕р╕бр╣Гр╕Ир╕ер╕░ р╕нр╕▓р╕вр╕╕р╣Ар╕Чр╣Ир╕▓р╕Щр╕╡р╣Йр╕Ър╕гр╕┤р╕лр╕▓р╕гр╕Зр╕▓р╕Щр╕кр╕нр╕Зр╕Бр╕┤р╕Ир╕Бр╕▓р╕г
66,@PPariyapat2 р╕гр╣Йр╕▓р╕Щр╕лр╕бр╣Йр╕нр╣Др╕Яр╣Бр╕лр╣Ир╕Зр╕Др╕зр╕▓р╕бр╕кр╕╕р╕В р╣Ар╕ер╕вр╕в
67,р╣Ар╕Бр╕бр╕гр╣Йр╕▓р╕Щр╕лр╕бр╣Йр╕нр╣Др╕Яр╣Бр╕лр╣Ир╕Зр╕Др╕зр╕▓р╕бр╕кр╕╕р╕Вр╕кр╕Щр╕╕р╕Бр╕бр╕▓р╕Бр╕Б р╣Ар╕Юр╕ер╕┤р╕Щр╕ер╕╖р╕бр╕бр╕б
68,р╕гр╣Йр╕▓р╕Щр╕лр╕бр╣Йр╕нр╣Др╕Яр╣Бр╕лр╣Ир╕Зр╕Др╕зр╕▓р╕бр╕кр╕╕р╕Вр╕Юр╕Щр╕▒р╕Бр╕Зр╕▓р╕Щр╣Бр╕нр╕Ър╕нр╕╣р╣Йр╣Ар╕вр╕нр╕░р╕бр╕▓р╕Бр╕Щр╕░р╕Др╕░р╣Ар╕Фр╕╡р╣Лр╕вр╕зр╣Др╕бр╣Ир╣Гр╕лр╣Йр╣Ар╕Зр╕┤р╕Щр╣Ар╕Фр╕╖р╕нр╕Щр╣Ар╕Юр╕┤р╣Ир╕бр╣Ар╕ер╕вр╕лр╕Щр╕┤
69,р╕Цр╣Йр╕▓р╕Бр╕╣р╕лр╕▓р╕вр╣Др╕Ы р╕Др╕╖р╕нр╕нр╕вр╕╣р╣Ир╕гр╣Йр╕▓р╕Щр╕лр╕бр╣Йр╕нр╣Др╕Яр╣Бр╕лр╣Ир╕Зр╕Др╕зр╕▓р╕бр╕кр╕╕р╕В
70,@hsdpapaw р╣Ар╕Бр╕бр╕гр╣Йр╕▓р╕Щр╕лр╕бр╣Йр╕нр╣Др╕Яр╣Бр╕лр╣Ир╕Зр╕Др╕зр╕▓р╕бр╕кр╕╕р╕В
71,р╕Цр╣Йр╕▓р╕лр╕▓р╕вр╣Др╕Ы р╕Вр╕нр╣Гр╕лр╣Йр╕гр╕╣р╣Йр╕зр╣Ир╕▓ р╣Др╕Ыр╣Ар╕Ыр╕┤р╕Фр╕гр╣Йр╕▓р╕Щр╕лр╕бр╣Йр╕нр╣Др╕Яр╣Бр╕лр╣Ир╕Зр╕Др╕зр╕▓р╕бр╕кр╕╕р╕В
72,"р╣Гр╕Др╕гр╕Чр╕╡р╣Ир╣Ар╕ер╣Ир╕Щр╣Ар╕Бр╕бр╕гр╣Йр╕▓р╕Щр╕лр╕бр╣Йр╕нр╣Др╕Яр╣Бр╕лр╣Ир╕Зр╕Др╕зр╕▓р╕бр╕кр╕╕р╕В р╕бр╕╡р╣Вр╕Др╣Йр╕Фр╣Гр╕лр╣Йр╣Гр╕кр╣Ир╣Ар╕Юр╕Кр╕гр╕Фр╣Йр╕зр╕вр╕Щр╣Йр╕▓ р╣Гр╕кр╣Ир╕Др╕│р╕зр╣Ир╕▓ food, Hotpot р╣Др╕Фр╣Йр╣Вр╕Др╣Йр╕Фр╣Ар╕Юр╕Кр╕гр╕Яр╕гр╕╡р╣Др╕Ыр╣Ар╕ер╕вр╕вр╕в  #р╣Бр╕нр╕Юр╕Фр╕╡р╕Ър╕нр╕Бр╕Хр╣Ир╕н "
73,@IG_PK21 @KD_ARCHELAUS р╕гр╣Йр╕▓р╕Щр╕лр╕бр╣Йр╕нр╣Др╕Яр╣Бр╕лр╣Ир╕Зр╕Др╕зр╕▓р╕бр╕кр╕╕р╕В
74,р╕кр╣Ир╕Зр╕гр╕╣р╕Ыр╕Чр╕╡р╣Ир╣Ар╕ер╣Ир╕Щр╣Ар╕Бр╕бр╕гр╣Йр╕▓р╕Щр╕лр╕бр╣Йр╕нр╣Др╕Яр╣Бр╕лр╣Ир╕Зр╕Др╕зр╕▓р╕бр╕кр╕╕р╕Вр╣Др╕Ыр╣Гр╕лр╣Йр╣Бр╕Яр╕Щр╣Бр╕ер╣Йр╕зр╕Ър╕нр╕Бр╕зр╣Ир╕▓р╣Гр╕Щр╕Чр╕╡р╣Ир╕кр╕╕р╕Фр╕Кр╕▒р╣Йр╕Щр╕Бр╣Зр╕бр╕╡р╕гр╣Йр╕▓р╕Щр╕нр╕▓р╕лр╕▓р╕гр╣Ар╕Ыр╣Зр╕Щр╕Вр╕нр╕Зр╕Хр╕▒р╕зр╣Ар╕нр╕Зр╕кр╕▒р╕Бр╕Чр╕╡ р╕бр╕▒р╕Щр╕Хр╕нр╕Ър╕бр╕▓р╕кр╕▒р╣Йр╕Щр╣Жр╕Др╕│р╣Ар╕Фр╕╡р╕вр╕зр╕зр╣Ир╕▓ р╕Щр╣Ир╕▓р╕гр╕▒р╕Б р╕Бр╕╣р╕Др╕зр╕гр╕гр╕╣р╣Йр╕кр╕╢р╕Бр╕вр╕▒р╕Зр╣Др╕З
75,р╕лр╕вр╕╕р╕Фр╣Ар╕ер╣Ир╕Щр╕гр╣Йр╕▓р╕Щр╕лр╕бр╣Йр╕нр╣Др╕Яр╣Бр╕лр╣Ир╕Зр╕Др╕зр╕▓р╕бр╕кр╕╕р╕Вр╣Др╕бр╣Ир╣Др╕Фр╣Й 
76,@ppxiana р╣Ар╕Бр╕б my hotpot story р╕Щр╣Ир╕░ р╕Кр╕╖р╣Ир╕нр╣Др╕Чр╕вр╕Др╕╖р╕нр╕гр╣Йр╕▓р╕Щр╕лр╕бр╣Йр╕нр╣Др╕Яр╣Бр╕лр╣Ир╕Зр╕Др╕зр╕▓р╕бр╕кр╕╕р╕В 
77,р╕лр╕▓р╕вр╣Др╕Ыр╣Ар╕Ыр╕┤р╕Фр╕гр╣Йр╕▓р╕Щр╕лр╕бр╣Йр╕нр╣Др╕Яр╣Бр╕лр╣Ир╕Зр╕Др╕зр╕▓р╕бр╕кр╕╕р╕Вр╕бр╕▓ 
78,р╕гр╣Йр╕▓р╕Щр╕лр╕бр╣Йр╕нр╣Др╕Яр╣Бр╕лр╣Ир╕Зр╕Др╕зр╕▓р╕бр╕кр╕╕р╕Вр╕Чр╕│р╣Ар╕гр╕▓р╕лр╣Ир╕▓р╕Зр╕Ир╕▓р╕Бр╕Чр╕зр╕┤р╕Хр╣Др╕Фр╣Й..  3 р╕зр╕▒р╕Щр╣Ар╕Чр╣Ир╕▓р╕Щр╕▒р╣Йр╕Щр╣Ар╕Фр╕░р╕Бр╕ер╕▒р╕Ър╕бр╕▓ р╣Ар╕Юр╕гр╕▓р╕░р╕Щр╣Ир╕▓р╕Ир╕░р╣Ар╕Ър╕╖р╣Ир╕нр╕ер╕░ 
79,р╣Ар╕ер╕┤р╕Бр╣Ар╕ер╣Ир╕Щр╕гр╣Йр╕▓р╕Щр╕лр╕бр╣Йр╕нр╣Др╕Яр╣Бр╕лр╣Ир╕Зр╕Др╕зр╕▓р╕бр╕кр╕╕р╕Вр╣Др╕бр╣Ир╣Др╕Фр╣Й р╕Кр╣Ир╕зр╕вр╕ер╣Йр╕зр╕вр╣Бр╕З
80,р╕Хр╕┤р╕Фр╣Ар╕Бр╕бр╕гр╣Йр╕▓р╕Щр╕лр╕бр╣Йр╕нр╣Др╕Яр╣Бр╕лр╣Ир╕Зр╕Др╕зр╕▓р╕бр╕кр╕╕р╕Вр╕бр╕▓р╕Б р╣Ар╕ер╣Ир╕Щр╕Чр╕▒р╣Йр╕Зр╕зр╕▒р╕Щр╣Бр╕Щр╕░
81,р╕Юр╕зр╕Бр╕Щр╕▓р╕вр╣Ар╕Др╕вр╣Ар╕ер╣Ир╕Щр╣Ар╕Бр╕бр╕гр╣Йр╕▓р╕Щр╕лр╕бр╣Йр╕нр╣Др╕Яр╣Бр╕лр╣Ир╕Зр╕Др╕зр╕▓р╕бр╕кр╕╕р╕Вр╕нр╣Кр╕░р╣Ар╕Ыр╕ер╣Ир╕▓ (._. )
82,@bzfi8q_ р╣Ар╕Бр╕б р╕гр╣Йр╕▓р╕Щр╕лр╕бр╣Йр╕нр╣Др╕Яр╣Бр╕лр╣Ир╕Зр╕Др╕зр╕▓р╕бр╕кр╕╕р╕Вр╕Др╕▒р╕Ъ р╕бр╕▓р╣Ар╕ер╣Ир╕Щр╕Бр╕▒р╕Щ
83,р╕Цр╣Йр╕▓р╕лр╕▓р╕вр╣Др╕Ы р╕Вр╕нр╣Гр╕лр╣Йр╕гр╕╣р╣Йр╕зр╣Ир╕▓ р╣Др╕Ыр╣Ар╕Ыр╕┤р╕Фр╕гр╣Йр╕▓р╕Щр╕лр╕бр╣Йр╕нр╣Др╕Яр╣Бр╕лр╣Ир╕Зр╕Др╕зр╕▓р╕бр╕кр╕╕р╕В
84,@AileenPaipai р╕Кр╕╖р╣Ир╕нр╣Ар╕Бр╕бр╕кр╣М р╕гр╣Йр╕▓р╕Щр╕лр╕бр╣Йр╕нр╣Др╕Яр╣Бр╕лр╣Ир╕Зр╕Др╕зр╕▓р╕бр╕кр╕╕р╕В р╕Др╣Ир╕░ 
85,@titimashi45 р╕гр╣Йр╕▓р╕Щр╕лр╕бр╣Йр╕нр╣Др╕Яр╣Бр╕лр╣Ир╕Зр╕Др╕зр╕▓р╕бр╕кр╕╕р╕В
86,р╕нр╕вр╕▓р╕Бр╣Ар╕Ыр╕┤р╕Фр╕гр╣Йр╕▓р╕Щр╕лр╕бр╣Йр╕нр╣Др╕Яр╣Бр╕лр╣Ир╕Зр╕Др╕зр╕▓р╕бр╕кр╕╕р╕Вр╣Бр╕Ър╕Ър╣Ар╕гр╕╡р╕вр╕ер╣Др╕Чр╕бр╣М
87,@bluecloudpeonie р╕гр╣Йр╕▓р╕Щр╕лр╕бр╣Йр╕нр╣Др╕Яр╣Бр╕лр╣Ир╕Зр╕Др╕зр╕▓р╕бр╕кр╕╕р╕В
88,р╕Кр╕╖р╣Ир╕нр╣Ар╕Бр╕бр╕гр╣Йр╕▓р╕Щр╕лр╕бр╣Йр╕нр╣Др╕Яр╣Бр╕лр╣Ир╕Зр╕Др╕зр╕▓р╕бр╕кр╕╕р╕Вр╕Ир╣Йр╕▓ 
89,р╣Ар╕Бр╕бр╕бр╕╖р╕нр╕Цр╕╖р╕нр╕Чр╕╡р╣Ир╕Бр╕│р╕ер╕▒р╕Зр╕ор╕┤р╕Хр╣Гр╕Щр╕Хр╕нр╕Щр╕Щр╕╡р╣Й! р╕гр╣Йр╕▓р╕Щр╕нр╕▓р╕лр╕▓р╕гр╕лр╕бр╣Йр╕нр╣Др╕Яр╣Бр╕лр╣Ир╕Зр╕Др╕зр╕▓р╕бр╕кр╕╕р╕В р╣Вр╕лр╕ер╕Фр╕бр╕▓р╣Ар╕ер╣Ир╕Щр╣Бр╕Ър╕Ър╕Вр╕│р╣Ж р╣Бр╕Хр╣Ир╣Ар╕ер╣Ир╕Щр╣Др╕Ыр╣Ар╕ер╣Ир╕Щр╕бр╕▓р╣Ар╕Юр╕ер╕┤р╕Щр╕бр╕▓р╕Бр╕Бр╕Б р╕кр╕Щр╕╕р╕Б!! р╣Ар╕гр╕▓р╕Ир╕░р╕бр╕╡р╕гр╣Йр╕▓р╕Щр╕нр╕▓р╕лр╕▓р╕гр╕Ир╕╡р╕Щр╕гр╣Йр╕▓р╕Щр╕Щр╕╢р╕Зр╣Гр╕лр╣Йр╕Ър╕гр╕┤р╕лр╕▓р╕г р╕кр╕▓р╕бр╕▓р╕гр╕Цр╕Хр╕Бр╣Бр╕Хр╣Ир╕Зр╕гр╣Йр╕▓р╕Щр╣Др╕Фр╣Й р╕бр╕╡р╕лр╕ер╕▓р╕вр╕лр╣Йр╕нр╕Зр╣Гр╕лр╣Йр╕Хр╕Бр╣Бр╕Хр╣Ир╕З р╕бр╕╡р╣Ар╕бр╕Щр╕╣р╕нр╕▓р╕лр╕▓р╕гр╕Хр╣Ир╕▓р╕Зр╣Жр╣Гр╕лр╣Йр╕Юр╕▒р╕Тр╕Щр╕▓ р╕бр╕╡р╕Бр╕▓р╕гр╕Ир╣Йр╕▓р╕Зр╕Юр╕Щр╕▒р╕Бр╕Зр╕▓р╕Щ р╕Бр╣Зр╕Др╕╖р╕нр╣Гр╕лр╣Йр╣Ар╕гр╕▓р╕Ър╕гр╕┤р╕лр╕▓р╕гр╕Щр╕▒р╣Ир╕Щр╣Бр╕лр╕ер╕░ р╣Ар╕Юр╕ер╕┤р╕Щр╕Ир╕гр╕┤р╕З #р╕гр╕╡р╕зр╕┤р╕зр╣Ар╕Бр╕бр╕бр╕╖р╕нр╕Цр╕╖р╕н 
90,"р╕Кр╕зр╕Щр╣Ар╕ер╣Ир╕Щ ""My Hotpot Story"" р╕кр╕зр╕бр╕Ър╕Чр╣Ар╕Цр╣Йр╕▓р╣Бр╕Бр╣Ир╕гр╣Йр╕▓р╕Щр╕Кр╕▓р╕Ър╕╣ р╣Ар╕ер╣Ир╕Щр╣Ар╕Юр╕ер╕┤р╕Щр╕Ир╕Щр╕ер╕╖р╕бр╣Ар╕зр╕ер╕▓ - р╣Ар╕Юр╕┤р╣Ир╕бр╣Ар╕Хр╕┤р╕бр╣Др╕Фр╣Йр╕Чр╕╡р╣И  #р╕Вр╣Ир╕▓р╕зр╣Др╕Чр╕в
р╕Кр╕зр╕Щр╣Ар╕ер╣Ир╕Щр╣Ар╕Бр╕бр╣Гр╕лр╕бр╣И My Hotpot Story р╣Бр╕Ыр╕ер╕Зр╕гр╣Ир╕▓р╕Зр╣Ар╕Ыр╣Зр╕Щр╣Ар╕Ир╣Йр╕▓р╕Вр╕нр╕Зр╕гр╣Йр╕▓р╕Щр╕Кр╕▓р╕Ър╕╣ р╕лр╕бр╣Йр╕нр╣Др╕Яр╣Бр╕лр╣Ир╕Зр╕Др╕зр╕▓р╕бр╕кр╕╕р╕В р╣Ар╕Бр╕бр╕ор╕┤р╕Хр╣Ар╕Фр╕╖р╕нр╕Щр╕Хр╕╕р╕ер╕▓р╕Др╕б 2022 р╣Ар╕ер╣Ир╕Щр╣Ар╕Юр╕ер╕┤р╕Щр╣Бр╕Ър╕Ър╣Др╕бр╣Ир╕бр╕╡р╣Вр╕Жр╕йр╕Ур╕▓р╕бр╕▓р╕Бр╕▒р╣Йр╕Щ

р╣Др╕бр╣Ир╣Ар╕ер╣Ир╕Щр╣Др╕бр╣Ир╣Др╕Фр╣Йр╕Ир╕гр╕┤р╕З р╣Ж р╕Щр╣Ар╕зр╕ер╕▓р╕Щр╕╡..."
91,"р╕Чр╕╕р╕Бр╕Др╕Щр╕Щр╕Щр╕Щр╕Щр╕Щр╕Щр╕Щр╕Щр╕Щ р╣Ар╕Бр╕бр╕бр╕Щр╕╡р╣Ир╕Др╕╖р╕нр╣Бр╕Ър╕Ъ ..
р╣Ар╕Юр╕ер╕┤р╕Щр╕бр╕▓р╕Бр╕Бр╕Бр╕Б р╣Ар╕Ир╕нр╕гр╕╡р╕зр╕┤р╕зр╣Гр╕Щр╣Ар╕Яр╕кр╣Ар╕ер╕вр╕ер╕нр╕Зр╣Вр╕лр╕ер╕Фр╕бр╕▓р╣Ар╕ер╣Ир╕Щр╕Жр╣Ир╕▓р╣Ар╕зр╕ер╕▓ р╣Бр╕Хр╣Ир╕Фр╕▒р╕Щр╣Ар╕ер╣Ир╕Щр╕ер╕╖р╕бр╣Ар╕зр╕ер╕▓р╕Ир╣Йр╕▓р╕▓ !!!! 

р╕Кр╕╖р╣Ир╕нр╣Ар╕Бр╕б : р╕гр╣Йр╕▓р╕Щр╕лр╕бр╣Йр╕нр╣Др╕Яр╣Бр╕лр╣Ир╕Зр╕Др╕зр╕▓р╕бр╕кр╕╕р╕В "
92,р╣Ар╕Бр╕бр╕гр╣Йр╕▓р╕Щр╕лр╕бр╣Йр╕нр╣Др╕Яр╣Бр╕лр╣Ир╕Зр╕Др╕зр╕▓р╕бр╕кр╕╕р╕В р╕Щр╕╡р╣Ир╕Др╕╖р╕нр╕бр╕▒р╕Щр╕ер╣Йр╕нр╕Бр╕нр╕┤р╕Щр╕Хр╕гр╕Зр╣Др╕лр╕Щр╕нр╣Ир╕░ЁЯе╣ р╕Чр╕│р╣Др╕бр╕Бр╕╕р╣Др╕бр╣Ир╣Ар╕лр╕Щр╕бр╕╡р╣Гр╕лр╣Йр╕ер╣Йр╕нр╕Бр╕нр╕┤р╕Щр╣Ар╕ер╕в
93,@1995IPU1995 @Tsukiko_04 р╕гр╣Йр╕▓р╕Щр╕лр╕бр╣Йр╕нр╣Др╕Яр╣Бр╕лр╣Ир╕Зр╕Др╕зр╕▓р╕бр╕кр╕╕р╕В
94,р╣Бр╕Щр╕░р╕Щр╕│р╣Ар╕Бр╕бр╕Щр╣Ир╕▓р╣Ар╕ер╣Ир╕Щ | My Hotpot Story р╕кр╕зр╕бр╕Ър╕Чр╣Ар╕Ир╣Йр╕▓р╕Вр╕нр╕Зр╕гр╣Йр╕▓р╕Щр╕лр╕бр╣Йр╕нр╣Др╕Яр╣Бр╕лр╣Ир╕Зр╕Др╕зр╕▓р╕бр╕кр╕╕р╕В р╣Ар╕ер╣Ир╕Щр╣Ар╕Юр╕ер╕┤р╕Щр╕Ир╕Щр╕ер╕╖р╕бр╣Ар╕зр╕ер╕▓! (р╕бр╕╡р╕ар╕▓р╕йр╕▓р╣Др╕Чр╕вр╕Фр╣Йр╕зр╕в)  #Droidsans
95,@bb_aa1997 р╕гр╣Йр╕▓р╕Щр╕лр╕бр╣Йр╕нр╣Др╕Яр╣Бр╕лр╣Ир╕Зр╕Др╕зр╕▓р╕бр╕кр╕╕р╕В // р╕зр╣Ир╕▓р╕Зр╕лр╕гр╕н555555
96,@JantimaBee р╕гр╣Йр╕▓р╕Щр╕лр╕бр╣Йр╕нр╣Др╕Яр╣Бр╕лр╣Ир╕Зр╕Др╕зр╕▓р╕бр╕кр╕╕р╕Вр╕Ир╣Йр╕▓ 
97,@_sxdjai My hotpot story ( р╕гр╣Йр╕▓р╕Щр╕лр╕бр╣Йр╕нр╣Др╕Яр╣Бр╕лр╣Ир╕Зр╕Др╕зр╕▓р╕бр╕кр╕╕р╕В ) р╕Др╣Ир╕░ ЁЯл╢
98,р╕лр╕Щр╣Йр╕▓р╕гр╣Йр╕▓р╕Щр╕Вр╕нр╕Зр╣Ар╕гр╕▓ р╕бр╕▒р╕Щр╣Ар╕Ыр╣Зр╕Щр╕гр╣Йр╕▓р╕Щр╕лр╕бр╣Йр╕нр╣Др╕Яр╕Кр╕╖р╣Ир╕нр╕зр╣Ир╕▓р╕гр╣Йр╕▓р╕Щр╕лр╕бр╣Йр╕нр╣Др╕Яр╣Бр╕лр╣Ир╕Зр╕Др╕зр╕▓р╕бр╕кр╕╕р╕В р╣Др╕Ыр╕ер╕нр╕Зр╕Хр╕▒р╣Йр╕Зр╣Гр╕Ир╣Ар╕ер╣Ир╕Щр╕Фр╕╣р╣Др╕бр╣Ир╣Ар╕Ыр╣Зр╕Щр╕нр╕▒р╕Щр╕Чр╕│р╕нр╕░р╣Др╕гр╣Ар╕ер╕в 
99,@howtocuteuwu р╕гр╣Йр╕▓р╕Щр╕лр╕бр╣Йр╕нр╣Др╕Яр╣Бр╕лр╣Ир╕Зр╕Др╕зр╕▓р╕бр╕кр╕╕р╕В
100,р╣Др╕бр╣Ир╕Хр╣Йр╕нр╕Зр╕Щр╕нр╕Щр╣Бр╕ер╣Йр╕зр╕бр╕▒р╣Йр╕Зр╕Зр╕ЗтАЛ р╣Ар╕Юр╕ер╕┤р╕Щр╣Ар╕Бр╕┤р╕ЩтАЛ р╕гр╣Йр╕▓р╕Щр╕лр╕бр╣Йр╕нр╣Др╕Яр╣Бр╕лр╣Ир╕Зр╕Др╕зр╕▓р╕бр╕кр╕╕р╕В 
101,@AoddyInsaneman р╕гр╣Йр╕▓р╕Щр╕лр╕бр╣Йр╕нр╣Др╕Яр╣Бр╕лр╣Ир╕Зр╕Др╕зр╕▓р╕бр╕кр╕╕р╕В
102,@ncy_beem @gxtmoons р╕Юр╕┤р╕бр╕Юр╣Мр╕лр╕▓р╕зр╣Ир╕▓ р╕гр╣Йр╕▓р╕Щр╕лр╕бр╣Йр╕нр╣Др╕Яр╣Бр╕лр╣Ир╕Зр╕Др╕зр╕▓р╕бр╕кр╕╕р╕В р╣Др╕Фр╣Йр╣Ар╕ер╕вр╕Др╣Ир╕░
103,р╣Ар╕Ыр╣Зр╕Щр╣Ар╕Бр╕бр╕Чр╕╡р╣Ир╕Жр╣Ир╕▓р╣Ар╕зр╕ер╕▓р╣Др╕Фр╣Йр╕Фр╕╡р╣Ар╕ер╕в р╣Ар╕Юр╕ер╕┤р╕Щр╕бр╕▓р╕Б р╕Ър╕гр╕┤р╕лр╕▓р╕гр╕гр╣Йр╕▓р╕Щр╕лр╕бр╣Йр╕нр╣Др╕Яр╣Бр╕ер╣Йр╕з1  р╣Гр╕Др╕гр╕нр╕вр╕▓р╕Бр╕ер╕нр╕Зр╣Ар╕ер╣Ир╕Щр╣Вр╕лр╕ер╕Фр╕бр╕▓р╣Ар╕ер╣Ир╕Щр╕Фр╕╣ р╣Др╕бр╣Ир╕бр╕╡р╣Вр╕Жр╕йр╕Ур╕▓р╕Щр╕░ р╕Кр╕╖р╣Ир╕нр╣Ар╕Бр╕б р╕лр╕бр╣Йр╕нр╣Др╕Яр╣Бр╕лр╣Ир╕Зр╕Др╕зр╕▓р╕бр╕кр╕╕р╕В  р╣Вр╕лр╕ер╕Фр╣Др╕Фр╣Йр╕Чр╕▒р╣Йр╕З ios &amp; р╣Бр╕нр╕Щр╕Фр╕гр╕нр╕в 
104,@Hoongg_ р╕гр╣Йр╕▓р╕Щр╕лр╕бр╣Йр╕нр╣Др╕Яр╣Бр╕лр╣Ир╕Зр╕Др╕зр╕▓р╕бр╕кр╕╕р╕Вр╣Ж
105,@Patrickpp6dKP hotpot story р╕лр╕гр╕╖р╕нр╕Кр╕╖р╣Ир╕нр╣Др╕Чр╕вр╕гр╣Йр╕▓р╕Щр╕лр╕бр╣Йр╕нр╣Др╕Яр╣Бр╕лр╣Ир╕Зр╕Др╕зр╕▓р╕бр╕кр╕╕р╕В р╕Др╣Ир╕▓р╕Ър╕Ър╕Ъ
106,@_THATHAJ р╕гр╣Йр╕▓р╕Щр╕лр╕бр╣Йр╕нр╣Др╕Яр╣Бр╕лр╣Ир╕Зр╕Др╕зр╕▓р╕бр╕кр╕╕р╕В // р╕Фр╕╣р╕Кр╕╖р╣Ир╕н55555
107,р╕Кр╣Ир╕зр╕вр╕Фр╣Йр╕зр╕вр╕Др╣Ир╕░ р╕лр╕▒р╕зр╣Ар╕лр╕зр╣Ир╕вр╣Вр╕лр╕ер╕Фр╣Др╕Фр╣Йр╕Чр╕╡р╣Ир╣Др╕лр╕Щ р╕лр╕▓р╣Др╕бр╣Ир╣Ар╕Ир╕н р╕Хр╣Йр╕нр╕Зр╕Бр╕▓р╕гр╕Вр╕вр╕▓р╕вр╕Бр╕┤р╕Ир╕Бр╕▓р╕гр╕гр╣Йр╕▓р╕Щр╕лр╕бр╣Йр╕нр╣Др╕Яр╣Бр╕лр╣Ир╕Зр╕Др╕зр╕▓р╕бр╕кр╕╕р╕В ;-; #р╕гр╣Йр╕▓р╕Щр╕лр╕бр╣Йр╕нр╣Др╕Яр╣Бр╕лр╣Ир╕Зр╕Др╕зр╕▓р╕бр╕кр╕╕р╕В
108,@berbb_ р╕гр╣Йр╕▓р╕Щр╕лр╕бр╣Йр╕нр╣Др╕Яр╣Бр╕лр╣Ир╕Зр╕Др╕зр╕▓р╕бр╕кр╕╕р╕В р╕бр╕▓р╣Ар╕ер╣Ир╕Щр╕Бр╕▒р╕Щр╕Щр╕Щ
109,"р╕гр╕╡р╕зр╕┤р╕з р╣Ар╕Бр╕б My Hotpot Story (р╕гр╣Йр╕▓р╕Щр╕лр╕бр╣Йр╕нр╣Др╕Яр╣Бр╕лр╣Ир╕Зр╕Др╕зр╕▓р╕бр╕кр╕╕р╕В)

#р╕гр╣Йр╕▓р╕Щр╕лр╕бр╣Йр╕нр╣Др╕Яр╣Бр╕лр╣Ир╕Зр╕Др╕зр╕▓р╕бр╕кр╕╕р╕В #MyHotpotStory

"
110,"р╕бр╕╡р╕вр╕▒р╕З? р╣Ар╕Бр╕бр╕бр╕╖р╕нр╕Цр╕╖р╕нр╕вр╕нр╕Фр╕ор╕┤р╕Х ""р╕гр╣Йр╕▓р╕Щр╕лр╕бр╣Йр╕нр╣Др╕Яр╣Бр╕лр╣Ир╕Зр╕Др╕зр╕▓р╕бр╕кр╕╕р╕В"" р╣Гр╕лр╣Йр╕Др╕╕р╕Ур╣Бр╕Вр╣Ир╕Зр╕Вр╕▒р╕Щр╕Юр╕▒р╕Тр╕Щр╕▓р╕гр╣Йр╕▓р╕Щр╕нр╕▓р╕лр╕▓р╕г, р╕гр╕▒р╕Ър╕ер╕╣р╕Бр╕Др╣Йр╕▓, р╕лр╕▓р╕Бр╕│р╣Др╕г р╕пр╕ер╕п р╕Кр╕▓р╕зр╣Ар╕Щр╣Зр╕Хр╕Ър╕нр╕Бр╣Ар╕ер╣Ир╕Щр╣Бр╕ер╣Йр╕зр╕лр╕вр╕╕р╕Фр╣Др╕бр╣Ир╣Др╕Фр╣Й р╕Хр╕┤р╕Фр╕Зр╕нр╕бр╣Бр╕Зр╕б (р╕ер╕┤р╕Зр╕Др╣Мр╕Фр╕▓р╕зр╕Щр╣Мр╣Вр╕лр╕ер╕Фр╕Фр╣Йр╕▓р╕Щр╣Гр╕Щ)
#р╕гр╣Йр╕▓р╕Щр╕лр╕бр╣Йр╕нр╣Др╕Яр╣Бр╕лр╣Ир╕Зр╕Др╕зр╕▓р╕бр╕кр╕╕р╕В #MyHotpotStory #р╣Ар╕Бр╕бр╕бр╕╖р╕нр╕Цр╕╖р╕н #SPRiNG
"
111,@ffarafahh р╕гр╣Йр╕▓р╕Щр╕лр╕бр╣Йр╕нр╣Др╕Яр╣Бр╕лр╣Ир╕Зр╕Др╕зр╕▓р╕бр╕кр╕╕р╕Вр╕Др╕гр╕▒р╕Ъ
112,р╣Ар╕Бр╕бр╕Щр╕╡р╣Йр╕Др╕╖р╕нр╣Ар╕ер╣Ир╕Щр╕ер╕░р╕Хр╕┤р╕Фр╕Зр╕нр╕бр╣Бр╕Зр╣Ар╕ер╕вр╕нр╕░ р╣Ар╕Бр╕бр╕Др╕╖р╕нр╣Гр╕лр╣Йр╣Ар╕гр╕▓р╕нр╕▒р╕Юр╣Ар╕Бр╕гр╕Фр╕кр╕┤р╣Ир╕Зр╕нр╕│р╕Щр╕зр╕вр╕Др╕зр╕▓р╕бр╕кр╕░р╕Фр╕зр╕Б р╕нр╕▒р╕Юр╣Ар╕Бр╕гр╕Фр╣Ар╕бр╕Щр╕╣р╕нр╕▓р╕лр╕▓р╕г р╕лр╕гр╕╖р╕нр╕кр╕░р╕кр╕бр╕Вр╕нр╕Зр╣Бр╕ер╣Йр╕зр╣Ар╕нр╕▓р╣Др╕Ыр╕Др╕┤р╕Фр╕Др╣Йр╕Щр╣Ар╕Ыр╣Зр╕Щр╣Ар╕бр╕Щр╕╣р╕нр╕▓р╕лр╕▓р╕гр╣Гр╕лр╕бр╣Ир╣Жр╕Вр╕╢р╣Йр╕Щр╕бр╕▓ р╕кр╕Щр╕╕р╕Бр╕кр╕╕р╕Ф р╕Щр╕╡р╣Ир╣Ар╕ер╣Ир╕Щр╕Чр╕▒р╣Йр╕Зр╕зр╕▒р╕Щр╕Чр╕▒р╣Йр╕Зр╕Др╕╖р╕Щ55555 р╣Ар╕Бр╕бр╕бр╕╡р╕Кр╕╖р╣Ир╕нр╕зр╣Ир╕▓р╕гр╣Йр╕▓р╕Щр╕лр╕бр╣Йр╕нр╣Др╕Яр╣Бр╕лр╣Ир╕Зр╕Др╕зр╕▓р╕бр╕кр╕╕р╕В#р╣Ар╕Бр╕бр╕Фр╕╡р╕Ър╕нр╕Бр╕Хр╣Ир╕н #р╣Бр╕нр╕Юр╕Фр╕╡р╕Ър╕нр╕Бр╕Хр╣Ир╕н #р╣Др╕зр╣Йр╕гр╕╡р╕зр╕┤р╕зр╕лр╣Йр╕▓р╕бр╕Вр╕▓р╕вр╕Вр╕нр╕Зр╣Вр╕зр╣Йр╕вр╕вр╕в 
113,р╣Ар╕ер╣Ир╕Щр╣Ар╕Бр╕б р╕гр╣Йр╕▓р╕Щр╕лр╕бр╣Йр╕нр╣Др╕Яр╣Бр╕лр╣Ир╕Зр╕Др╕зр╕▓р╕бр╕кр╕╕р╕В р╕Хр╕▓р╕бр╕гр╕╡р╕зр╕┤р╕зр╣Гр╕Щр╣Ар╕Яр╕к р╕кр╕гр╕╕р╕Ыр╕Хр╕┤р╕Фр╣Ар╕Бр╕бр╕лр╕Щр╕╢р╕Ър╣Ар╕ер╕в р╕лр╕Щр╕▒р╕Зр╕кр╕Зр╕лр╕Щр╕▒р╕Зр╕кр╕╖р╕нр╕кр╕нр╕Ър╣Др╕бр╣Ир╕нр╣Ир╕▓р╕Щр╕бр╕▒р╕Щр╣Бр╕ер╣Йр╕з
114,@_Yingyuu р╕гр╣Йр╕▓р╕Щр╕лр╕бр╣Йр╕нр╣Др╕Яр╣Бр╕лр╣Ир╕Зр╕Др╕зр╕▓р╕бр╕кр╕╕р╕В 
115,р╕нр╕░р╣Др╕Фр╣Йр╣Ар╕Бр╕бр╣Ар╕ер╣Ир╕Щр╕ер╕░ р╕гр╣Йр╕▓р╕Щр╕лр╕бр╣Йр╕нр╣Др╕Яр╣Бр╕лр╣Ир╕Зр╕Др╕зр╕▓р╕бр╕кр╕╕р╕В р╣Ар╕Бр╕бр╣Ар╕лр╕бр╕▓р╕░р╕Бр╕▒р╕Ър╕Бр╕╕р╕бр╕▓р╕Бр╣Ж
116,"р╕кр╕▒р╕Зр╕кр╕гр╕гр╕Др╣Мр╣Ар╕Чр╕ир╕Бр╕▓р╕ер╣Бр╕лр╣Ир╕Зр╕Др╕зр╕▓р╕бр╕кр╕╕р╕В р╕Чр╕▓р╕Щр╕Вр╣Йр╕▓р╕зр╕Бр╕▒р╕Ър╕Др╕гр╕нр╕Ър╕Др╕гр╕▒р╕з/р╕Бр╣Кр╕зр╕Щр╣Ар╕Юр╕╖р╣Ир╕нр╕Щ р╕Чр╕╡р╣Ир╕гр╣Йр╕▓р╕Щр╣Гр╕Щр╕Фр╕зр╕Зр╣Гр╕И #р╕ор╕▒р╣Ир╕зр╣Ар╕Лр╣Ир╕Зр╕ор╕З р╕зр╕▒р╕Щр╕Щр╕╡р╣Йр╕бр╕▓р╕кр╕▓р╕Вр╕▓р╕Юр╕гр╕░р╕гр╕▓р╕б3 р╣Ар╕Др╣Йр╕▓р╕бр╕╡р╣Вр╕Ыр╕гр╣Гр╕лр╕бр╣И р╣Др╕Йр╣Др╕ер╕Бр╕зр╣Ир╕▓р╣Ар╕Фр╕┤р╕б 
р╕Кр╕╕р╕Фр╕лр╕бр╣Йр╕нр╣Др╕Яр╕Бр╕╕р╣Йр╕Зр╣Бр╕бр╣Ир╕Щр╣Йр╕│ 699.- р╕┐
р╕Кр╕╕р╕Фр╕лр╕бр╣Йр╕нр╣Др╕Яр╕Ыр╕ер╕▓р╣Ар╕Бр╣Лр╕▓р╕Чр╕░р╣Ар╕е 899.- р╕┐ 
р╣Гр╕Др╕гр╕нр╕вр╕▓р╕Бр╕Ир╕▒р╕Фр╣Ар╕Щр╕╖р╣Йр╕нр╕лр╕бр╕╣р╣Ар╕Юр╕┤р╣Ир╕б р╣Бр╕ер╕Бр╕Лр╕╖р╣Йр╕нр╕лр╕бр╕╣р╕лр╕бр╕▒р╕Бр╕Щр╕╕р╣Ир╕б р╕Ир╕▓р╕Щр╕ер╕░ 119.- р╕┐ 
#р╕нр╕гр╣Ир╕нр╕вр╕Ър╕нр╕Бр╕Хр╣Ир╕н #р╣Вр╕Ыр╕гр╕Фр╕╡р╕Ър╕нр╕Бр╕Хр╣Ир╕н "
117,"р╕нр╕╕р╕Ур╕лр╕ар╕╣р╕бр╕┤ р╕У р╕кр╕Цр╕▓р╕Щр╕Чр╕╡р╣Ир╣Бр╕лр╣Ир╕Зр╕Щр╕▒р╣Йр╕Щр╕гр╣Йр╕нр╕Щр╕гр╕░р╕нр╕╕ р╣Бр╕Хр╣Ир╕Бр╣Зр╕нр╕Ър╕нр╕зр╕ер╣Др╕Ыр╕Фр╣Йр╕зр╕вр╣Др╕нр╕Чр╕╡р╣Ир╣Ар╕Хр╕┤р╕бр╣Ар╕Хр╣Зр╕б р╕У р╕кр╕Цр╕▓р╕Щр╕Чр╕╡р╣Ир╣Бр╕лр╣Ир╕Зр╕Щр╕▒р╣Йр╕Щ р╕бр╕╡р╣Ар╕Юр╕╡р╕вр╕Зр╕Юр╕зр╕Бр╣Ар╕Вр╕▓р╕кр╕нр╕Зр╕Др╕Щ р╣Ар╕кр╕бр╕╖р╕нр╕Щр╕Др╕Щр╕Чр╕▒р╣Йр╕Зр╣Вр╕ер╕Бр╕Юр╕▓р╕Бр╕▒р╕Щр╣Ар╕Зр╕╡р╕вр╕Ър╕кр╕Зр╕▒р╕Ф р╣Ар╕Ир╕╡р╕вр╕Зр╕Ыр╕▒р╕зр╣Ар╕Чр╕▓р╕кр╕▒р╕бр╕Ьр╕▒р╕кр╕Др╕зр╕▓р╕бр╕нр╣Ир╕нр╕Щр╕Щр╕╕р╣Ир╕бр╕Чр╕╡р╣Ир╣Ар╕Вр╕▓р╕лр╕ер╕Зр╕гр╕▒р╕Б...р╕ер╕░р╣Ар╕ер╕╡р╕вр╕Фр╕нр╕вр╣Ир╕▓р╕Зр╣Ар╕Кр╕╖р╣Ир╕нр╕Зр╕Кр╣Йр╕▓р╕Ир╕Щр╕Др╕зр╕▓р╕бр╕кр╕╕р╕Вр╣Бр╕Ьр╣Ир╕Лр╣Ир╕▓р╕Щр╕Ир╕▓р╕Бр╕Ыр╕ер╕▓р╕вр╕ер╕┤р╣Йр╕Щр╣Др╕Ыр╕Цр╕╢р╕Зр╕Бр╕гр╕░р╣Ар╕Юр╕▓р╕░ 

р╣Гр╕Кр╣Ир╣Бр╕ер╣Йр╕з...р╕кр╕Цр╕▓р╕Щр╕Чр╕╡р╣Ир╕нр╕▒р╕Щр╕Зр╕Фр╕Зр╕▓р╕б

р╕гр╣Йр╕▓р╕Щр╕лр╕бр╣Йр╕нр╣Др╕Я"
