,Date,Tweet
0,2022-10-04 03:02:15+00:00,"‡∏Ç‡∏≠‡∏ö‡∏Ñ‡∏∏‡∏ì ‚Äú‡∏•‡∏∏‡∏á‚Äù
.
‚Äú‡∏ö‡∏¥‡πä‡∏Å‡∏õ‡πâ‡∏≠‡∏°‚Äù ‡πÄ‡∏õ‡∏¥‡∏î ‡∏õ‡πà‡∏≤‡∏£‡∏≠‡∏¢‡∏ï‡πà‡∏≠‡∏Ø
‡∏ï‡πâ‡∏≠‡∏ô‡∏£‡∏±‡∏ö ‚Äú‡∏°‡∏π‡∏ô‡∏≤ -‡∏≠‡∏±‡∏ô‡∏ô‡∏≤‚Äù
2 ‡∏û‡∏µ‡πà‡∏ô‡πâ‡∏≠‡∏á ‡∏ô‡∏±‡∏Å‡πÅ‡∏ö‡∏î‡∏°‡∏¥‡∏ô‡∏ï‡∏±‡∏ô‡∏ó‡∏µ‡∏°‡∏ä‡∏≤‡∏ï‡∏¥ ‡πÅ‡∏ä‡∏°‡∏õ‡πå Yonex ‡∏Ç‡∏≠‡∏ö‡∏Ñ‡∏∏‡∏ì ‚Äú‡∏•‡∏∏‡∏á‡∏õ‡πâ‡∏≠‡∏°‚Äù ‡∏ó‡∏µ‡πà‡∏™‡∏ô‡∏±‡∏ö‡∏™‡∏ô‡∏∏‡∏ô‡∏ï‡πà‡∏≠‡πÄ‡∏ô‡∏∑‡πà‡∏≠‡∏á
‡∏£‡πà‡∏ß‡∏°‡∏ñ‡πà‡∏≤‡∏¢‡∏†‡∏≤‡∏û  ‡∏ó‡∏±‡πâ‡∏á ‡∏ä‡∏π‡∏Å‡∏≥‡∏õ‡∏±‡πâ‡∏ô ‡πÅ‡∏•‡∏∞ ‡∏°‡∏¥‡∏ô‡∏¥‡∏Æ‡∏≤‡∏£‡πå‡∏ó 
‡∏¢‡∏Å‡πÄ‡∏õ‡πá‡∏ô ‡πÄ‡∏¢‡∏≤‡∏ß‡∏ä‡∏ô‡∏ï‡∏±‡∏ß‡∏≠‡∏¢‡πà‡∏≤‡∏á
‡∏≠‡∏ß‡∏¢‡∏û‡∏£‡πÉ‡∏´‡πâ‡∏ä‡∏ô‡∏∞ ‡∏≠‡∏µ‡∏Å
‡∏à‡∏∞‡∏Ñ‡∏≠‡∏¢‡∏ï‡∏¥‡∏î‡∏ï‡∏≤‡∏°‡πÅ‡∏•‡∏∞‡πÉ‡∏´‡πâ‡∏Å‡∏≥‡∏•‡∏±‡∏á‡πÉ‡∏à

https://t.co/FczhqNYM88 https://t.co/LSRQxyb547"
1,2022-10-02 06:47:50+00:00,"‡∏•‡∏∏‡∏á‡∏õ‡πâ‡∏≠‡∏°‡∏≠‡∏ß‡∏¢‡∏û‡∏£‡∏ô‡∏±‡∏Å‡∏ï‡∏ö‡∏™‡∏≤‡∏ß‡πÑ‡∏ó‡∏¢
#‡∏•‡∏∏‡∏á‡∏õ‡πâ‡∏≠‡∏°‡πÉ‡∏à‡∏î‡∏µ
#‡∏û‡∏•‡πÄ‡∏≠‡∏Å‡∏õ‡∏£‡∏∞‡∏ß‡∏¥‡∏ï‡∏£
#‡∏ö‡∏¥‡πä‡∏Å‡∏õ‡πâ‡∏≠‡∏° https://t.co/JtbubdoeX4"
2,2022-10-01 02:40:48+00:00,@sokenlive5 @pran2844 ‡∏ñ‡πâ‡∏≤‡∏•‡∏∏‡∏á‡πÄ‡∏õ‡πá‡∏ô‡∏Ñ‡∏ô‡∏î‡∏µ‡∏Ñ‡∏ô‡πÄ‡∏Å‡πà‡∏á‡πÄ‡∏î‡∏¥‡∏ô‡πÑ‡∏õ‡∏ó‡∏µ‡πà‡πÑ‡∏´‡∏ô‡∏Ñ‡∏ô‡∏Å‡πá‡∏≠‡∏ß‡∏¢ ‡πÅ‡∏ö‡∏ö‡πÑ‡∏°‡πà‡∏°‡∏µ‡∏Ñ‡∏ô‡∏ï‡∏¥‡∏î‡∏ï‡∏≤‡∏°‡∏´‡∏£‡∏∑‡∏≠‡πÄ‡∏Å‡∏ô‡∏ó‡πå‡∏Ñ‡∏ô‡∏°‡∏≤‡∏ô‡∏∞ ‡πÅ‡∏ï‡πà‡∏ô‡∏µ‡πà‡πÑ‡∏°‡πà‡πÉ‡∏ä‡πà ‡∏ú‡∏°‡πÄ‡∏Å‡πà‡∏á‡∏°‡∏µ‡∏≠‡∏µ‡∏Å‡∏°‡∏≤‡∏Å ‡∏Å‡∏£‡∏∞‡∏ó‡∏±‡πà‡∏á‡∏•‡∏∏‡∏á‡∏õ‡πâ‡∏≠‡∏°‡∏¢‡∏±‡∏á‡∏ö‡∏£‡∏¥‡∏´‡∏≤‡∏£‡∏î‡∏µ‡∏Å‡∏ß‡πà‡∏≤‡πÄ‡∏•‡∏¢ ‡∏Ñ‡∏∏‡∏ì‡∏≠‡∏¢‡∏π‡πà‡πÅ‡∏Ñ‡πà‡∏Å‡∏•‡∏∏‡πà‡∏°‡πÄ‡∏•‡πá‡∏Å‡πÜ ‡∏à‡∏∞‡∏£‡∏π‡πâ‡πÑ‡∏£ ‡∏ú‡∏°‡∏≠‡∏¢‡∏π‡πà‡πÉ‡∏ô‡∏Å‡∏•‡∏∏‡πà‡∏°‡∏ó‡∏´‡∏≤‡∏£ ‡∏ô‡∏±‡∏Å‡∏Å‡∏≤‡∏£‡πÄ‡∏°‡∏∑‡∏≠‡∏á‡∏ó‡πâ‡∏≠‡∏á‡∏ñ‡∏¥‡πà‡∏ô ‡∏ô‡∏±‡∏Å‡∏ò‡∏∏‡∏£‡∏∞‡∏Å‡∏¥‡∏à‡∏Å‡∏•‡∏≤‡∏á‡πÜ ‡πÄ‡∏•‡πá‡∏Å ‡πÅ‡∏•‡πâ‡∏ß‡∏Å‡∏•‡∏∏‡πà‡∏°‡πÉ‡∏´‡∏ç‡πà ‡πÄ‡∏õ‡∏¥‡∏î‡πÉ‡∏à‡∏£‡∏±‡∏ö‡∏ö‡πâ‡∏≤‡∏á‡πÑ‡∏°‡πà‡πÉ‡∏ä‡πà‡πÄ‡∏Å‡∏µ‡∏¢‡∏à‡∏≠‡∏µ‡∏Å‡∏ù‡πà‡∏≤‡∏¢‡∏à‡∏ô‡πÉ‡∏à‡∏ö‡∏≠‡∏î‡∏Ñ‡∏£‡∏±‡∏ö
3,2022-09-29 11:39:42+00:00,"‡πÅ‡∏£‡∏á‡πÉ‡∏à‡∏à‡∏≤‡∏Å‡∏•‡∏∏‡∏á‡∏õ‡πâ‡∏≠‡∏° ‚ù§Ô∏è  ‡∏≠‡∏ß‡∏¢‡∏û‡∏£‡∏ô‡∏±‡∏Å‡∏ï‡∏ö‡∏•‡∏π‡∏Å‡∏¢‡∏≤‡∏á‡∏™‡∏≤‡∏ß‡πÑ‡∏ó‡∏¢‡∏™‡∏π‡πâ‡πÄ‡∏Å‡∏≤‡∏´‡∏•‡∏µ‡πÉ‡∏ï‡πâ‡∏Ñ‡∏∑‡∏ô‡∏ô‡∏µ‡πâ ‡∏û‡∏£‡πâ‡∏≠‡∏°‡∏ï‡∏≠‡∏ö‡∏Ñ‡∏≥‡∏ñ‡∏≤‡∏° ‚Äú‡∏°‡∏µ‡∏≠‡∏±‡∏î‡∏â‡∏µ‡∏î‡πÑ‡∏´‡∏°‡∏Ñ‡∏∞?‚Äù 

#‡∏ß‡∏≠‡∏•‡πÄ‡∏•‡∏¢‡πå‡∏ö‡∏≠‡∏•‡∏´‡∏ç‡∏¥‡∏á #‡πÑ‡∏ó‡∏¢‡∏£‡∏±‡∏ê‡∏≠‡∏≠‡∏ô‡πÑ‡∏•‡∏ô‡πå https://t.co/N3LtjAWUt2"
4,2022-09-29 09:26:30+00:00,‡∏à‡∏≥‡∏ô‡∏∞‡∏Ñ‡∏∞ ‡∏ó‡∏∏‡∏Å‡∏Ñ‡∏£‡∏±‡πâ‡∏á‡∏ó‡∏µ‡πà‡∏û‡∏π‡∏î‡∏ñ‡∏∂‡∏á‡∏û‡∏£‡∏£‡∏Ñ‡∏Å‡∏≤‡∏£‡πÄ‡∏°‡∏∑‡∏≠‡∏á‡∏ï‡πâ‡∏≠‡∏á ‚Äú‡∏≠‡∏ß‡∏¢‚Äù ‡πÄ‡∏ó‡πà‡∏≤‡∏ô‡∏±‡πâ‡∏ô ‡∏≠‡∏≤‡∏£‡∏°‡∏ì‡πå‡πÄ‡∏´‡∏°‡∏∑‡∏≠‡∏ô‡πÅ‡∏ó‡πá‡∏Å‡∏ó‡∏µ‡πà‡∏™‡∏•‡∏¥‡πà‡∏°‡∏ö‡∏≠‡∏Å‡∏£‡∏±‡∏Å‡∏•‡∏∏‡∏á‡∏ï‡∏π‡πà ‡∏£‡∏∂‡∏õ‡πâ‡∏≤‡∏¢‡∏Å‡∏≠‡∏î‡∏≠‡∏µ‡∏õ‡πâ‡∏≠‡∏° ‡πÄ‡∏Ñ‡πÜ
5,2022-09-28 02:27:44+00:00,"""‡πÑ‡∏û‡∏®‡∏≤‡∏•"" ‡∏≠‡∏ß‡∏¢ ""‡∏•‡∏∏‡∏á‡∏õ‡πâ‡∏≠‡∏°"" ‡∏¢‡∏Å‡∏ô‡∏¥‡πâ‡∏ß‡∏ú‡∏•‡∏á‡∏≤‡∏ô 45 ‡∏ß‡∏±‡∏ô‡∏£‡∏±‡∏Å‡∏©‡∏≤‡∏Å‡∏≤‡∏£‡∏ô‡∏≤‡∏¢‡∏Å‡∏Ø

‡∏≠‡πà‡∏≤‡∏ô‡∏ï‡πà‡∏≠‡∏ó‡∏µ‡πà&gt;&gt;https://t.co/kc8AYjohaS

#‡∏Ç‡πà‡∏≤‡∏ß‡∏ß‡∏±‡∏ô‡∏ô‡∏µ‡πâ #‡πÑ‡∏û‡∏®‡∏≤‡∏• #‡∏•‡∏∏‡∏á‡∏õ‡πâ‡∏≠‡∏° #‡∏ú‡∏•‡∏á‡∏≤‡∏ô #‡∏£‡∏±‡∏Å‡∏©‡∏≤‡∏Å‡∏≤‡∏£‡∏ô‡∏≤‡∏¢‡∏Å‡∏Ø https://t.co/qvte01hlTA"
6,2022-09-28 02:19:20+00:00,"""‡πÑ‡∏û‡∏®‡∏≤‡∏•"" ‡∏≠‡∏ß‡∏¢ ""‡∏•‡∏∏‡∏á‡∏õ‡πâ‡∏≠‡∏°"" ‡∏¢‡∏Å‡∏ô‡∏¥‡πâ‡∏ß‡∏ú‡∏•‡∏á‡∏≤‡∏ô 45 ‡∏ß‡∏±‡∏ô‡∏£‡∏±‡∏Å‡∏©‡∏≤‡∏Å‡∏≤‡∏£‡∏ô‡∏≤‡∏¢‡∏Å‡∏Ø

‡∏≠‡πà‡∏≤‡∏ô‡∏ï‡πà‡∏≠‡∏ó‡∏µ‡πà&gt;&gt;https://t.co/1yFFLcukX6

#‡∏Ç‡πà‡∏≤‡∏ß‡∏ß‡∏±‡∏ô‡∏ô‡∏µ‡πâ #‡πÑ‡∏û‡∏®‡∏≤‡∏• #‡∏•‡∏∏‡∏á‡∏õ‡πâ‡∏≠‡∏° #‡∏ú‡∏•‡∏á‡∏≤‡∏ô #‡∏£‡∏±‡∏Å‡∏©‡∏≤‡∏Å‡∏≤‡∏£‡∏ô‡∏≤‡∏¢‡∏Å‡∏Ø https://t.co/7cvwjvZrWS"
7,2022-09-27 06:40:17+00:00,@SleeplessBKK ‡∏û‡∏≠‡∏ß‡πà‡∏≤‡∏á‡πÜ ‡∏Å‡πá‡∏Ñ‡∏≠‡∏¢‡∏õ‡∏±‡πà‡∏ô‡πÇ‡∏ã‡πÄ‡∏ä‡∏µ‡∏¢‡∏•‡∏Ñ‡∏≠‡∏ô‡πÄ‡∏ó‡∏ô‡∏ï‡πå IO ‡πÄ‡∏ä‡∏µ‡∏¢‡∏£‡πå‡∏£‡∏±‡∏™‡πÄ‡∏ã‡∏µ‡∏¢ ‡∏î‡πà‡∏≤‡∏ä‡∏±‡∏ä‡∏ä‡∏≤‡∏ï‡∏¥ ‡∏≠‡∏ß‡∏¢‡∏•‡∏∏‡∏á‡∏õ‡πâ‡∏≠‡∏° ‡πÑ‡∏õ‡∏î‡πâ‡∏ß‡∏¢ ‡∏Ñ‡∏∏‡πâ‡∏°‡∏Ñ‡πà‡∏≤‡πÄ‡∏á‡∏¥‡∏ô‡∏†‡∏≤‡∏©‡∏µ‡∏à‡∏£‡∏¥‡∏á‡πÜ
8,2022-09-21 10:56:03+00:00,@johnwinyu ‡∏™‡∏•‡∏¥‡πà‡∏°‡∏Å‡πá‡∏à‡∏∞‡πÑ‡∏°‡πà‡∏≠‡πà‡∏≤‡∏ô‡πÄ‡∏´‡∏°‡∏∑‡∏≠‡∏ô‡πÄ‡∏î‡∏¥‡∏°  ‡∏≠‡∏ß‡∏¢‡∏•‡∏∏‡∏á‡∏ï‡∏π‡πà‡∏•‡∏∏‡∏á‡∏õ‡πâ‡∏≠‡∏°‡∏î‡∏µ‡∏≠‡∏¢‡πà‡∏≤‡∏á‡∏ô‡∏±‡πâ‡∏ô‡∏≠‡∏¢‡πà‡∏≤‡∏á‡∏ô‡∏µ‡πâ ‡∏ó‡∏µ‡πà‡∏≠‡πà‡∏≤‡∏ô‡πÜ ‡πÄ‡∏£‡∏∑‡πà‡∏≠‡∏á‡∏û‡∏ß‡∏Å‡∏ô‡∏µ‡πâ‡∏Å‡∏£‡∏¥‡∏ö‡∏ô‡∏∞‡πÑ‡∏°‡πà‡∏û‡∏π‡∏î
9,2022-09-21 10:48:00+00:00,‡∏≠‡∏¥‡∏õ‡πâ‡∏≠‡∏°‡∏û‡∏π‡∏î‡πÄ‡∏£‡∏∑‡πà‡∏≠‡∏á‡∏Ñ‡πà‡∏≤‡πÄ‡∏á‡∏¥‡∏ô‡∏ö‡∏≤‡∏ó‡πÅ‡∏ö‡∏ö‡πÇ‡∏á‡πà ‡∏≠‡∏¢‡πà‡∏≤‡∏á‡πÇ‡∏á‡πà ‡πÇ‡∏Ñ‡∏ï‡∏£‡πÇ‡∏á‡πà ‡∏≠‡∏ß‡∏¢‡∏Å‡∏±‡∏ô‡∏à‡∏±‡∏á ‡∏•‡∏∏‡∏á‡∏õ‡πâ‡∏≠‡∏°‡∏™‡∏π‡πâ‡πÜ ‡πÄ‡∏´‡∏µ‡πâ‡∏¢‡∏à‡πâ‡∏≤ ‡πÇ‡∏á‡πà‡πÉ‡∏ô‡πÇ‡∏á‡πà‡πÉ‡∏ô‡πÇ‡∏á‡πà‡∏≠‡∏µ‡∏Å‡∏ó‡∏µ ‡πÇ‡∏á‡πà‡∏ã‡πâ‡∏≥‡πÇ‡∏á‡πà‡∏ã‡πâ‡∏≠‡∏ô ‡πÇ‡∏á‡πà‡∏≠‡∏¥‡∏ô‡πÄ‡∏ã‡πá‡∏õ‡∏ä‡∏±‡πà‡∏ô
10,2022-09-21 04:34:43+00:00,‡∏ß‡∏±‡∏ô‡∏ô‡∏µ‡πâ‡∏û‡∏£‡∏µ‡πà‡πÜ‡∏≠‡∏ß‡∏¢‡∏Ñ‡∏ß‡∏≤‡∏°‡∏£‡∏π‡πâ‡πÄ‡∏®‡∏£‡∏©‡∏ê‡∏®‡∏≤‡∏™‡∏ï‡∏£‡πå‡∏°‡∏´‡∏†‡∏≤‡∏Ñ‡∏Ç‡∏≠‡∏á‡∏•‡∏∏‡∏á‡∏õ‡πâ‡∏≠‡∏°‡πÅ‡∏•‡πâ‡∏ß‡∏´‡∏£‡∏∑‡∏≠‡∏¢‡∏±‡∏á‡∏Ñ‡∏∞
11,2022-09-19 13:17:13+00:00,"""‡∏•‡∏∏‡∏á‡∏õ‡πâ‡∏≠‡∏°"" ‡∏≠‡πâ‡∏≠‡∏ô ‡∏ä‡∏≤‡∏ß‡∏™‡∏∏‡πÑ‡∏´‡∏á‡πÇ‡∏Å-‡∏•‡∏Å ‡∏ö‡∏≠‡∏Å‡∏£‡∏±‡∏Å‡∏ó‡∏∏‡∏Å‡∏Ñ‡∏ô ‡∏õ‡∏ä‡∏ä.‡∏≠‡∏ß‡∏¢‡∏Ç‡∏≠‡πÉ‡∏´‡πâ‡πÑ‡∏î‡πâ‡πÄ‡∏õ‡πá‡∏ô‡∏ô‡∏≤‡∏¢‡∏Å‡∏Ø ‡∏Å‡πà‡∏≠‡∏ô‡∏£‡πà‡∏≤‡∏¢‡∏¢‡∏≤‡∏ß‡∏ú‡∏•‡∏á‡∏≤‡∏ô‡∏£‡∏ö.
https://t.co/k02LBJ5H2r
#‡∏™‡∏¢‡∏≤‡∏°‡∏£‡∏±‡∏ê #‡∏™‡∏¢‡∏≤‡∏°‡∏£‡∏±‡∏ê‡∏≠‡∏≠‡∏ô‡πÑ‡∏•‡∏ô‡πå #siamrath #siamrathonline #‡∏Ç‡πà‡∏≤‡∏ß‡∏ß‡∏±‡∏ô‡∏ô‡∏µ‡πâ #‡∏•‡∏∏‡∏á‡∏õ‡πâ‡∏≠‡∏°"
12,2022-09-19 12:51:00+00:00,"#‡∏Å‡∏£‡∏∞‡πÅ‡∏™‡πÇ‡∏ã‡πÄ‡∏ä‡∏µ‡∏¢‡∏• #‡∏™‡∏∏‡πÑ‡∏´‡∏á‡πÇ‡∏Å‡∏•‡∏Å #‡∏û‡∏•‡πÄ‡∏≠‡∏Å‡∏õ‡∏£‡∏∞‡∏ß‡∏¥‡∏ï‡∏£
‡∏•‡∏∏‡∏á‡∏õ‡πâ‡∏≠‡∏° ‡∏õ‡∏•‡∏∑‡πâ‡∏°‡∏ä‡∏≤‡∏ß‡∏™‡∏∏‡πÑ‡∏´‡∏á‡πÇ‡∏Å-‡∏•‡∏Å ‡∏≠‡∏ß‡∏¢‡πÄ‡∏õ‡πá‡∏ô‡∏ô‡∏≤‡∏¢‡∏Å‡∏Ø‡∏Ñ‡∏ô‡∏ï‡πà‡∏≠‡πÑ‡∏õ
.
‡∏•‡∏á‡∏û‡∏∑‡πâ‡∏ô‡∏ó‡∏µ‡πà‡∏ï‡∏£‡∏ß‡∏à‡∏Å‡∏≤‡∏£‡∏Å‡πà‡∏≠‡∏™‡∏£‡πâ‚Äã‡∏≤‡∏á‡∏™‡∏∞‡∏û‡∏≤‡∏ô‡πÑ‡∏ó‡∏¢‚Äã-‡∏°‡∏≤‡πÄ‡∏•‡∏¢‡πå‚Äã ‡πÅ‡∏´‡πà‡∏á‡∏ó‡∏µ‡πà‚Äã2‚Äã‡∏¢‡∏±‡∏ô‡∏£‡∏±‡∏ê‡∏ö‡∏≤‡∏•‚Äã‡πÄ‡∏£‡πà‡∏á‡∏û‡∏±‡∏í‡∏ô‡∏≤‚Äã‡∏û‡∏∑‡πâ‡∏ô‡∏ó‡∏µ‡πà‡∏Å‡πâ‡∏≤‡∏ß‡∏´‡∏ô‡πâ‡∏≤‡∏ä‡∏±‡∏î‡πÄ‡∏à‡∏ô‚Äã ‡∏ó‡∏±‡πâ‡∏á‡πÄ‡∏®‡∏£‡∏©‡∏ê‡∏Å‡∏¥‡∏à‚Äã ‡∏™‡∏±‡∏á‡∏Ñ‡∏°‚Äã ‡∏ó‡πà‡∏≠‡∏á‡πÄ‡∏ó‡∏µ‡πà‡∏¢‡∏ß‚Äã ‡∏Å‡∏≤‡∏£‡πÄ‡∏û‡∏¥‡πà‡∏°‡∏£‡∏≤‡∏¢‡πÑ‡∏î‡πâ‚Äã ‡∏™‡∏£‡πâ‡∏≤‡∏á‡∏≠‡∏≤‡∏ä‡∏µ‡∏û...
https://t.co/SyPhb9RPME #NEWMEDIA https://t.co/K3ZNa3zooe"
13,2022-09-19 11:07:41+00:00,"""‡∏•‡∏∏‡∏á‡∏õ‡πâ‡∏≠‡∏°"" ‡∏õ‡∏•‡∏∑‡πâ‡∏°‡∏ä‡∏≤‡∏ß‡∏™‡∏∏‡πÑ‡∏´‡∏á‡πÇ‡∏Å-‡∏•‡∏Å ‡∏ö‡∏≠‡∏Å‡∏£‡∏±‡∏Å‡∏•‡∏∏‡∏á‡∏õ‡πâ‡∏≠‡∏° ‡∏≠‡∏ß‡∏¢‡πÄ‡∏õ‡πá‡∏ô‡∏ô‡∏≤‡∏¢‡∏Å‡∏Ø‡∏Ñ‡∏ô‡∏ï‡πà‡∏≠‡πÑ‡∏õ

https://t.co/9t3DD1OKxA

#TOPNEWS #TOPTV"
14,2022-09-19 10:12:57+00:00,"3-4 ‡πÄ‡∏£‡∏≤‡∏£‡∏±‡∏Å‡∏•‡∏∏‡∏á‡∏õ‡πâ‡∏≠‡∏°
.

‚Äú‡∏ö‡∏¥‡πä‡∏Å‡∏õ‡πâ‡∏≠‡∏°‚Äù‡πÅ‡∏Æ‡∏õ‡∏õ‡∏µ‡πâ
‡∏´‡πâ‡∏≠‡∏°‡∏•‡πâ‡∏≠‡∏° ‡∏î‡πâ‡∏ß‡∏¢ ‡∏ä‡∏≤‡∏ß‡∏™‡∏∏‡πÑ‡∏´‡∏á‡πÇ‡∏Å-‡∏•‡∏Å ‡∏™‡∏≤‡∏ß‡πÉ‡∏´‡∏ç‡πà ‡∏£‡∏∏‡∏°‡∏Å‡∏≠‡∏î 
‡∏°‡∏≠‡∏ö ‡∏î‡∏≠‡∏Å‡∏Å‡∏∏‡∏´‡∏•‡∏≤‡∏ö
‡∏û‡∏£‡πâ‡∏≠‡∏°‡∏ö‡∏≠‡∏Å ‡∏£‡∏±‡∏Å‡∏•‡∏∏‡∏á‡∏õ‡πâ‡∏≠‡∏°
‡∏≠‡∏ß‡∏¢‡πÉ‡∏´‡πâ ‡πÑ‡∏î‡πâ‡πÄ‡∏õ‡πá‡∏ô‡∏ô‡∏≤‡∏¢‡∏Å‡∏Ø
‡∏≠‡πâ‡∏≠‡∏ô !!‡∏ö‡∏≠‡∏Å‡∏£‡∏±‡∏Å‡∏ó‡∏∏‡∏Å‡∏Ñ‡∏ô 
‡∏´‡∏•‡∏±‡∏á‡∏ä‡∏≤‡∏ß‡∏ö‡πâ‡∏≤‡∏ô.‡πÅ‡∏´‡πà‡∏£‡∏±‡∏ö‡∏ô‡∏±‡∏ö‡∏û‡∏±‡∏ô 
‡∏≠‡∏ß‡∏¢‡πÉ‡∏´‡πâ‡πÄ‡∏õ‡πá‡∏ô‡∏ô‡∏≤‡∏¢‡∏Å‡∏Ø 

https://t.co/przUAq0o3Y https://t.co/yDk87srcoW"
15,2022-09-16 04:55:53+00:00,@political_drama ‡∏•‡∏∏‡∏á‡∏õ‡πâ‡∏≠‡∏°‡∏Å‡∏•‡πà‡∏≤‡∏ß‡∏ñ‡∏π‡∏Å‡πÅ‡∏•‡πâ‡∏ß‡∏Ñ‡∏£‡∏±‡∏ö (‡πÑ‡∏°‡πà‡πÑ‡∏î‡πâ‡∏≠‡∏ß‡∏¢‡πÅ‡∏ï‡πà‡πÄ‡∏õ‡πá‡∏ô‡πÄ‡∏£‡∏∑‡πà‡∏≠‡∏á‡∏à‡∏£‡∏¥‡∏á) ‡∏ú‡∏π‡πâ‡∏ß‡πà‡∏≤ ‡∏Å‡∏ó‡∏°.‡∏£‡∏π‡πâ‡πÄ‡∏£‡∏∑‡πà‡∏≠‡∏á‡∏´‡∏£‡∏∑‡∏≠‡∏¢‡∏±‡∏á‡πÄ‡∏•‡∏¥‡∏Å‡πÑ‡∏•‡∏ü‡πå‡∏™‡∏î‡πÑ‡∏î‡πâ‡πÅ‡∏•‡πâ‡∏ß ‡∏ó‡∏≥‡∏á‡∏≤‡∏ô‡∏à‡∏£‡∏¥‡∏á‡∏à‡∏±‡∏á‡∏™‡∏±‡∏Å‡∏ó‡∏µ ‡πÅ‡∏•‡πâ‡∏ß‡πÅ‡∏ú‡∏ô/‡πÇ‡∏Ñ‡∏£‡∏á‡∏Å‡∏≤‡∏£‡∏ó‡∏µ‡πà‡∏ï‡∏±‡πâ‡∏á‡πÑ‡∏ß‡πâ 200 ‡∏Å‡∏ß‡πà‡∏≤‡∏Ç‡πâ‡∏≠‡∏ó‡∏≥‡∏™‡∏≥‡πÄ‡∏£‡πá‡∏à‡∏Å‡∏µ‡πà‡πÇ‡∏Ñ‡∏£‡∏á‡∏Å‡∏≤‡∏£‡πÅ‡∏•‡πâ‡∏ß ‡∏™‡πà‡∏ß‡∏ô‡∏Å‡∏£‡∏°‡∏Å‡∏≤‡∏£‡∏Ç‡∏ô‡∏™‡πà‡∏á‡∏Ø ‡∏ó‡∏µ‡πà‡∏õ‡∏é‡∏¥‡∏£‡∏π‡∏õ‡∏£‡∏ñ‡πÇ‡∏î‡∏¢‡∏™‡∏≤‡∏£‡∏™‡∏≤‡∏ò‡∏≤‡∏£‡∏ì‡∏∞‡∏ô‡∏±‡πâ‡∏ô ‡πÑ‡∏°‡πà‡πÄ‡∏Ñ‡∏¢‡∏™‡∏≠‡∏ö‡∏ñ‡∏≤‡∏° ‡∏õ‡∏ä‡∏ä ‡πÄ‡∏•‡∏¢ ‡πÅ‡∏•‡πâ‡∏ß‡πÄ‡∏õ‡πá‡∏ô‡∏≠‡∏¢‡πà‡∏≤‡∏á‡πÑ‡∏£‡∏•‡πà‡∏∞ ‡∏õ‡∏ä‡∏ä.‡∏ï‡πâ‡∏≠‡∏á‡∏£‡∏≠‡∏£‡∏ñ‡∏Ø‡∏ô‡∏≤‡∏ô
16,2022-09-14 11:15:32+00:00,@SabaiFreedom ‡∏ï‡∏¥‡πà‡∏á‡∏≠‡∏ß‡∏¢‡πÅ‡∏ó‡∏ö‡πÅ‡∏ï‡∏Å ‡∏ö‡∏≠‡∏Å‡∏ß‡πà‡∏≤‡∏î‡∏µ‡πÅ‡∏•‡πâ‡∏ß‡∏•‡∏∏‡∏á‡∏õ‡πâ‡∏≠‡∏°‡∏°‡∏≤‡∏ä‡πà‡∏ß‡∏¢ ‡∏ä‡∏ä. ‡∏ó‡∏≥‡∏á‡∏≤‡∏ô‡∏°‡∏±‡πà‡∏á ‡∏ö‡πâ‡∏≤‡∏á‡∏Å‡πá‡∏ß‡πà‡∏≤‡∏•‡∏∏‡∏á‡∏ó‡∏≥‡∏á‡∏≤‡∏ô‡πÄ‡∏õ‡πá‡∏ô‡∏´‡∏£‡∏∑‡∏≠‡πÄ‡∏õ‡∏•‡πà‡∏≤ ‡∏°‡∏≤‡πÄ‡∏Å‡∏≤‡∏∞‡∏ä‡∏ä.‡∏™‡∏¥
17,2022-09-14 10:51:59+00:00,"‡πÄ‡∏´‡πá‡∏ô‡∏Ñ‡∏•‡∏¥‡∏õ‡∏ó‡∏µ‡πà ‡∏≠.‡∏ä‡∏ä. ‡∏ä‡∏∞‡πÄ‡∏•‡∏µ‡∏¢‡∏¢‡∏¢55555
‡∏•‡∏∏‡∏á‡∏õ‡πâ‡∏≠‡∏°‡πÅ‡∏•‡πâ‡∏ß‡πÅ‡∏≠‡∏ö‡∏Ç‡∏≥‡∏°‡∏≤‡∏Å‡∏Å‡∏Å
‡πÅ‡∏ñ‡∏°‡∏≠‡∏ß‡∏¢‡∏Ñ‡∏°‡∏•‡∏∏‡∏á‡∏õ‡πâ‡∏≠‡∏°‡∏à‡πâ‡∏ô‡∏ô‡∏ô‡∏ô‡∏ô‡∏ô
‡πÄ‡∏´‡∏°‡∏∑‡∏≠‡∏ô‡∏ï‡∏≠‡∏ô‡∏ô‡πâ‡∏≠‡∏°‡∏°‡∏°‡∏Å‡∏£‡∏≤‡∏ö‡∏•‡∏∏‡∏á‡∏ï‡∏π‡πà‡πÄ‡∏•‡∏¢
‡∏ô‡∏≠‡∏ö‡∏ô‡πâ‡∏≠‡∏°‡∏°‡∏≤‡∏Å‡∏Å‡∏Å 5555
‡∏Ñ‡∏ß‡∏≤‡∏°‡∏´‡∏ß‡∏±‡∏á500%‡∏Ç‡∏≠‡∏á‡∏Ñ‡∏ô ‡∏Å‡∏ó‡∏°.
#‡∏ô‡πâ‡πç‡∏≤‡∏ó‡πà‡∏ß‡∏°‡∏Å‡∏£‡∏∏‡∏á‡πÄ‡∏ó‡∏û #‡∏ô‡πâ‡πç‡∏≤‡∏ó‡πà‡∏ß‡∏°"
18,2022-09-12 09:26:46+00:00,"‡∏û‡∏•.‡∏≠.‡∏õ‡∏£‡∏∞‡∏ß‡∏¥‡∏ï‡∏£ ‡∏£‡∏±‡∏Å‡∏©‡∏≤‡∏Ø

‡∏î‡∏π‡∏≠‡∏ö‡∏≠‡∏∏‡πà‡∏ô ‡∏ô‡πà‡∏≤‡πÄ‡∏Ñ‡∏≤‡∏£‡∏û ‡∏°‡∏≤‡∏Å‡∏ö‡∏≤‡∏£‡∏°‡∏µ ‡∏°‡∏µ‡∏õ‡∏±‡∏ç‡∏ç‡∏≤‡∏Å‡∏±‡∏ö‡∏õ‡∏£‡∏∞‡∏™‡∏ö‡∏Å‡∏≤‡∏£‡∏ì‡πå‡∏ó‡∏µ‡πà‡∏°‡∏≤‡∏Å‡∏°‡∏≤‡∏¢

‡∏à‡∏ô‡∏ó‡∏≥‡πÉ‡∏´‡πâ‡∏´‡∏•‡∏≤‡∏¢‡πÜ‡∏Ñ‡∏ô‡∏ó‡∏µ‡πà‡πÄ‡∏õ‡πá‡∏ô
‡∏ï‡∏¥‡πà‡∏á ‡∏û‡∏•.‡∏≠.‡∏õ‡∏£‡∏∞‡∏¢‡∏∏‡∏ó‡∏ò‡πå ‡∏ï‡πâ‡∏≠‡∏á‡∏´‡∏±‡∏ô‡∏°‡∏≤‡∏≠‡∏ß‡∏¢‡∏Å‡∏±‡∏ô‡πÄ‡πÅ‡∏ó‡∏ö‡πÑ‡∏°‡πà‡∏ó‡∏±‡∏ô ‡πÄ‡∏°‡∏∑‡πà‡∏≠‡∏•‡∏∏‡∏á‡∏õ‡πâ‡∏≠‡∏°‡∏°‡∏µ‡∏≠‡∏≥‡∏ô‡∏≤‡∏à‡∏Ç‡∏∂‡πâ‡∏ô‡∏ô‡πâ‡∏≥‡∏•‡∏≤‡∏¢‡πÄ‡∏Å‡∏∑‡∏≠‡∏ö‡∏ó‡πà‡∏ß‡∏°..‡πÅ‡∏ú‡πá‡∏ö‡πÜ

#‡∏ô‡πâ‡πç‡∏≤‡∏ó‡πà‡∏ß‡∏° #‡∏õ‡∏£‡∏∞‡∏ß‡∏¥‡∏ï‡∏£
#‡∏õ‡∏£‡∏∞‡∏¢‡∏∏‡∏ó‡∏ò‡πå https://t.co/0fpiYldgS3"
19,2022-09-11 08:11:27+00:00,@NuuNuu_Official @dtppowerplant ‡∏ñ‡πâ‡∏≤‡∏•‡∏∏‡∏á‡∏õ‡πâ‡∏≠‡∏°‡∏à‡∏±‡∏î‡∏Å‡∏≤‡∏£‡∏ô‡πâ‡∏≥‡πÄ‡∏´‡∏ô‡∏∑‡∏≠‡πÑ‡∏î‡πâ ‡∏£‡∏≠‡∏î‡∏π‡∏ß‡πà‡∏≤‡∏Å‡∏µ‡∏ö‡∏à‡∏∞‡∏≠‡∏ß‡∏¢‡πÉ‡∏Ñ‡∏£
20,2022-09-07 13:03:02+00:00,"‡∏ï‡πâ‡∏ô‡∏ó‡∏≤‡∏á‡∏•‡∏ö‡πÑ‡∏õ‡πÅ‡∏•‡πâ‡∏ß
‡πÅ‡∏ï‡πà‡∏à‡∏£‡∏¥‡∏á‡πÜ ‡∏Å‡∏≠‡∏á‡∏ó‡∏±‡∏û‡∏™‡πÅ‡∏ï‡∏ô‡∏ö‡∏≤‡∏¢‡∏î‡πå‡∏ï‡∏•‡∏≠‡∏î
‡∏ï‡∏±‡πâ‡∏á‡πÅ‡∏ï‡πà‡∏•‡∏∏‡∏á‡∏ï‡∏π‡πà‡∏™‡∏±‡πà‡∏á‡∏Å‡∏≤‡∏£‡πÉ‡∏´‡πâ‡πÄ‡∏ï‡∏£‡∏µ‡∏¢‡∏°‡∏Å‡∏≤‡∏£‡πÅ‡∏•‡∏∞
‡πÅ‡∏•‡πâ‡∏ß‡∏•‡∏∏‡∏á‡∏õ‡πâ‡∏≠‡∏°‡∏Å‡πá‡∏ã‡∏±‡∏û‡∏û‡∏≠‡∏£‡πå‡∏ï‡∏≠‡∏µ‡∏Å 
‡∏ä‡∏±‡∏ä‡∏ä‡∏≤‡∏ï‡∏¥‡∏™‡∏±‡πà‡∏á‡πÑ‡∏°‡πà‡πÑ‡∏î‡πâ ‡πÑ‡∏°‡πà‡πÉ‡∏ä‡πà ‡∏£‡∏°‡∏ï ‡∏Å‡∏•‡∏≤‡πÇ‡∏´‡∏°
‡∏°‡∏µ‡πÅ‡∏ï‡πà‡∏Ç‡∏≠‡∏Ñ‡∏ß‡∏≤‡∏°‡∏≠‡∏ô‡∏∏‡πÄ‡∏Ñ‡∏£‡∏≤‡∏∞‡∏´‡πå‡∏´‡∏£‡∏∑‡∏≠‡∏Ç‡∏≠‡∏Ñ‡∏ß‡∏≤‡∏°‡∏ä‡πà‡∏ß‡∏¢‡πÄ‡∏´‡∏•‡∏∑‡∏≠‡πÑ‡∏î‡πâ
‡πÅ‡∏Å‡πä‡∏á‡∏≠‡∏ß‡∏¢‡∏ä‡∏±‡∏ä‡∏ä‡∏≤‡∏ï‡∏¥‡∏ô‡∏µ‡πà‡∏à‡∏∞‡πÄ‡∏û‡∏µ‡πâ‡∏¢‡∏ô‡πÑ‡∏õ‡∏ñ‡∏∂‡∏á‡πÑ‡∏´‡∏ô‡∏ô‡∏∞ https://t.co/BSIuXZjtAp"
21,2022-09-07 04:27:30+00:00,"‡∏î‡∏£.‡πÄ‡∏™‡∏£‡∏µ ‡πÅ‡∏â‡πÄ‡∏•‡πà‡∏´‡πå‡∏£‡πâ‡∏≤‡∏¢ ‡∏≠‡∏ß‡∏¢‡∏¢‡∏∏‡πÅ‡∏¢‡∏á ""‡∏•‡∏∏‡∏á‡∏õ‡πâ‡∏≠‡∏°"" ‡πÅ‡∏ï‡∏Å‡∏Ñ‡∏≠ ""‡∏ô‡∏≤‡∏¢‡∏Å‡∏Ø‡∏ï‡∏π‡πà"" ‡∏´‡∏ß‡∏±‡∏á‡∏û‡∏≤‡∏ô‡∏≤‡∏¢‡πÉ‡∏´‡∏ç‡πà‡∏Å‡∏•‡∏±‡∏ö‡∏ö‡πâ‡∏≤‡∏ô

https://t.co/fDDpBjjqQl

#TOPNEWS #TOPTV"
22,2022-09-06 05:24:57+00:00,‡πÄ‡∏£‡∏∑‡πà‡∏≠‡∏á‡∏≠‡∏ß‡∏¢‡∏•‡∏∏‡∏á‡∏õ‡πâ‡∏≠‡∏° ‡πÄ‡∏´‡∏¢‡∏µ‡∏¢‡∏ö‡∏•‡∏∏‡∏á‡∏ï‡∏π‡πà ‡∏û‡πà‡∏≠‡∏î‡πà‡∏≤‡∏ã‡∏∞‡∏Æ‡∏≤‡πÄ‡∏•‡∏¢ üòÖ https://t.co/vnAtzEefR1
23,2022-09-02 06:56:51+00:00,55555555555555555‡∏Å‡∏≤‡∏£‡∏•‡∏∞‡∏Ñ‡πä‡∏£ ‡πÄ‡∏î‡πà‡∏ß‡∏ô‡∏µ‡πâ‡∏Å‡πá‡∏ï‡πâ‡∏≠‡∏á‡∏à‡πâ‡∏≤‡∏á‡∏°‡∏≤‡∏≠‡∏ß‡∏¢‡∏•‡∏∏‡∏á‡∏õ‡πâ‡∏≠‡∏°‡∏•‡∏∞‡∏ö‡πà‡∏ô‡∏•‡∏∏‡∏á‡∏ï‡∏π‡πà‡πÄ‡∏¢‡∏≠‡∏∞‡πÜ‡πÜ‡∏≠‡πà‡∏∞‡πÄ‡∏ô‡∏≠‡∏∞ https://t.co/pD2C76Dpl4
24,2022-09-02 04:10:44+00:00,@tanawatofficial ‡πÄ‡∏≠‡∏≤‡πÉ‡∏´‡πâ‡∏û‡πâ‡∏ô‡∏õ‡∏µ‡∏ô‡∏µ‡πâ‡∏Å‡πà‡∏≠‡∏ô ‡∏à‡∏∞‡∏≠‡∏ß‡∏¢‡∏¢‡∏±‡∏á‡πÑ‡∏á‡∏Å‡πá‡∏î‡∏π‡∏≠‡∏≤‡∏¢‡∏∏‡∏Å‡∏±‡∏ö‡∏™‡∏±‡∏á‡∏Ç‡∏≤‡∏£‡πÅ‡∏Å‡∏î‡πâ‡∏ß‡∏¢ ‡∏≠‡∏¢‡πà‡∏≤‡∏á‡∏•‡∏∏‡∏á‡∏õ‡πâ‡∏≠‡∏°‡∏ô‡∏µ‡πà‡∏ï‡πâ‡∏≠‡∏á‡∏ï‡πà‡∏≠ Contract ‡∏õ‡∏µ‡∏ï‡πà‡∏≠‡∏õ‡∏µ‡∏Å‡∏±‡∏ö‡∏¢‡∏°‡∏ö‡∏≤‡∏•‡πÅ‡∏•‡πâ‡∏ß
25,2022-09-01 08:03:39+00:00,"‡πÄ‡∏Ç‡∏¥‡∏ô‡∏à‡∏ô‡∏´‡∏ô‡πâ‡∏≤‡πÅ‡∏î‡∏á!!!
‡πÅ‡∏ü‡∏ô‡∏Ñ‡∏•‡∏±‡∏ö‡∏à‡∏∏‡πä‡∏ö‡πÅ‡∏Å‡πâ‡∏° ‚Äú‡∏•‡∏∏‡∏á‡∏õ‡πâ‡∏≠‡∏°‚Äù ‡∏≠‡∏ß‡∏¢‡∏û‡∏£‡∏≠‡∏≤‡∏¢‡∏∏‡∏¢‡∏∑‡∏ô
.
‡∏≠‡πà‡∏≤‡∏ô‡∏Ç‡πà‡∏≤‡∏ß‡∏ï‡πà‡∏≠ : https://t.co/WjAUrcA4UM
‡∏≠‡∏±‡∏õ‡πÄ‡∏î‡∏ï‡∏ó‡∏∏‡∏Å‡∏ß‡∏á‡∏Å‡∏≤‡∏£ ‡∏ï‡πâ‡∏≠‡∏á‡∏Ç‡πà‡∏≤‡∏ß‡πÉ‡∏´‡∏ç‡πà ""BIG NEWS""
‡∏Ñ‡∏•‡∏¥‡∏Å‡∏ó‡∏µ‡πà‡πÄ‡∏£‡∏µ‡∏¢‡∏ô‡∏£‡∏π‡πâ‡πÄ‡∏û‡∏¥‡πà‡∏°‡πÄ‡∏ï‡∏¥‡∏° https://t.co/3jOpyQsy02
#‡∏Ç‡πà‡∏≤‡∏ß‡πÉ‡∏´‡∏ç‡πà #Bignews #‡∏Ç‡πà‡∏≤‡∏ß‡∏Å‡∏£‡∏∞‡πÅ‡∏™ #‡∏Ç‡πà‡∏≤‡∏ß‡πÉ‡∏´‡∏°‡πà‡∏õ‡∏£‡∏∞‡∏à‡∏≥‡∏ß‡∏±‡∏ô #‡∏Ç‡πà‡∏≤‡∏ß‡∏ó‡∏∏‡∏Å‡πÅ‡∏ß‡∏î‡∏ß‡∏á‡∏Å‡∏≤‡∏£  #‡∏Å‡∏≤‡∏£‡πÄ‡∏°‡∏∑‡∏≠‡∏á https://t.co/6UWyqgB4Hw"
26,2022-08-31 12:17:43+00:00,"@H2O_Whan ‡∏ñ‡πâ‡∏≤‡πÑ‡∏≠‡πâ‡∏ï‡∏µ‡πã‡∏°‡∏±‡∏ô‡∏≠‡∏≤‡∏¢‡∏∏‡∏∏‡πÄ‡∏ó‡πà‡∏≤‡∏•‡∏∏‡∏á‡∏õ‡πâ‡∏≠‡∏°‡πÑ‡∏õ‡∏•‡∏á‡πÅ‡∏Ç‡πà‡∏á‡∏ß‡∏¥‡πà‡∏á‡πÄ‡∏ó‡∏•‡πÄ‡∏Ç‡πâ‡∏≤‡πÄ‡∏™‡πâ‡∏ô‡∏ä‡∏±‡∏¢
‡πÅ‡∏•‡πâ‡∏ß‡πÄ‡∏≠‡∏≤‡∏°‡∏≤‡∏≠‡∏ß‡∏¢‡∏Å‡πá‡∏¢‡∏±‡∏á‡∏û‡∏≠‡πÄ‡∏Ç‡πâ‡∏≤‡πÉ‡∏à
‡πÅ‡∏ï‡πà‡∏ß‡∏±‡∏¢‡∏´‡πà‡∏≤‡∏á‡∏Å‡∏±‡∏ô‡∏Ç‡∏ô‡∏≤‡∏î‡∏ô‡∏µ‡πâ‡πÄ‡∏≠‡∏≤‡∏°‡∏≤‡πÇ‡∏¢‡∏á‡πÑ‡∏î‡πâ‡πÑ‡∏á
‡∏™‡∏°‡∏≠‡∏á‡∏û‡∏ß‡∏Å‡∏Å‡∏µ‡∏ö‡∏°‡∏±‡∏ô‡∏°‡∏µ‡πÅ‡∏ï‡πà‡∏´‡∏ç‡πâ‡∏≤‡∏Å‡∏±‡∏ö‡∏ü‡∏≤‡∏á  üò©"
27,2022-08-29 09:18:47+00:00,@MatichonOnline ‡∏ò‡∏ô‡∏≤‡∏ò‡∏£‡∏•‡∏á‡πÅ‡∏Ç‡πà‡∏á‡∏ß‡∏¥‡πà‡∏á‡πÄ‡∏ó‡∏£‡∏•‡∏ó‡∏µ‡πà‡πÉ‡∏ä‡πâ‡πÄ‡∏ß‡∏•‡∏≤152‡∏ä‡∏°.‡∏´‡∏£‡∏∑‡∏≠‡∏õ‡∏£‡∏∞‡∏°‡∏≤‡∏ì6‡∏ß‡∏±‡∏ô‡∏Å‡∏ß‡πà‡∏≤‡∏à‡∏∞‡∏ñ‡∏∂‡∏á‡πÄ‡∏™‡πâ‡∏ô‡∏ä‡∏±‡∏¢ ‡∏™‡∏•‡∏¥‡πà‡∏°‡πÉ‡∏ô‡πÄ‡∏ü‡∏™‡∏ö‡∏≠‡∏Å ‡πÑ‡∏°‡πà‡∏°‡∏µ‡πÄ‡∏£‡∏∑‡πà‡∏≠‡∏á‡∏≠‡∏∑‡πà‡∏ô‡∏à‡∏∞‡πÇ‡∏û‡∏™‡∏ï‡πå‡πÅ‡∏•‡πâ‡∏ß‡∏´‡∏£‡∏≠ ‡πÑ‡∏°‡πà‡πÑ‡∏î‡πâ‡∏ó‡∏µ‡πà‡∏´‡∏ô‡∏∂‡πà‡∏á‡∏î‡πâ‡∏ß‡∏¢‡∏ã‡πâ‡∏≥‡∏™‡∏≤‡∏°‡∏Å‡∏µ‡∏ö‡∏≠‡∏ß‡∏¢‡∏Å‡∏±‡∏ô‡πÑ‡∏™‡πâ‡πÅ‡∏ï‡∏Å ‡πÅ‡∏•‡πâ‡∏ß‡∏Å‡∏π‡∏ó‡∏µ‡πà‡∏´‡∏±‡∏ô‡πÑ‡∏õ‡∏°‡∏≠‡∏á‡∏•‡∏∏‡∏á‡∏õ‡πâ‡∏≠‡∏° // ‡∏°‡∏±‡∏ô‡∏Ñ‡∏á‡∏ä‡∏≠‡∏ö‡∏≠‡∏∞‡πÑ‡∏£‡∏Å‡∏±‡∏ô‡πÅ‡∏ö‡∏ö‡∏ô‡∏µ‡πâ‡∏à‡∏£‡∏¥‡∏á‡πÜ‡∏≠‡∏∞‡πÄ‡∏ô‡∏≠‡∏∞ ‡∏Å‡πá‡πÄ‡∏•‡∏¢‡∏õ‡∏¥‡∏î‡πÄ‡∏ü‡∏™ ‡∏°‡∏≤‡πÄ‡∏•‡πà‡∏ô‡πÅ‡∏Ñ‡πàTwitter ‡∏Å‡∏±‡∏ö IG
28,2022-08-28 10:52:25+00:00,@htc45h @DekyingNumtarn ‡πÄ‡∏£‡∏∑‡πà‡∏≠‡∏á‡∏î‡∏£‡∏á‡∏á‡∏≤‡∏ô ‡πÄ‡∏£‡∏∑‡πà‡∏≠‡∏á‡∏ô‡πâ‡∏≥‡πÑ‡∏°‡πà‡∏ß‡πà‡∏≤‡∏à‡∏∞‡∏ô‡πâ‡∏≥‡∏ó‡πà‡∏ß‡∏° ‡∏ô‡πâ‡∏≥‡πÅ‡∏•‡πâ‡∏á‡πÄ‡∏£‡∏≤‡πÉ‡∏´‡πâ‡πÄ‡∏Ñ‡∏£‡∏î‡∏¥‡∏ï‡∏•‡∏∏‡∏á‡∏õ‡πâ‡∏≠‡∏°‡∏ï‡∏•‡∏≠‡∏î‡∏ô‡∏∞‡∏Ñ‡∏∞ ‡πÅ‡∏Å‡∏ó‡∏≥‡∏ï‡πà‡∏≠‡πÄ‡∏ô‡∏∑‡πà‡∏≠‡∏á...‡∏Ç‡∏≠‡∏≠‡∏ß‡∏¢‡∏ô‡∏¥‡∏î‡∏ô‡∏∏‡∏á
29,2022-08-28 09:06:11+00:00,"@aofJs22 @love_u_to @pran2844 ‡πÄ‡∏ô‡∏∑‡πâ‡∏≠‡∏ú‡πâ‡∏≤‡∏ß‡∏∞‡∏ã‡πà‡∏≤‡∏ô‡∏ô‡∏î‡∏π‡πÄ‡∏´‡πá‡∏ô‡∏Å‡∏µ‡∏ö‡∏™‡∏ß‡∏∞‡πÅ‡∏ã‡∏∞‡∏•‡∏∏‡∏á‡∏õ‡πâ‡∏≠‡∏°‡∏°‡∏≤‡∏ï‡∏±‡πÅ‡∏ï‡πà‡πÅ‡∏£‡∏Å‡πÜ‡∏•‡πà‡∏∞ ‡∏î‡∏Å55
‡∏°‡∏≤‡∏ï‡∏≠‡∏ô‡∏ô‡∏µ‡πâ‡∏à‡∏∞‡∏°‡∏≤‡∏≠‡∏ß‡∏¢‡πÄ‡∏û‡∏∑‡πà‡∏≠‡πÅ‡∏ã‡∏∞‡∏•‡∏∏‡∏á‡∏ï‡∏π‡πà

‡∏™‡∏∞‡πÄ‡∏´‡∏•‡πà‡∏≠ 55"
30,2022-08-28 00:55:53+00:00,@vnomenon ‡∏≠‡∏µ‡∏Å‡πÅ‡∏≠‡∏Ñ‡∏ô‡∏∂‡∏á FC ‡∏ó‡∏±‡∏Å‡∏Å‡∏µ‡πâ ‡∏ä‡πà‡∏ß‡∏á‡∏ô‡∏µ‡πâ‡πÄ‡∏≠‡∏≤‡∏•‡∏∏‡∏á‡∏õ‡πâ‡∏≠‡∏°‡πÑ‡∏õ‡πÄ‡∏ó‡∏µ‡∏¢‡∏ö‡∏•‡∏∏‡∏á‡∏ï‡∏π‡πà ‡∏≠‡∏ß‡∏¢‡∏•‡∏∏‡∏á‡∏õ‡πâ‡∏≠‡∏°‡∏≠‡∏¢‡∏π‡πà‡∏Ñ‡πà‡∏∞‡∏û‡∏µ‡πà
31,2022-08-27 23:57:48+00:00,@pran2844 ‡πÄ‡∏ï‡πâ‡∏≤‡∏ä‡πà‡∏ß‡∏¢‡∏ï‡∏±‡πâ‡∏á‡πÅ‡∏ï‡πà‡∏ô‡∏≤‡∏¢‡∏Å‡∏•‡∏∏‡∏á‡∏ï‡∏π‡πà‡πÅ‡∏•‡πâ‡∏ß‡∏Ñ‡πà‡∏∞ ‡πÑ‡∏°‡πà‡πÉ‡∏ä‡πà‡πÄ‡∏û‡∏¥‡πà‡∏á‡∏°‡∏≤‡∏ä‡πà‡∏ß‡∏¢‡∏ï‡∏≠‡∏ô‡∏•‡∏∏‡∏á‡∏õ‡πâ‡∏≠‡∏°‡πÄ‡∏õ‡πá‡∏ô‡∏£‡∏±‡∏Å‡∏©‡∏≤‡∏Å‡∏≤‡∏£ ‡∏Ç‡πà‡∏≤‡∏ß‡∏ä‡πâ‡∏≤‡∏ô‡∏∞‡∏Ñ‡∏∞ ‡∏´‡∏£‡∏∑‡∏≠ ‡πÅ‡∏Ñ‡πà‡∏≠‡∏¢‡∏≤‡∏Å‡∏à‡∏∞‡∏ï‡πà‡∏≠‡∏ß‡πà‡∏≤‡∏Ñ‡∏ô‡∏≠‡∏∑‡πà‡∏ô‡πÇ‡∏î‡∏¢‡πÑ‡∏°‡πà‡∏™‡∏ô‡∏Ç‡πâ‡∏≠‡πÄ‡∏ó‡πá‡∏à‡∏à‡∏£‡∏¥‡∏á ‡∏≠‡∏µ‡∏Å‡∏≠‡∏¢‡πà‡∏≤‡∏á ‡∏Ç‡∏ô‡∏≤‡∏î‡∏ö‡∏≤‡∏á‡∏à‡∏±‡∏á‡∏´‡∏ß‡∏±‡∏î ‡∏î‡πà‡∏≤‡∏•‡∏∏‡∏á‡∏ï‡∏π‡πà‡πÄ‡∏Å‡∏•‡∏µ‡∏¢‡∏î‡∏•‡∏∏‡∏á‡∏ï‡∏π‡πà ‡∏•‡∏∏‡∏á‡∏ï‡∏π‡πà‡∏¢‡∏±‡∏á‡∏Å‡∏£‡∏∞‡∏à‡∏≤‡∏¢‡∏á‡∏ö‡πÑ‡∏õ‡∏û‡∏±‡∏í‡∏ô‡∏≤ ‡πÑ‡∏°‡πà‡πÄ‡∏´‡∏°‡∏∑‡∏≠‡∏ô‡∏ô‡∏≤‡∏¢‡∏Å‡∏ó‡∏µ‡πà‡∏Ñ‡∏∏‡∏ì‡∏≠‡∏ß‡∏¢ ‡∏†‡∏≤‡∏Ñ‡πÑ‡∏´‡∏ô‡πÑ‡∏°‡πà‡πÄ‡∏•‡∏∑‡∏≠‡∏Å‡πÄ‡∏Ñ‡πâ‡∏≤‡∏Å‡πá‡πÇ‡∏î‡∏ô‡πÅ‡∏ä‡πà‡πÅ‡∏Ç‡πá‡∏á‡∏£‡∏≠‡∏Å‡∏≤‡∏£‡∏û‡∏±‡∏í‡∏ô‡∏≤‡∏ï‡πà‡∏≠‡πÑ‡∏õ
32,2022-08-26 14:36:12+00:00,@MatichonOnline ‡∏´‡∏ô‡∏π‡πÄ‡∏≠‡πã  ‡∏•‡∏∏‡∏á‡∏õ‡πâ‡∏≠‡∏°‡πÉ‡∏´‡πâ‡∏≠‡∏°‡∏≠‡∏∞‡πÑ‡∏£‡∏ñ‡∏∂‡∏á‡πÑ‡∏î‡πâ‡∏≠‡∏ß‡∏¢‡∏Ç‡∏ô‡∏≤‡∏î‡∏ô‡∏µ‡πâ
33,2022-08-25 07:28:47+00:00,‡∏Ñ‡∏∑‡∏≠‡∏ñ‡πâ‡∏≤‡∏™‡∏•‡∏¥‡πà‡∏°‡∏°‡∏∂‡∏á‡πÑ‡∏°‡πà‡πÄ‡∏´‡πá‡∏ô‡πÅ‡∏Å‡πà‡∏õ‡∏£‡∏∞‡πÄ‡∏ó‡∏®‡πÅ‡∏•‡πâ‡∏ß‡∏≠‡∏ß‡∏¢‡∏•‡∏∏‡∏á‡∏õ‡πâ‡∏≠‡∏°‡∏ï‡πà‡∏≠ ‡∏°‡∏∂‡∏á‡πÄ‡∏´‡πá‡∏ô‡πÅ‡∏Å‡πà‡∏™‡∏∏‡∏Ç‡∏†‡∏≤‡∏û‡∏≠‡∏µ‡∏õ‡πâ‡∏≠‡∏°‡πÄ‡∏ñ‡∏≠‡∏∞ ‡∏≠‡∏µ‡∏Ñ‡∏ß‡∏≤‡∏¢‡∏ó‡∏≥‡πÑ‡∏£‡πÑ‡∏î‡πâ‡∏ö‡πâ‡∏≤‡∏áüò≠ ‡∏à‡∏∞‡πÑ‡∏î‡πâ‡∏à‡∏ö‡πÜ‡πÑ‡∏õ
34,2022-08-25 00:09:15+00:00,@carmen167057816 @Noolingcameback ..‡∏ú‡∏π‡πâ‡∏≠‡∏∏‡∏õ‡∏Å‡∏≤‡∏£‡∏∞‡∏Ñ‡∏∏‡∏ì‡πÑ‡∏î‡πâ‡∏°‡∏≤‡πÄ‡∏õ‡πá‡∏ô‡∏ó‡∏µ‡πà‡∏£‡∏∞‡∏•‡∏∂‡∏Å‡∏ß‡∏±‡∏ô‡∏Ñ‡∏•‡πâ‡∏≤‡∏¢‡∏ß‡∏±‡∏ô‡πÄ‡∏Å‡∏¥‡∏î‡∏•‡∏∏‡∏á‡∏õ‡πâ‡∏≠‡∏° ‡∏•‡∏∏‡∏á‡∏õ‡πâ‡∏≠‡∏°‡πÅ‡∏à‡∏Å‡∏ú‡∏π‡πâ‡πÄ‡∏Ç‡πâ‡∏≤‡∏≠‡∏ß‡∏¢‡∏û‡∏£ ‡∏ú‡∏π‡πâ‡∏õ‡∏£‡∏≤‡∏£‡∏ñ‡∏ô‡∏≤‡∏î‡∏µ ‡πÅ‡∏•‡∏∞‡∏™‡∏∑‡πà‡∏≠‡∏°‡∏ß‡∏•‡∏ä‡∏ô ‡∏Ñ‡∏±‡∏ö
35,2022-08-24 08:01:39+00:00,‡∏Å‡∏£‡∏π‡∏£‡∏≠‡∏î‡∏π‡∏ö‡∏ó‡∏™‡∏•‡∏¥‡πà‡∏°‡∏≠‡∏ß‡∏¢‡∏õ‡πâ‡∏≠‡∏°‡∏≠‡∏¢‡∏π‡πà‡∏≠‡∏∞ ‡πÅ‡∏ö‡∏ö ‡∏•‡∏∏‡∏á‡∏õ‡πâ‡∏≠‡∏°‡πÇ‡∏ã‡∏Ñ‡∏¥‡πâ‡∏ß‡∏ó‡πå ‡∏´‡∏ô‡πâ‡∏≤‡πÄ‡∏´‡∏°‡∏∑‡∏≠‡∏ô‡∏û‡∏£‡∏∞‡πÄ‡∏≠‡∏Å‡πÄ‡∏Å‡∏≤‡∏´‡∏•‡∏µ‡πÄ‡∏Å‡∏≤‡πÉ‡∏à ‡∏Ç‡∏≠‡∏°‡∏¥‡∏ô‡∏¥‡∏Æ‡∏≤‡∏£‡πå‡∏ó‡∏´‡∏ô‡πà‡∏≠‡∏¢‡∏Ñ‡πà‡∏≤ ‡∏≠‡πä‡∏≤‡∏¢ ‡πÉ‡∏à‡∏•‡∏∞‡∏•‡∏≤‡∏¢
36,2022-08-24 06:56:56+00:00,‡∏•‡∏∏‡∏á‡∏õ‡πâ‡∏≠‡∏°‡∏Ç‡∏≤ ‡∏à‡∏±‡∏î‡∏Å‡∏≤‡∏£‡πÑ‡∏•‡πà Amnesty ‡πÉ‡∏´‡πâ‡∏´‡∏ô‡πà‡∏≠‡∏¢‡∏™‡∏¥‡∏Ñ‡∏∞‡∏•‡∏∏‡∏á ‡∏ñ‡πâ‡∏≤‡∏ó‡∏≥‡πÑ‡∏î‡πâ ‡∏´‡∏ô‡∏π‡∏à‡∏∞‡∏≠‡∏ß‡∏¢‡∏•‡∏∏‡∏á 7 ‡∏ß‡∏±‡∏ô‡πÄ‡∏•‡∏¢‡∏Ñ‡πà‡∏∞
37,2022-08-18 05:05:53+00:00,"‡∏≠‡∏≤‡∏¢‡∏∏‡∏Ñ‡∏£‡∏ö 77 ‡∏õ‡∏µ 
‡πÅ‡∏°‡πâ‡∏ó‡∏≥‡∏á‡∏≤‡∏ô‡πÄ‡∏´‡∏ô‡∏∑‡πà‡∏≠‡∏¢‡πÅ‡∏Ñ‡πà‡πÑ‡∏´‡∏ô‡πÑ‡∏°‡πà‡∏°‡∏µ‡∏´‡∏ß‡∏±‡πà‡∏ô ‡∏ó‡∏∏‡∏Å‡∏ß‡∏±‡∏ô‡∏•‡∏∏‡∏¢‡∏Ç‡∏∂‡πâ‡∏ô‡πÄ‡∏´‡∏ô‡∏∑‡∏≠ ‡∏•‡∏á‡πÉ‡∏ï‡πâ ‡∏î‡∏π‡πÅ‡∏•‡∏ó‡∏∏‡∏Å‡∏Ç‡πå‡∏õ‡∏£‡∏∞‡∏ä‡∏≤‡∏ä‡∏ô‡πÑ‡∏°‡πà‡∏°‡∏µ‡∏ö‡πà‡∏ô‡∏™‡∏±‡∏Å‡∏Ñ‡∏≥ ‡∏ß‡∏±‡∏ô‡πÄ‡∏Å‡∏¥‡∏î‡∏õ‡∏µ‡∏ô‡∏µ‡πâ ‚Äú‡∏•‡∏∏‡∏á‡∏õ‡πâ‡∏≠‡∏°‚Äù ‡πÑ‡∏°‡πà‡∏Ç‡∏≠‡∏≠‡∏∞‡πÑ‡∏£‡∏°‡∏≤‡∏Å ‡∏Ç‡∏≠‡πÉ‡∏´‡πâ‡∏ï‡∏ô‡πÄ‡∏≠‡∏á‡∏°‡∏µ‡∏™‡∏∏‡∏Ç‡∏†‡∏≤‡∏û‡πÅ‡∏Ç‡πá‡∏á‡πÅ‡∏£‡∏á ‡∏°‡∏∏‡πà‡∏á‡∏°‡∏±‡πà‡∏ô‡∏ó‡∏≥‡∏á‡∏≤‡∏ô‡πÉ‡∏´‡πâ ‡∏ä‡∏≤‡∏ß‡∏ö‡πâ‡∏≤‡∏ô‡∏≠‡∏¢‡∏π‡πà‡∏î‡∏µ‡∏Å‡∏¥‡∏ô‡∏î‡∏µ
‡∏Ç‡∏≠‡∏≠‡∏ß‡∏¢‡∏û‡∏£‡πÉ‡∏´‡πâ ‚Äú‡∏•‡∏∏‡∏á‡∏õ‡πâ‡∏≠‡∏°‚Äù ‡∏™‡∏∏‡∏Ç‡∏†‡∏≤‡∏û‡πÅ‡∏Ç‡πá‡∏á‡πÅ‡∏£‡∏á‡∏ï‡∏•‡∏≠‡∏î‡πÑ‡∏õ‡∏ô‡∏∞‡∏Ñ‡∏£‡∏±‡∏ö
#‡∏•‡∏∏‡∏á‡∏õ‡πâ‡∏≠‡∏° #‡∏õ‡∏£‡∏∞‡∏ß‡∏¥‡∏ï‡∏£ https://t.co/mO8rurt5fS"
38,2022-08-15 03:35:46+00:00,‡∏™‡∏™.‡∏ö‡∏≤‡∏á‡∏û‡∏£‡∏£‡∏Ñ ‡∏°‡∏≤‡∏õ‡∏£‡∏∞‡∏ä‡∏∏‡∏°‡πÄ‡∏û‡∏∑‡πà‡πà‡∏≠‡∏û‡∏¥‡∏à‡∏≤‡∏£‡∏ì‡∏≤‡∏Å‡∏é‡∏´‡∏°‡∏≤‡∏¢‡πÉ‡∏´‡πâ‡∏õ‡∏£‡∏∞‡∏ä‡∏≤‡∏ä‡∏ô‡πÑ‡∏°‡πà‡πÑ‡∏î‡πâ ‡πÅ‡∏ï‡πà‡πÑ‡∏õ‡∏≠‡∏ß‡∏¢‡∏û‡∏£‡∏ß‡∏±‡∏ô‡πÄ‡∏Å‡∏¥‡∏î‡∏•‡∏∏‡∏á‡∏õ‡πâ‡∏≠‡∏°‡πÑ‡∏î‡πâ
39,2022-08-11 18:19:51+00:00,@Somjuicy1 ‡∏≠‡∏ß‡∏¢ ‡∏û‡∏£ ‡πÉ‡∏´‡πâ‡∏•‡∏∏‡∏á‡∏õ‡πâ‡∏≠‡∏°
40,2022-08-11 07:55:01+00:00,"""‡πÄ‡∏≠‡πã ‡∏õ‡∏≤‡∏£‡∏µ‡∏ì‡∏≤"" ‡πÇ‡∏û‡∏™‡∏ï‡πå‡πÄ‡∏ü‡∏ã‡∏ö‡∏∏‡πä‡∏Å ‡∏≠‡∏ß‡∏¢‡∏û‡∏£‡∏ß‡∏±‡∏ô‡πÄ‡∏Å‡∏¥‡∏î""‡∏•‡∏∏‡∏á‡∏õ‡πâ‡∏≠‡∏°"" ‡πÉ‡∏´‡πâ‡∏Å‡∏≥‡∏•‡∏±‡∏á‡πÉ‡∏à‡∏•‡∏∏‡∏á‡∏ó‡∏≥‡∏á‡∏≤‡∏ô‡∏´‡∏ô‡∏±‡∏Å ‡πÅ‡∏ñ‡∏°‡πÄ‡∏õ‡πá‡∏ô‡∏ú‡∏π‡πâ‡∏Å‡∏≥‡∏´‡∏ô‡∏î‡∏ä‡∏∞‡∏ï‡∏≤‡∏Å‡∏≤‡∏£‡πÄ‡∏°‡∏∑‡∏≠‡∏á‡πÑ‡∏ó‡∏¢ ‡∏´‡∏¢‡∏≠‡∏î‡∏£‡∏±‡∏Å‡∏ó‡∏µ‡πà‡∏™‡∏∏‡∏î‡πÉ‡∏ô‡∏™‡∏≤‡∏°‡πÇ‡∏•‡∏Å

‡∏≠‡πà‡∏≤‡∏ô‡∏ï‡πà‡∏≠ : https://t.co/3oGLkJCsHY

#‡πÄ‡∏£‡∏∑‡πà‡∏≠‡∏á‡πÄ‡∏•‡πà‡∏≤‡πÄ‡∏ä‡πâ‡∏≤‡∏ô‡∏µ‡πâ #‡∏Ç‡πà‡∏≤‡∏ß‡∏ä‡πà‡∏≠‡∏á3 #‡∏Ç‡πà‡∏≤‡∏ß‡∏Å‡∏≤‡∏£‡πÄ‡∏°‡∏∑‡∏≠‡∏á #‡πÄ‡∏≠‡πã‡∏õ‡∏≤‡∏£‡∏µ‡∏ì‡∏≤"
41,2022-08-11 04:33:22+00:00,"‚Äú‡∏•‡∏∏‡∏á‡∏õ‡πâ‡∏≠‡∏°‚Äù ‡∏û‡∏õ‡∏ä‡∏£. ,‡πÑ‡∏ó‡∏¢‡πÅ‡∏•‡∏ô‡∏î‡πå 
.

‡∏™‡∏™.‡∏û‡∏õ‡∏ä‡∏£. ‡πÄ‡∏ï‡∏£‡∏µ‡∏¢‡∏° ‡∏£‡πà‡∏ß‡∏°‡∏£‡πâ‡∏≠‡∏á‡πÄ‡∏û‡∏•‡∏á Happy Birthday ‡∏≠‡∏ß‡∏¢‡∏û‡∏£ ‡∏ß‡∏±‡∏ô‡πÄ‡∏Å‡∏¥‡∏î‚Äù‡∏´‡∏±‡∏ß‡∏´‡∏ô‡πâ‡∏≤‡∏õ‡πâ‡∏≠‡∏°‚Äù
‡πÄ‡∏¢‡πá‡∏ô‡∏ô‡∏µ‡πâ 
‡∏ó‡∏≥‡πÄ‡∏Ñ‡πâ‡∏Å  ‚Äú‡∏•‡∏∏‡∏á‡∏õ‡πâ‡∏≠‡∏°‚Äù ‡∏≠‡∏¢‡πà‡∏≤‡∏á‡∏´‡∏•‡πà‡∏≠
‡∏¢‡∏∑‡∏ô‡∏ö‡∏ô ‡πÅ‡∏ú‡∏ô‡∏ó‡∏µ‡πà‡∏õ‡∏£‡∏∞‡πÄ‡∏ó‡∏®‡πÑ‡∏ó‡∏¢ 

https://t.co/4RYXVq1Qug https://t.co/rGM6PZ4NAy https://t.co/kwU72D6ASA"
42,2022-08-11 03:40:58+00:00,"3 ‡∏õ. ‡∏ä‡∏∑‡πà‡∏ô‡∏°‡∏∑‡πà‡∏ô ‡∏≠‡∏ß‡∏¢‡∏û‡∏£‡∏ß‡∏±‡∏ô‡πÄ‡∏Å‡∏¥‡∏î ‚Äú‡∏•‡∏∏‡∏á‡∏õ‡πâ‡∏≠‡∏°‚Äù ‡∏≠‡∏≤‡∏¢‡∏∏‡∏Ñ‡∏£‡∏ö 77 ‡∏õ‡∏µ ‡πÇ‡∏ä‡∏ß‡πå‡∏´‡∏ß‡∏≤‡∏ô‡πÇ‡∏≠‡∏ö ‚Äú‡∏ö‡∏¥‡πä‡∏Å‡∏õ‡πä‡∏≠‡∏Å‚Äù ‡∏ö‡∏≠‡∏Å ‚Äú‡πÑ‡∏°‡πà‡∏°‡∏µ‡∏ó‡∏∞‡πÄ‡∏•‡∏≤‡∏∞‡∏Å‡∏±‡∏ô‚Äù ‡∏õ‡∏±‡∏î‡∏ï‡πà‡∏≠‡∏™‡∏≤‡∏ô‡∏ï‡∏£‡∏á‡∏•‡πá‡∏≠‡∏ö‡∏ö‡∏µ‡πâ ‡∏™.‡∏™.‡∏û‡∏õ‡∏ä‡∏£.‡πÑ‡∏°‡πà‡∏£‡πà‡∏ß‡∏°‡∏õ‡∏£‡∏∞‡∏ä‡∏∏‡∏°‡∏™‡∏†‡∏≤‡∏•‡πâ‡∏°‡∏™‡∏π‡∏ï‡∏£‡∏´‡∏≤‡∏£ 500 ‡πÄ‡∏°‡∏∑‡πà‡∏≠‡∏ß‡∏≤‡∏ô
.
https://t.co/OHM7RAlxh1 https://t.co/ukF8gTmbOr"
43,2022-08-11 02:59:54+00:00,"Happy Birth Day ‡∏•‡∏∏‡∏á‡∏õ‡πâ‡∏≠‡∏°

üìå3 ‡∏õ. ‡∏ä‡∏∑‡πà‡∏ô‡∏°‡∏∑‡πà‡∏ô ‡∏õ‡∏¥‡∏î‡∏´‡πâ‡∏≠‡∏á‡∏Ñ‡∏∏‡∏¢ 30 ‡∏ô‡∏≤‡∏ó‡∏µ ‡∏≠‡∏ß‡∏¢‡∏û‡∏£ 77 ‡∏õ‡∏µ ‚Äú‡∏ö‡∏¥‡πä‡∏Å‡∏õ‡πâ‡∏≠‡∏°‚Äù ‡πÇ‡∏≠‡∏ö ‚Äú‡∏ö‡∏¥‡πä‡∏Å‡∏õ‡πä‡∏≠‡∏Å‚Äù ‡πÇ‡∏ä‡∏ß‡πå‡∏™‡∏∑‡πà‡∏≠‡∏ñ‡∏≤‡∏°‡πÉ‡∏Ñ‡∏£‡∏ß‡πà‡∏≤ ‡∏ó‡∏∞‡πÄ‡∏•‡∏≤‡∏∞‡∏Å‡∏±‡∏ô ‡∏õ‡∏±‡∏î‡∏ï‡πà‡∏≠‡∏™‡∏≤‡∏ô‡∏ï‡∏£‡∏á‡∏•‡πá‡∏≠‡∏ö‡∏ö‡∏µ‡πâ ‡∏™.‡∏™.‡∏û‡∏õ‡∏ä‡∏£.‡πÑ‡∏°‡πà‡∏£‡πà‡∏ß‡∏°‡∏õ‡∏£‡∏∞‡∏ä‡∏∏‡∏°‡∏™‡∏†‡∏≤‡∏ß‡∏±‡∏ô‡∏ô‡∏µ‡πâ

#‡∏ö‡∏¥‡πä‡∏Å‡∏õ‡πâ‡∏≠‡∏° #‡∏ö‡∏¥‡πä‡∏Å‡∏õ‡πä‡∏≠‡∏Å #‡∏ö‡∏¥‡πä‡∏Å‡∏ï‡∏π‡πà #‡∏õ‡∏£‡∏∞‡∏ß‡∏¥‡∏ï‡∏£‡∏ß‡∏á‡∏©‡πå‡∏™‡∏∏‡∏ß‡∏£‡∏£‡∏ì #‡∏Ç‡πà‡∏≤‡∏ß‡∏Å‡∏≤‡∏£‡πÄ‡∏°‡∏∑‡∏≠‡∏á
#iNNNews  #‡πÑ‡∏°‡πà‡∏û‡∏•‡∏≤‡∏î‡∏ó‡∏∏‡∏Å‡πÄ‡∏£‡∏∑‡πà‡∏≠‡∏á‡∏≠‡∏¥‡∏ô‡πÄ‡∏ó‡∏£‡∏ô‡∏î‡πå https://t.co/BMoVZgR20N"
44,2022-08-11 02:32:07+00:00,"‚Äú‡∏•‡∏∏‡∏á‡∏õ‡πâ‡∏≠‡∏°‚Äù ‡∏û‡∏õ‡∏ä‡∏£. ,‡πÑ‡∏ó‡∏¢‡πÅ‡∏•‡∏ô‡∏î‡πå 
.

‡∏™‡∏™.‡∏û‡∏õ‡∏ä‡∏£. ‡πÄ‡∏ï‡∏£‡∏µ‡∏¢‡∏° ‡∏£‡πà‡∏ß‡∏°‡∏£‡πâ‡∏≠‡∏á‡πÄ‡∏û‡∏•‡∏á Happy Birthday ‡∏≠‡∏ß‡∏¢‡∏û‡∏£ ‡∏ß‡∏±‡∏ô‡πÄ‡∏Å‡∏¥‡∏î‚Äù‡∏´‡∏±‡∏ß‡∏´‡∏ô‡πâ‡∏≤‡∏õ‡πâ‡∏≠‡∏°‚Äù
‡πÄ‡∏¢‡πá‡∏ô‡∏ô‡∏µ‡πâ 
‡∏ó‡∏≥‡πÄ‡∏Ñ‡πâ‡∏Å  ‚Äú‡∏•‡∏∏‡∏á‡∏õ‡πâ‡∏≠‡∏°‚Äù ‡∏≠‡∏¢‡πà‡∏≤‡∏á‡∏´‡∏•‡πà‡∏≠
‡∏¢‡∏∑‡∏ô‡∏ö‡∏ô ‡πÅ‡∏ú‡∏ô‡∏ó‡∏µ‡πà‡∏õ‡∏£‡∏∞‡πÄ‡∏ó‡∏®‡πÑ‡∏ó‡∏¢ 

https://t.co/xiCrapR0wd https://t.co/W7EOGjePh9"
45,2022-05-31 07:03:15+00:00,@AmaratJeab ‡∏•‡∏∏‡∏á‡∏ó‡∏µ‡πà‡πÇ‡∏´‡∏ô‡∏û‡∏£‡∏∞‡∏û‡∏∏‡∏ó‡∏ò‡πÄ‡∏à‡πâ‡∏≤‡∏≠‡∏ß‡∏¢‡∏•‡∏∏‡∏á‡∏õ‡πâ‡∏≠‡∏°‡∏à‡∏ô‡πÉ‡∏™‡πâ‡πÑ‡∏´‡∏•
46,2022-05-29 22:29:55+00:00,‡∏ñ‡∏∂‡∏á‡∏ä‡πà‡∏ß‡∏á‡πÄ‡∏ß‡∏•‡∏≤‡∏Ç‡∏≠‡∏á ‡∏ú‡∏ç.2 ‡∏Ñ‡∏ô ‡πÄ‡∏Ç‡∏≤‡∏à‡∏±‡∏î‡∏£‡∏≤‡∏¢‡∏Å‡∏≤‡∏£‡∏™‡∏±‡∏Å 40 ‡∏ô‡∏≤‡∏ó‡∏µ ‡∏≠‡∏ß‡∏¢ ‡∏ú‡∏ß.‡∏Å‡∏ó‡∏°.‡∏Å‡∏±‡∏ö‡∏ù‡∏≤‡πÅ‡∏ù‡∏î ‡πÄ‡∏Å‡∏∑‡∏≠‡∏ö 20 ‡∏ô‡∏≤‡∏ó‡∏µ ‡∏û‡∏π‡∏î‡∏ñ‡∏∂‡∏á‡∏•‡∏∏‡∏á‡∏õ‡πâ‡∏≠‡∏°‡∏≠‡∏≠‡∏Å‡πÑ‡∏õ‡πÄ‡∏•‡∏∑‡∏≠‡∏Å‡∏ï‡∏±‡πâ‡∏á‡∏™‡∏î‡∏∏‡∏î‡πÄ‡∏Å‡∏∑‡∏≠‡∏ö‡∏•‡πâ‡∏°‡∏™‡∏±‡∏Å 5 ‡∏ô‡∏≤‡∏ó‡∏µ
47,2022-05-19 06:44:17+00:00,@nimdaex ‡πÑ‡∏°‡πà‡πÑ‡∏î‡πâ‡∏≠‡∏¢‡∏≤‡∏Å‡∏à‡∏∞‡∏≠‡∏ß‡∏¢‡∏•‡∏∏‡∏á‡∏õ‡πâ‡∏≠‡∏°‡∏ô‡∏∞ ‡πÅ‡∏ï‡πà‡∏õ‡∏µ‡∏ô‡∏µ‡πâ ‡∏´‡∏•‡∏≤‡∏¢‡∏™‡∏°‡∏≤‡∏Ñ‡∏°‡∏°‡∏±‡∏ô‡∏î‡∏µ‡∏Ç‡∏∂‡πâ‡∏ô‡∏à‡∏£‡∏¥‡∏á‡πÜ‡∏ô‡∏∞
48,2022-05-01 03:12:05+00:00,@CharAzn99205155 ‡πÑ‡∏õ‡∏î‡πà‡∏≤‡πÑ‡∏ó‡∏¢‡πÇ‡∏û‡∏™‡∏ï‡πå‡∏î‡∏¥‡πÑ‡∏≠‡πâ‡∏ü‡∏≤‡∏¢‡∏¢‡∏¢‡∏¢ 555 ‡πÑ‡∏ó‡∏¢‡πÇ‡∏û‡∏™‡∏ï‡πå‡πÑ‡∏á ‡∏£‡∏π‡πâ‡∏à‡∏±‡∏Å‡∏°‡∏±‡πâ‡∏¢ ‡∏ó‡∏µ‡πà‡∏ä‡∏≠‡∏ö‡∏≠‡∏ß‡∏¢‡∏•‡∏∏‡∏á‡∏ï‡∏π‡πà‡∏≠‡∏∞ ‡πÄ‡∏£‡πá‡∏ß‡πÜ‡∏ô‡∏∞ ‡πÄ‡∏î‡πà‡∏ß‡πÄ‡∏Ç‡∏≤‡∏à‡∏∞‡∏≠‡∏ß‡∏¢‡∏•‡∏∏‡∏á‡∏õ‡πâ‡∏≠‡∏°‡πÅ‡∏•‡πâ‡∏ß ‡πÄ‡∏£‡∏≤‡∏£‡∏±‡∏Å‡∏•‡∏∏‡∏á‡∏õ‡πâ‡∏≠‡∏° ‡πÄ‡∏£‡∏≤‡∏£‡∏±‡∏Å‡∏•‡∏∏‡∏á‡∏õ‡πâ‡∏≠‡∏°
49,2022-04-16 16:25:09+00:00,‡∏£‡∏≤‡∏ä‡∏ö‡∏∏‡∏£‡∏µ ‡∏™‡∏≠‡∏á‡∏û‡πà‡∏≠‡∏•‡∏π‡∏Å ‚Äú‡∏õ‡∏≤‡∏£‡∏µ‡∏ì‡∏≤-‡∏ó‡∏ß‡∏µ‚Äù ‡∏¢‡∏±‡∏ô ‚Äú‡∏•‡∏∏‡∏á‡∏õ‡πâ‡∏≠‡∏°‚Äù ‡∏Ç‡∏∂‡πâ‡∏ô‡∏õ‡πâ‡∏≤‡∏¢‡πÉ‡∏´‡∏ç‡πà‡∏≠‡∏ß‡∏¢‡∏û‡∏£‡∏™‡∏á‡∏Å‡∏£‡∏≤‡∏ô‡∏ï‡πå ‡πÑ‡∏°‡πà‡∏°‡∏µ‡πÄ‡∏à‡∏ï‡∏ô‡∏≤‡∏ä‡∏µ‡πâ‡∏ô‡∏≥‡πÄ‡∏õ‡πá‡∏ô‡∏ô‡∏≤‡∏¢‡∏Å https://t.co/KUqnCRsgBm
50,2022-04-16 16:25:09+00:00,‡∏£‡∏≤‡∏ä‡∏ö‡∏∏‡∏£‡∏µ ‡∏™‡∏≠‡∏á‡∏û‡πà‡∏≠‡∏•‡∏π‡∏Å ‚Äú‡∏õ‡∏≤‡∏£‡∏µ‡∏ì‡∏≤-‡∏ó‡∏ß‡∏µ‚Äù ‡∏¢‡∏±‡∏ô ‚Äú‡∏•‡∏∏‡∏á‡∏õ‡πâ‡∏≠‡∏°‚Äù ‡∏Ç‡∏∂‡πâ‡∏ô‡∏õ‡πâ‡∏≤‡∏¢‡πÉ‡∏´‡∏ç‡πà‡∏≠‡∏ß‡∏¢‡∏û‡∏£‡∏™‡∏á‡∏Å‡∏£‡∏≤‡∏ô‡∏ï‡πå ‡πÑ‡∏°‡πà‡∏°‡∏µ‡πÄ‡∏à‡∏ï‡∏ô‡∏≤‡∏ä‡∏µ‡πâ‡∏ô‡∏≥‡πÄ‡∏õ‡πá‡∏ô‡∏ô‡∏≤‡∏¢‡∏Å https://t.co/SiB7NqyR5s
51,2022-04-14 10:21:14+00:00,"‡∏ä‡∏≠‡∏ö‡∏ó‡∏µ‡∏°‡∏≠‡∏ß‡∏¢‡∏ú‡∏•‡∏á‡∏≤‡∏ô‡∏•‡∏∏‡∏á‡∏õ‡πâ‡∏≠‡∏°‡πÉ‡∏ô‡∏ó‡∏ß‡∏¥‡∏ï‡∏°‡∏≤‡∏Å‡∏≠‡∏∞ ‡∏õ‡∏•‡πà‡∏≠‡∏¢‡∏Ç‡∏≠‡∏á‡∏≠‡∏≠‡∏Å‡∏ó‡∏∏‡∏Å‡∏ß‡∏±‡∏ô‡∏≠‡∏∞ 
....‡∏ï‡∏±‡∏î‡∏†‡∏≤‡∏û‡∏°‡∏≤‡∏ó‡∏µ‡πà‡∏•‡∏∏‡∏á‡∏ï‡∏π‡πà‡∏Ç‡∏≠‡∏á‡∏≠‡∏¥‡∏ä‡∏±‡πâ‡∏ô ‡∏à‡∏∞‡∏≠‡∏≤‡∏®‡∏±‡∏¢io‡∏Å‡πá‡∏°‡∏±‡∏ß‡∏Å‡∏¥‡∏ô‡∏°‡πà‡∏≤‡∏°‡∏±‡πà‡∏á ‡∏ó‡∏≥‡∏™‡πÄ‡∏ï‡πá‡∏Å‡∏°‡∏±‡πà‡∏á ‡∏™‡πÄ‡∏ù‡∏≠‡∏¢‡∏°‡∏∞‡∏°‡πà‡∏ß‡∏á‡∏°‡∏±‡πà‡∏áüò´"
52,2022-04-14 01:53:23+00:00,"‡πÅ‡∏Ñ‡πà  ‡∏õ‡πâ‡∏≤‡∏¢‡∏≠‡∏ß‡∏¢‡∏û‡∏£‡∏ß‡∏±‡∏ô‡∏™‡∏á‡∏Å‡∏£‡∏≤‡∏ô‡∏ï‡πå‡∏•‡∏∏‡∏á‡∏õ‡πâ‡∏≠‡∏°
‡πÄ‡πÄ‡∏°‡πâ‡∏ß‡∏Å‡πá‡πÄ‡∏™‡∏µ‡πâ‡∏¢‡∏° ‡∏ß‡πà‡∏≤‡∏•‡∏∏‡∏á‡∏õ‡πâ‡∏≠‡∏°‡∏à‡∏∞‡πÄ‡∏õ‡πá‡∏ô‡∏ô‡∏≤‡∏¢‡∏Å
‡∏™‡∏∑‡πà‡∏≠‡∏ó‡∏µ‡πà‡∏£‡∏π‡πâ‡∏Å‡∏±‡∏ô‡∏Å‡πá‡πÑ‡∏õ‡∏ñ‡∏≤‡∏°‡∏•‡∏∏‡∏á‡∏ï‡∏π‡πà ‡∏´‡∏ß‡∏±‡∏á‡πÉ‡∏´‡πâ‡πÄ‡πÄ‡∏ï‡∏Å‡πÄ‡πÄ‡∏¢‡∏Å
‡πÇ‡∏£‡∏°‡∏Å‡πá‡∏£‡∏±‡∏ö‡∏•‡∏π‡∏Å‡∏ß‡πà‡∏≤‡∏£‡∏±‡∏ê‡∏ö‡∏≤‡∏•‡∏î‡∏µ‡πÄ‡πÄ‡∏ï‡πà‡πÇ‡∏Ü‡∏©‡∏ì‡∏≤
‡∏ñ‡∏ñ‡∏ñ‡∏ñ‡∏ñ.
‡πÅ‡∏Ñ‡πà‡∏õ‡πâ‡∏≤‡∏¢‡∏≠‡∏ß‡∏¢‡∏û‡∏£‡∏™‡∏á‡∏Å‡∏£‡∏≤‡∏ô‡∏ï‡πå
‡∏ï‡∏¥‡∏î‡πÉ‡∏´‡πâ‡∏î‡∏π‡∏ó‡∏±‡πà‡∏ß‡∏õ‡∏£‡∏∞‡πÄ‡∏ó‡∏®
‡∏ß‡πà‡∏≤ ‡∏û‡∏õ‡∏ä‡∏£ ‡∏™‡πà‡∏á ‡∏™‡∏Å. 50 ‡πÄ‡∏Ç‡∏ï ‡πÄ‡πÄ‡∏Ñ‡πà‡∏ô‡∏±‡πâ‡∏ô
‡∏Ñ‡∏¥‡∏î‡πÑ‡∏õ‡πÄ‡∏≠‡∏á‡∏¢‡∏Å‡πÉ‡∏´‡∏ç‡πà
‡∏ñ‡πâ‡∏≤‡∏Ñ‡∏ô‡∏û‡∏ß‡∏Å‡∏ô‡∏µ‡πâ‡∏°‡∏≤‡∏ö‡∏£‡∏¥‡∏´‡∏≤‡∏£‡∏õ‡∏£‡∏∞‡πÄ‡∏ó‡∏®‡∏Ñ‡∏á‡∏à‡∏∞‡∏ü‡∏∏‡πâ‡∏á‡∏ô‡πà‡∏≤‡∏î‡∏π https://t.co/SCphsFD8RI"
53,2022-04-12 03:23:30+00:00,"@MatichonOnline ‡πÑ‡∏°‡πà‡πÉ‡∏ä‡πà‡∏Å‡∏≤‡∏£‡∏≠‡∏ß‡∏¢‡∏û‡∏£‡∏•‡∏∞‡∏Ñ‡∏£‡∏±‡∏ö ‡∏õ‡∏£‡∏Å‡∏ï‡∏¥‡∏õ‡πâ‡∏≤‡∏¢‡πÉ‡∏´‡∏ç‡πà‡∏õ‡πâ‡∏≤‡∏¢‡∏™‡∏≠‡∏á‡∏õ‡πâ‡∏≤‡∏¢‡∏Å‡πá‡∏ñ‡∏∑‡∏≠‡∏ß‡πà‡∏≤ ‡∏≠‡∏ß‡∏¢‡∏û‡∏£‡∏Å‡∏±‡∏ô ‡πÅ‡∏ï‡πà‡∏ó‡πà‡∏≤‡∏ô‡∏à‡∏±‡∏î‡∏õ‡πâ‡∏≤‡∏¢‡πÄ‡∏¢‡∏≠‡∏∞‡∏°‡∏≤‡∏Å‡πÜ ‡∏ï‡∏•‡∏≠‡∏î‡∏ó‡∏≤‡∏á ‡∏ú‡∏°‡πÄ‡∏ä‡∏∑‡πà‡∏≠‡∏°‡∏±‡πà‡∏ô‡∏ß‡πà‡∏≤ ‡∏Ñ‡∏ô‡∏à‡∏±‡∏î‡∏ó‡∏≥‡πÑ‡∏°‡πà‡∏´‡∏ß‡∏±‡∏á‡∏î‡∏µ‡∏ï‡πà‡∏≠‡∏•‡∏∏‡∏á‡∏õ‡πâ‡∏≠‡∏°‡πÅ‡∏ô‡πà‡∏ô‡∏≠‡∏ô
‡∏ñ‡πâ‡∏≤‡∏•‡∏∏‡∏á‡∏õ‡πâ‡∏≠‡∏°‡∏ó‡∏≥‡πÄ‡∏≠‡∏á ‡∏ú‡∏°‡∏ß‡πà‡∏≤ ‡∏•‡∏∏‡∏á‡∏ö‡πâ‡∏≤‡πÑ‡∏õ‡πÅ‡∏•‡πâ‡∏ß‡∏Ñ‡∏£‡∏±‡∏ö"
54,2022-04-10 04:40:00+00:00,"'‡∏õ‡πâ‡∏≤‡∏¢‡∏•‡∏∏‡∏á‡∏õ‡πâ‡∏≠‡∏°' ‡∏™‡∏ß‡∏±‡∏™‡∏î‡∏µ‡∏™‡∏á‡∏Å‡∏£‡∏≤‡∏ô‡∏ï‡πå ‡πÇ‡∏ú‡∏•‡πà‡∏´‡∏•‡∏≤‡∏¢‡∏à‡∏±‡∏á‡∏´‡∏ß‡∏±‡∏î '‡∏ä‡∏±‡∏¢‡∏ß‡∏∏‡∏í‡∏¥' ‡∏¢‡∏±‡∏ô‡πÑ‡∏°‡πà‡∏°‡∏µ‡∏ô‡∏±‡∏¢‡∏¢‡∏∞‡πÄ‡πÄ‡∏≠‡∏ö‡πÄ‡πÄ‡∏ù‡∏á ‡∏ä‡∏µ‡πâ‡πÄ‡∏´‡∏°‡∏∑‡∏≠‡∏ô‡∏°‡∏µ‡∏û‡πà‡∏≠‡∏°‡∏≤‡∏≠‡∏ß‡∏¢‡∏û‡∏£

#Ch3ThailandNews
#Ch3Plus
#‡∏Ç‡πà‡∏≤‡∏ß‡∏ä‡πà‡∏≠‡∏á3

https://t.co/sIL5yt1CoP"
55,2022-04-09 10:23:52+00:00,‚Äò‡∏•‡∏∏‡∏á‡∏õ‡πâ‡∏≠‡∏°‚Äô ‡∏Ç‡∏∂‡πâ‡∏ô‡∏õ‡πâ‡∏≤‡∏¢‡πÉ‡∏´‡∏ç‡πà‡πÄ‡∏ö‡∏¥‡πâ‡∏° ‡∏≠‡∏ß‡∏¢‡∏û‡∏£‡∏™‡∏á‡∏Å‡∏£‡∏≤‡∏ô‡∏ï‡πå‡∏Ç‡∏≠‡∏ô‡πÅ‡∏Å‡πà‡∏ô ‡∏ä‡∏≤‡∏ß‡πÄ‡∏ô‡πá‡∏ï ‡∏ñ‡∏≤‡∏° ‡∏™‡∏±‡∏ç‡∏ç‡∏≤‡∏ì‡πÄ‡∏•‡∏∑‡∏≠‡∏Å‡∏ï‡∏±‡πâ‡∏á‡∏´‡∏£‡∏∑‡∏≠‡πÑ‡∏°‡πà https://t.co/VYhKaquR2A via @MatichonOnline
56,2022-04-09 07:20:39+00:00,"#‡πÄ‡∏£‡∏∑‡πà‡∏≠‡∏á‡πÄ‡∏•‡πà‡∏≤‡πÄ‡∏ä‡πâ‡∏≤‡∏ô‡∏µ‡πâ  ‡πÄ‡∏û‡∏à '‡∏Å‡∏≤‡∏£‡πÄ‡∏°‡∏∑‡∏≠‡∏á' ‡πÑ‡∏î‡πâ‡πÇ‡∏û‡∏™‡∏ï‡πå‡∏£‡∏π‡∏õ‡∏†‡∏≤‡∏û‡πÅ‡∏•‡∏∞‡∏Ç‡πâ‡∏≠‡∏Ñ‡∏ß‡∏≤‡∏° '‡∏•‡∏∏‡∏á‡∏õ‡πâ‡∏≠‡∏°' ‡∏Ç‡∏∂‡πâ‡∏ô‡∏õ‡πâ‡∏≤‡∏¢‡πÉ‡∏´‡∏ç‡πà '‡∏™‡∏ß‡∏±‡∏™‡∏î‡∏µ‡∏õ‡∏µ‡πÉ‡∏´‡∏°‡πà‡πÑ‡∏ó‡∏¢' ‡πÇ‡∏ú‡∏•‡πà‡∏£‡∏¥‡∏°‡∏ñ‡∏ô‡∏ô ‡∏≠‡∏ß‡∏¢‡∏û‡∏£‡∏Ñ‡∏ô‡∏Å‡∏•‡∏±‡∏ö‡∏†‡∏π‡∏°‡∏¥‡∏•‡∏≥‡πÄ‡∏ô‡∏≤

#CH3Plus #‡∏Ç‡πà‡∏≤‡∏ß‡∏ä‡πà‡∏≠‡∏á3
#‡∏Ç‡πà‡∏≤‡∏ß‡∏Å‡∏≤‡∏£‡πÄ‡∏°‡∏∑‡∏≠‡∏á #‡∏õ‡∏£‡∏∞‡∏ß‡∏¥‡∏ï‡∏£
 
https://t.co/mTU6976RBM"
57,2022-04-09 04:10:00+00:00,"'‡∏•‡∏∏‡∏á‡∏õ‡πâ‡∏≠‡∏°' ‡∏Ç‡∏∂‡πâ‡∏ô‡∏õ‡πâ‡∏≤‡∏¢‡πÉ‡∏´‡∏ç‡πà '‡∏™‡∏ß‡∏±‡∏™‡∏î‡∏µ‡∏õ‡∏µ‡πÉ‡∏´‡∏°‡πà‡πÑ‡∏ó‡∏¢' ‡πÇ‡∏ú‡∏•‡πà‡∏£‡∏¥‡∏°‡∏ñ‡∏ô‡∏ô ‡∏≠‡∏ß‡∏¢‡∏û‡∏£‡∏Ñ‡∏ô‡∏Å‡∏•‡∏±‡∏ö‡∏†‡∏π‡∏°‡∏¥‡∏•‡∏≥‡πÄ‡∏ô‡∏≤

#Ch3ThailandNews #Ch3Plus #‡∏Ç‡πà‡∏≤‡∏ß‡∏ä‡πà‡∏≠‡∏á3

https://t.co/rnSMxeB1Eu"
58,2022-03-22 10:35:14+00:00,"‚Äú‡∏ö‡∏¥‡πä‡∏Å‡∏ï‡∏π‡πà‚Äù ‡∏Å‡∏±‡πä‡∏Å‡πÅ‡∏Ñ‡∏ô‡∏î‡∏¥‡πÄ‡∏î‡∏ï‡∏ô‡∏≤‡∏¢‡∏Å‡∏Ø ‡∏û‡∏£‡∏£‡∏Ñ‡∏•‡∏±‡πà‡∏ô‡∏≠‡∏¢‡πà‡∏≤‡πÄ‡∏û‡∏¥‡πà‡∏á‡∏ñ‡∏≤‡∏°‡∏¢‡∏±‡∏á‡πÑ‡∏°‡πà‡∏ñ‡∏∂‡∏á‡πÄ‡∏ß‡∏•‡∏≤ ‡πÄ‡∏ú‡∏¢ ‚Äú‡∏•‡∏∏‡∏á‡∏õ‡πâ‡∏≠‡∏°‚Äù ‡∏≠‡∏ß‡∏¢‡∏û‡∏£‡πÉ‡∏´‡πâ‡∏ó‡∏≥‡∏á‡∏≤‡∏ô‡∏™‡∏≥‡πÄ‡∏£‡πá‡∏à ‡∏Ñ‡∏ô‡πÑ‡∏ó‡∏¢‡∏≠‡∏¢‡πà‡∏≤‡∏ó‡∏∞‡πÄ‡∏•‡∏≤‡∏∞‡∏Å‡∏±‡∏ô‡∏ï‡∏≠‡∏ô‡∏ô‡∏µ‡πâ ‡∏Ç‡∏≠‡∏ä‡πà‡∏ß‡∏¢‡∏ó‡∏≥‡∏ö‡πâ‡∏≤‡∏ô‡πÄ‡∏°‡∏∑‡∏≠‡∏á‡∏î‡∏µ‡∏Ç‡∏∂‡πâ‡∏ô-‡∏™‡∏á‡∏ö‡∏™‡∏∏‡∏Ç
https://t.co/4vp7OWhj0b

#‡∏ô‡∏≤‡∏¢‡∏Å‡∏Ø
#‡∏•‡∏∏‡∏á‡∏ï‡∏π‡πà
#‡πÅ‡∏Ñ‡∏ô‡∏î‡∏¥‡πÄ‡∏î‡∏ï‡∏ô‡∏≤‡∏¢‡∏Å‡∏Ø 
#iNNNews 
#‡πÑ‡∏°‡πà‡∏û‡∏•‡∏≤‡∏î‡∏ó‡∏∏‡∏Å‡πÄ‡∏£‡∏∑‡πà‡∏≠‡∏á‡∏≠‡∏¥‡∏ô‡πÄ‡∏ó‡∏£‡∏ô‡∏î‡πå https://t.co/7gUggcb8ti"
59,2022-02-18 07:08:47+00:00,‡∏Å‡∏µ‡∏ö‡∏™‡∏∏‡∏î‡∏≤ ‡∏à‡∏∞‡∏≠‡∏ß‡∏¢‡∏Ñ‡∏ô‡πÅ‡∏ö‡∏ö‡∏ô‡∏µ‡πâ‡∏à‡∏£‡∏¥‡∏á ‡πÜ ‡πÄ‡∏´‡∏£‡∏≠ ‡∏Å‡πà‡∏≠‡∏ô‡∏´‡∏ô‡πâ‡∏≤‡∏î‡πà‡∏≤‡∏•‡∏∏‡∏á‡∏õ‡πâ‡∏≠‡∏°‡∏Å‡∏±‡∏ô ‡∏û‡∏≠‡∏Ñ‡∏ô‡∏ô‡∏µ‡πâ‡∏ó‡∏≥‡πÑ‡∏°‡πÄ‡∏á‡∏µ‡∏¢‡∏ö‡∏Ñ‡∏£‡∏±‡∏ö https://t.co/MSGqTUHtlo
60,2022-01-30 15:33:16+00:00,‡∏≠‡∏¢‡πà‡∏≤‡∏á‡∏õ‡∏±‡πà‡∏ô‡∏≠‡∏¥‡πÄ‡∏´‡∏µ‡πâ‡∏¢ 555555555555555555 ‡∏ä‡πà‡∏ß‡∏¢‡∏≠‡∏ß‡∏¢‡∏û‡∏£‡∏•‡∏∏‡∏á‡∏õ‡πâ‡∏≠‡∏°‡∏´‡∏ô‡πà‡∏≠‡∏¢ : ‡∏Ç‡∏≠‡πÉ‡∏´‡πâ‡∏û‡∏ß‡∏Å‡∏´‡∏ô‡∏π‡∏≠‡∏≤‡∏¢‡∏∏‡∏¢‡∏∑‡∏ô‡πÜ ‡∏≠‡∏¢‡∏π‡πà‡∏ï‡πà‡∏≠‡∏™‡∏π‡πâ‡πÄ‡∏û‡∏∑‡πà‡∏≠‡∏õ‡∏ä‡∏ò‡∏ï‡∏ï‡πà‡∏≠‡πÑ‡∏õ https://t.co/ZPtbI5UBwG
61,2022-01-25 17:50:19+00:00,"@sarankanjanapas ‡πÉ‡∏ä‡πà ‡∏´‡∏±‡∏ß‡πÑ‡∏ß‡∏≠‡∏¢‡∏π‡πà‡∏ô‡∏∞

‡∏ô‡∏±‡∏Å‡∏Ç‡πà‡∏≤‡∏ß‡∏ñ‡∏≤‡∏°‡∏°‡∏µ‡∏≠‡∏∞‡πÑ‡∏£‡∏à‡∏∞‡∏ù‡∏≤‡∏Å‡∏ñ‡∏∂‡∏á‡∏•‡∏∏‡∏á‡∏õ‡πâ‡∏≠‡∏°‡∏°‡∏±‡πâ‡∏¢ 
‡∏ú‡∏π‡πâ‡∏™‡∏°‡∏±‡∏Ñ‡∏£‡∏ö‡∏≠‡∏Å‡∏ß‡πà‡∏≤ ‡πÉ‡∏´‡πâ‡∏≠‡∏ß‡∏¢‡∏û‡∏£‡πÉ‡∏´‡πâ‡∏•‡∏∏‡∏á‡∏õ‡πâ‡∏≠‡∏°‡∏≠‡∏≤‡∏¢‡∏∏‡∏¢‡∏∑‡∏ô‡∏¢‡∏≤‡∏ß‡∏™‡∏¥
‡∏ô‡πâ‡∏≠‡∏á‡∏™‡∏ß‡∏ô‡πÄ‡∏•‡∏¢ üòÇ ‡∏ï‡∏≠‡∏ô‡∏õ‡∏£‡∏Å‡∏Å‡πá‡∏≠‡∏∏‡∏ï‡∏™‡πà‡∏≤‡∏´‡πå‡πÑ‡∏°‡πà‡∏ï‡∏≠‡∏ö‡πÅ‡∏•‡πâ‡∏ß‡∏ô‡∏∞ 555"
62,2022-01-24 13:06:41+00:00,"[NEWS10]üëâüèª‡πÉ‡∏à‡πÄ‡∏≠‡πá‡∏á‡∏°‡∏±‡∏ô‡πÑ‡∏î‡πâ...‡∏ñ‡πà‡∏≤‡∏¢‡∏£‡∏π‡∏õ‡∏Å‡∏±‡∏ö‡∏•‡∏∏‡∏á‡∏õ‡πâ‡∏≠‡∏° ‡∏û‡∏£‡πâ‡∏≠‡∏°‡∏ä‡∏π 3 ‡∏ô‡∏¥‡πâ‡∏ß ‡πÉ‡∏™‡πà‡∏•‡∏∏‡∏á ‡πÄ‡∏≠‡∏≤‡∏ã‡∏∞‡∏•‡∏∏‡∏á‡∏ï‡πâ‡∏≠‡∏á‡∏ó‡∏±‡∏Å ""3 ‡∏ô‡∏¥‡πâ‡∏ß‡πÄ‡∏•‡∏¢‡∏´‡∏£‡∏≠ 2 ‡∏ô‡∏¥‡πâ‡∏ß‡∏Å‡πá‡∏û‡∏≠‡∏°‡πâ‡∏≤‡∏á‡∏á‡∏á‡∏á"" ‡∏™‡πà‡∏ß‡∏ô‡∏ô‡πâ‡∏≠‡∏á‡∏ú‡∏π‡πâ‡∏´‡∏ç‡∏¥‡∏á‡∏≠‡∏ß‡∏¢‡∏û‡∏£‡∏•‡∏∏‡∏á‡πÑ‡∏°‡πà‡∏ñ‡∏π‡∏Å ‡∏Ç‡∏≠‡∏≠‡∏ß‡∏¢‡∏û‡∏£‡∏ï‡∏±‡∏ß‡πÄ‡∏≠‡∏á‡πÅ‡∏ó‡∏ô‡∏•‡∏∞‡∏Å‡∏±‡∏ô ""‡∏Ç‡∏≠‡πÉ‡∏´‡πâ‡∏´‡∏ô‡∏π‡∏≠‡∏≤‡∏¢‡∏∏‡∏¢‡∏∑‡∏ô ‡∏ï‡πà‡∏≠‡∏™‡∏π‡πâ‡πÄ‡∏û‡∏∑‡πà‡∏≠‡∏õ‡∏£‡∏∞‡∏ä‡∏≤‡∏ò‡∏¥‡∏õ‡πÑ‡∏ï‡∏¢‡∏ï‡πà‡∏≠‡πÑ‡∏õ"" üòÑüòÑüòÑ

‡πÄ‡∏Ñ‡∏£‡∏î‡∏¥‡∏ï‡∏†‡∏≤‡∏û : ‡∏ä‡πà‡∏≠‡∏á 3 https://t.co/mWJAfVP4xJ"
63,2022-01-24 11:16:33+00:00,"#‡πÄ‡∏°‡∏∑‡πà‡∏≠‡∏õ‡∏£‡∏∞‡∏ß‡∏¥‡∏ï‡∏£‡∏°‡∏≤‡∏´‡∏≤‡πÄ‡∏™‡∏µ‡∏¢‡∏á‡∏ä‡πà‡∏ß‡∏¢‡πÄ‡∏°‡∏µ‡∏¢‡∏™‡∏¥‡∏£‡∏∞ 
- ‡∏ó‡∏≤‡∏á‡πÄ‡∏î‡∏¥‡∏ô‡∏õ‡∏π‡∏î‡πâ‡∏ß‡∏¢‡∏û‡∏£‡∏°‡πÅ‡∏î‡∏á
- ‡∏ô‡∏±‡πà‡∏á‡πÄ‡∏£‡∏µ‡∏¢‡∏á‡∏´‡∏ô‡πâ‡∏≤‡∏™‡∏•‡∏≠‡∏ô‡∏ü‡∏±‡∏á‡∏ï‡∏±‡∏ß‡πÅ‡∏ó‡∏ô‡∏ä‡∏∏‡∏°‡∏ä‡∏ô‡∏≠‡∏ß‡∏¢‡∏ñ‡∏∂‡∏á‡∏Ñ‡∏ß‡∏≤‡∏°‡∏≠‡∏¢‡∏π‡πà‡∏î‡∏µ‡∏Å‡∏¥‡∏ô‡∏î‡∏µ
-‡∏ä‡∏≤‡∏ß‡∏ö‡πâ‡∏≤‡∏ô‡∏ï‡πâ‡∏≠‡∏á‡∏ô‡∏±‡πà‡∏á‡∏û‡∏∑‡πâ‡∏ô‡∏Ñ‡∏∏‡∏¢‡∏î‡πâ‡∏ß‡∏¢

‡∏Å‡πà‡∏≠‡∏ô‡∏Å‡∏•‡∏±‡∏ö‡∏ä‡∏≤‡∏ß‡∏ö‡πâ‡∏≤‡∏ô‡∏ï‡∏∞‡πÇ‡∏Å‡∏ô‡∏•‡∏∏‡∏á‡∏õ‡πâ‡∏≠‡∏°‡∏™‡∏π‡πâ‡πÜ

‡∏à‡∏ö‡∏Å‡∏≤‡∏£‡∏£‡∏≤‡∏¢‡∏á‡∏≤‡∏ô ‡∏û‡∏ß‡∏Å‡∏°‡∏∂‡∏á‡∏≠‡∏¢‡∏π‡πà‡∏Ñ‡∏ô‡∏•‡∏∞‡∏î‡∏≤‡∏ß‡∏Å‡∏±‡∏ö‡∏Å‡∏π https://t.co/W9SrLco9Mu"
64,2022-01-20 12:59:06+00:00,‡∏Ñ‡∏∏‡∏ì‡∏™‡∏∏‡∏ä‡∏≤‡∏ï‡∏¥‡∏™‡∏±‡∏°.‡∏î‡∏µ‡∏≠‡∏µ‡∏Å‡πÅ‡∏•‡πâ‡∏ß ‡∏≠‡∏ß‡∏¢‡∏•‡∏∏‡∏á‡∏õ‡πâ‡∏≠‡∏°‡∏Å‡∏±‡∏ö‡∏•‡∏∏‡∏á‡∏ï‡∏π‡πà‡∏ï‡∏•‡∏≠‡∏î‡πÜ ‡∏°‡∏±‡∏ô‡∏ï‡πâ‡∏≠‡∏á‡πÅ‡∏ö‡∏ö‡∏ô‡∏µ‡πâ‡∏•‡πà‡∏∞ https://t.co/0gUdECiLxq
65,2022-01-17 05:08:19+00:00,‡∏ñ‡πâ‡∏≤‡∏î‡∏π‡∏î‡∏µ‡πÜ ‡∏™‡∏°‡∏±‡∏¢‡∏Å‡πà‡∏≠‡∏ô‡πÄ‡∏Ñ‡πâ‡∏≤‡∏≠‡∏ß‡∏¢‡∏•‡∏∏‡∏á‡∏õ‡πâ‡∏≠‡∏°‡∏ö‡∏•‡∏≤‡πÜ ‡πÅ‡∏ï‡πà‡∏ï‡∏≠‡∏ô‡∏ô‡∏µ‡πâ ‡∏û‡∏ß‡∏Å‡πÄ‡∏Ç‡∏≤‡∏Å‡∏•‡∏±‡∏ö‡∏°‡∏≠‡∏á‡∏ß‡πà‡∏≤ ‡∏•‡∏∏‡∏á‡∏õ‡πâ‡∏≠‡∏°‡∏´‡∏ô‡∏∏‡∏ô‡∏Ñ‡∏∏‡∏ì‡∏ò‡∏£‡∏£‡∏°‡∏ô‡∏±‡∏™ ‡∏ó‡∏≥‡πÉ‡∏´‡πâ‡∏Ç‡∏±‡πâ‡∏ß‡∏£‡∏±‡∏ê‡∏ö‡∏≤‡∏•‡∏°‡∏µ‡∏õ‡∏±‡∏ç‡∏´‡∏≤ ‡πÄ‡∏•‡∏¢‡∏≠‡∏ß‡∏¢‡∏•‡∏∏‡∏á‡∏ï‡∏π‡πà‡πÅ‡∏ó‡∏ô ‡πÄ‡∏û‡∏£‡∏≤‡∏∞ ‡∏°‡∏µ‡∏≠‡∏≥‡∏ô‡∏≤‡∏à‡πÉ‡∏ô‡∏Å‡∏≤‡∏£‡∏™‡∏±‡πà‡∏á‡∏Å‡∏≤‡∏£ ‡∏ã‡∏∂‡πà‡∏á‡∏û‡∏ß‡∏Å‡πÄ‡∏Ç‡∏≤‡∏ó‡∏≥‡πÄ‡∏û‡∏∑‡πà‡∏≠‡∏ú‡∏•‡∏õ‡∏£‡∏∞‡πÇ‡∏¢‡∏ä‡∏ô‡πå‡∏ï‡∏ô‡πÄ‡∏≠‡∏á‡∏•‡πâ‡∏ß‡∏ô‡∏Ñ‡∏£‡∏±‡∏ö‡πÜ
66,2022-01-11 12:30:00+00:00,"‚Äù‡∏°‡∏≤‡∏î‡∏≤‡∏°‡πÅ‡∏õ‡πâ‡∏á‚Äù ‡∏ô‡∏≥ 4 ‡∏Ç‡∏∏‡∏ô‡∏û‡∏• ‡∏ô‡∏±‡∏Å‡πÄ‡∏ï‡∏∞ ‡∏≠‡∏ß‡∏¢‡∏û‡∏£‡∏õ‡∏µ‡πÉ‡∏´‡∏°‡πà ""‡∏•‡∏∏‡∏á‡∏õ‡πâ‡∏≠‡∏°""
#‡∏°‡∏≤‡∏î‡∏≤‡∏°‡πÅ‡∏õ‡πâ‡∏á #‡∏ö‡∏¥‡πä‡∏Å‡∏õ‡πâ‡∏≠‡∏° #‡∏ó‡∏µ‡∏°‡∏ä‡∏≤‡∏ï‡∏¥‡πÑ‡∏ó‡∏¢ #‡∏Ç‡πà‡∏≤‡∏ß‡∏ß‡∏±‡∏ô‡∏ô‡∏µ‡πâ #NationOnline 
https://t.co/kjB9U9TmER"
67,2022-01-11 09:54:55+00:00,"‡∏•‡∏∏‡∏á‡∏õ‡πâ‡∏≠‡∏°  ‡∏ä‡∏∑‡πà‡∏ô‡∏ä‡∏° ‡∏ô‡∏±‡∏Å‡∏ü‡∏∏‡∏ï‡∏ö‡∏≠‡∏•‡∏ó‡∏µ‡∏°‡∏ä‡∏≤‡∏ï‡∏¥‡πÑ‡∏ó‡∏¢ ‡∏´‡∏•‡∏±‡∏á‡∏Ñ‡∏ß‡πâ‡∏≤‡πÅ‡∏ä‡∏°‡∏õ‡πå ‡πÄ‡∏≠‡πÄ‡∏≠‡∏ü‡πÄ‡∏≠‡∏ü ‡∏ã‡∏π‡∏ã‡∏π‡∏Å‡∏¥ ‡∏Ñ‡∏±‡∏û 2020 ‡∏™‡∏£‡πâ‡∏≤‡∏á‡∏Ñ‡∏ß‡∏≤‡∏°‡∏™‡∏∏‡∏Ç‡πÉ‡∏´‡πâ‡∏Ñ‡∏ô‡πÑ‡∏ó‡∏¢ ‡∏ó‡∏±‡πâ‡∏á‡∏õ‡∏£‡∏∞‡πÄ‡∏ó‡∏®  ‡∏†‡∏≤‡∏¢‡∏´‡∏•‡∏±‡∏á‚Äù‡∏°‡∏≤‡∏î‡∏≤‡∏°‡πÅ‡∏õ‡πâ‡∏á‚Äù‡∏ô‡∏≥4‡∏Ç‡∏∏‡∏ô‡∏û‡∏•‡∏ô‡∏±‡∏Å‡πÄ‡∏ï‡∏∞ ""‡πÄ‡∏à ‡∏ï‡∏≠‡∏á ‡∏Å‡∏≠‡∏•‡πå‡∏ü ‡πÇ‡∏î‡∏°"" ‡πÄ‡∏Ç‡πâ‡∏≤‡∏≠‡∏ß‡∏¢‡∏û‡∏£-‡∏£‡∏±‡∏ö‡∏û‡∏£‡∏õ‡∏µ‡πÉ‡∏´‡∏°‡πà 2565    #‡∏™‡∏≥‡∏ô‡∏±‡∏Å‡∏Ç‡πà‡∏≤‡∏ß‡πÑ‡∏ó‡∏¢ @Aormcot @politics_mcot @tiamoNOK @ann_wichunee"
68,2022-01-07 03:54:18+00:00,‡πÑ‡∏≠‡πÄ‡∏´‡∏µ‡πâ‡∏¢ ‡πÉ‡∏Ñ‡∏£‡∏à‡∏∞‡πÄ‡∏õ‡∏ô‡∏™‡∏•‡∏¥‡πà‡∏°‡∏Å‡∏∏‡πÑ‡∏°‡πà‡∏ß‡πà‡∏≤‡πÄ‡∏•‡∏¢ ‡πÅ‡∏ï‡πà‡πÄ‡∏û‡∏∑‡πà‡∏≠‡∏ô‡πÉ‡∏ô‡∏Ñ‡∏ô‡∏∞‡∏ó‡∏µ‡πà‡∏Å‡∏∏‡∏ï‡πâ‡∏≠‡∏á‡∏ü‡∏≠‡∏•‡πÑ‡∏≠‡∏à‡∏µ‡∏≠‡∏ß‡∏¢‡∏•‡∏∏‡∏á‡∏õ‡πâ‡∏≠‡∏°‡∏Å‡∏∏‡πÅ‡∏ö‡∏ö ‡∏°‡∏∂‡∏á‡πÄ‡∏£‡∏µ‡∏¢‡∏ô‡∏ß‡∏¥‡∏ä‡∏≤‡∏Å‡∏≤‡∏£‡πÄ‡∏°‡∏∑‡∏≠‡∏á‡πÄ‡∏ã‡∏Ñ‡πÄ‡∏î‡∏µ‡∏¢‡∏ß‡∏Å‡∏±‡∏ö‡∏Å‡∏∏‡∏°‡πâ‡∏≤‡∏¢‡∏¢‡∏¢‡∏ß‡∏ß‡∏ßüò°
69,2022-01-06 07:54:57+00:00,"‡∏™‡πà‡∏≠‡∏á‡∏•‡∏≤‡∏¢‡∏°‡∏∑‡∏≠ 
‚Äú‡∏•‡∏∏‡∏á‡∏õ‡πâ‡∏≠‡∏°‚Äù ‡∏´‡∏ß‡∏≤‡∏ô!!
.
‡∏°‡∏≠‡∏ö ‡πÇ‡∏£‡∏ï‡∏µ‡∏™‡∏≤‡∏¢‡πÑ‡∏´‡∏° ‡∏£‡πâ‡∏≤‡∏ô‡∏î‡∏±‡∏á 
‡πÉ‡∏´‡πâ‡πÄ‡∏õ‡πá‡∏ô‡∏Ç‡∏≠‡∏á‡∏Ç‡∏ß‡∏±‡∏ç‡∏õ‡∏µ‡πÉ‡∏´‡∏°‡πà ‡∏ô‡∏±‡∏Å‡∏Ç‡πà‡∏≤‡∏ß
‡πÅ‡∏ñ‡∏°‡πÑ‡∏°‡πà‡πÇ‡∏Å‡∏£‡∏ò 
‡πÄ‡∏Ç‡∏∂‡∏¢‡∏ô‡∏Å‡∏≤‡∏£‡πå‡∏î
‡∏ö‡∏≠‡∏Å ‚Äú‡∏Ç‡∏≠‡∏ö‡∏Ñ‡∏∏‡∏ì¬† ‡∏ó‡∏µ‡πà ‡∏ï‡∏¥-‡∏ä‡∏°‚Äù
‡∏û‡∏£‡πâ‡∏≠‡∏° ‡∏≠‡∏ß‡∏¢‡∏û‡∏£ ‡πÅ‡∏•‡∏∞‡πÉ‡∏´‡πâ‡∏Å‡∏≥‡∏•‡∏±‡∏á‡πÉ‡∏à
.
‡∏•‡∏≤‡∏¢‡∏°‡∏∑‡∏≠ ‡∏û‡∏≠‡∏≠‡πà‡∏≤‡∏ô‡∏≠‡∏≠‡∏Å !!
https://t.co/AEr2qU3IAN https://t.co/c1tlMIqsPX"
70,2021-12-26 15:16:25+00:00,@kovitw1 ‡∏™‡∏≥‡∏£‡∏ß‡∏à‡πÄ‡∏≠‡∏á  ‡∏≠‡∏ß‡∏¢‡πÄ‡∏≠‡∏á ‡∏≠‡∏¢‡πà‡∏≤‡∏á‡∏ô‡∏µ‡πâ‡∏Å‡πá‡∏°‡∏µ‡∏î‡πâ‡∏ß‡∏¢ ‡∏ó‡∏≥‡πÑ‡∏õ‡∏ó‡∏≥‡πÑ‡∏°? ‡∏ï‡∏±‡∏ß‡πÄ‡∏≠‡∏á‡∏Å‡πá‡∏£‡∏π‡πâ‡∏≠‡∏¢‡∏π‡πà‡πÅ‡∏Å‡πà‡πÉ‡∏à ‡∏°‡∏µ‡∏Ñ‡∏ß‡∏≤‡∏°‡∏™‡∏∏‡∏Ç‡πÉ‡∏à‡∏°‡∏≤‡∏Å‡∏ô‡∏±‡∏Å‡∏´‡∏£‡∏∑‡∏≠ ‡πÇ‡∏Å‡∏´‡∏Å‡∏Ñ‡∏ô‡∏≠‡∏∑‡πà‡∏ô‡πÑ‡∏î‡πâ ‡πÅ‡∏ï‡πà‡πÇ‡∏Å‡∏´‡∏Å‡∏ï‡∏±‡∏ß‡πÄ‡∏≠‡∏á‡πÑ‡∏°‡πà‡πÑ‡∏î‡πâ‡∏ô‡∏∞.‡∏•‡∏∏‡∏á‡∏õ‡πâ‡∏≠‡∏°
71,2021-12-08 09:13:43+00:00,#RT @tanawatofficial: ‡∏ä‡πà‡∏ß‡∏¢‡∏Å‡∏±‡∏ô‡∏≠‡∏ß‡∏¢‡∏û‡∏£‡∏•‡∏∏‡∏á‡∏ï‡∏π‡πà ‡∏•‡∏∏‡∏á‡∏õ‡πâ‡∏≠‡∏° ‡∏´‡∏ô‡πà‡∏≠‡∏¢‡∏Ñ‡∏£‡∏±‡∏ö https://t.co/zog2Qs7EF9
72,2021-11-15 10:56:44+00:00,"‡∏Ñ‡∏≠‡∏´‡∏ß‡∏¢‡πÅ‡∏´‡πà‡∏™‡πà‡∏≠‡∏á‡πÄ‡∏•‡∏Ç‡∏ó‡∏∞‡πÄ‡∏ö‡∏µ‡∏¢‡∏ô‡∏£‡∏ñ ""‡∏ö‡∏¥‡πä‡∏Å‡∏õ‡πâ‡∏≠‡∏°"" ‡∏ï‡∏£‡∏ß‡∏à‡∏£‡∏≤‡∏ä‡∏Å‡∏≤‡∏£‡∏ï‡∏¥‡∏î‡∏ï‡∏≤‡∏°‡∏á‡∏≤‡∏ô‡∏î‡πâ‡∏≤‡∏ô‡∏Å‡∏≤‡∏£‡∏õ‡πâ‡∏≠‡∏á‡∏Å‡∏±‡∏ô‡∏ä‡∏≤‡∏¢‡πÅ‡∏î‡∏ô ‡∏à‡∏±‡∏á‡∏´‡∏ß‡∏±‡∏î‡∏£‡∏∞‡∏ô‡∏≠‡∏á ‡πÇ‡∏î‡∏¢‡∏ä‡∏≤‡∏ß‡∏Å‡∏£‡∏∞‡∏ö‡∏∏‡∏£‡∏µ ‡∏≠‡∏≠‡∏Å‡∏°‡∏≤‡∏¢‡∏∑‡∏ô‡πÇ‡∏ö‡∏Å‡∏°‡∏∑‡∏≠ ‡∏û‡∏£‡πâ‡∏≠‡∏°‡∏≠‡∏ß‡∏¢‡∏û‡∏£‡∏•‡∏∏‡∏á‡∏õ‡πâ‡∏≠‡∏°‡∏™‡∏∏‡∏Ç‡∏†‡∏≤‡∏û‡πÅ‡∏Ç‡πá‡∏á‡πÅ‡∏£‡∏á ‡πÅ‡∏•‡∏∞‡∏ù‡∏≤‡∏Å‡∏Ñ‡∏ß‡∏≤‡∏°‡∏Ñ‡∏¥‡∏î‡∏ñ‡∏∂‡∏á‡πÑ‡∏õ‡∏¢‡∏±‡∏á‡∏•‡∏∏‡∏á‡∏ï‡∏π‡πà

‡∏≠‡πà‡∏≤‡∏ô‡∏Ç‡πà‡∏≤‡∏ß : https://t.co/8K4DDavlN1

#‡πÄ‡∏£‡∏∑‡πà‡∏≠‡∏á‡πÄ‡∏•‡πà‡∏≤‡πÄ‡∏ä‡πâ‡∏≤‡∏ô‡∏µ‡πâ
#CH3Plus 
#‡∏Ç‡πà‡∏≤‡∏ß‡∏ä‡πà‡∏≠‡∏á3"
73,2021-10-17 14:04:40+00:00,‡∏û‡∏≠‡πÅ‡∏Å‡∏á‡∏Ñ‡πå‡∏£‡πâ‡∏≤‡∏ô‡∏Ñ‡πâ‡∏≤‡∏£‡∏π‡πâ‡∏ß‡πà‡∏≤‡∏ô‡∏±‡∏Å‡∏Å‡∏≤‡∏£‡πÄ‡∏°‡∏∑‡∏≠‡∏á‡∏ó‡∏µ‡πà‡∏£‡∏±‡∏ö‡∏õ‡∏≤‡∏Å‡∏à‡∏∞‡∏ä‡πà‡∏ß‡∏¢‡πÄ‡∏£‡∏∑‡πà‡∏≠‡∏á‡πÇ‡∏î‡∏ô‡πÄ‡∏£‡∏µ‡∏¢‡∏Å‡πÄ‡∏á‡∏¥‡∏ô‡∏Ñ‡∏∑‡∏ô‡∏à‡∏≤‡∏Å‡πÇ‡∏Ñ‡∏£‡∏á‡∏Å‡∏≤‡∏£‡∏Ç‡∏≠‡∏á‡∏£‡∏±‡∏î‡∏ö‡∏≤‡∏ô‡πÄ‡∏õ‡πá‡∏ô‡πÄ‡∏î‡πá‡∏Å‡πÉ‡∏ô‡∏™‡∏±‡∏á‡∏Å‡∏±‡∏î‡∏•‡∏∏‡∏á‡∏õ‡πâ‡∏≠‡∏° ‡∏á‡∏≤‡∏ô‡∏≠‡∏ß‡∏¢‡∏Å‡πá‡∏ï‡πâ‡∏≠‡∏á‡∏°‡∏≤‡∏ô‡∏∞‡∏à‡πä‡∏∞ https://t.co/moUpIk6Awq
74,2021-10-12 04:17:17+00:00,@MatichonOnline ‡∏ñ‡πâ‡∏≤‡πÄ‡∏Ç‡∏≤‡∏≠‡∏ß‡∏¢‡∏Å‡πá‡πÄ‡∏´‡πá‡∏ô‡∏î‡πâ‡∏ß‡∏¢‡∏û‡∏≠‡πÄ‡∏Ç‡∏≤‡πÑ‡∏°‡πà‡πÄ‡∏´‡πá‡∏ô‡∏î‡πâ‡∏ß‡∏¢‡∏Å‡πá‡∏î‡πà‡∏≤‡∏ß‡πà‡∏≤‡πÄ‡∏Ç‡∏≤‡∏ï‡∏≠‡∏ô‡∏ô‡∏µ‡πâ‡∏¢‡∏±‡∏á‡∏Ñ‡πâ‡∏≠‡∏á‡∏Ñ‡∏•‡∏≠‡∏î‡πâ‡∏ß‡∏¢‡∏£‡∏π‡∏õ‡∏•‡∏∏‡∏á‡∏õ‡πâ‡∏≠‡∏°‡∏≠‡∏¢‡∏π‡πà‡∏õ‡πà‡∏≤‡∏ß‡∏Ñ‡∏£‡∏±‡∏ö
75,2021-09-16 02:10:53+00:00,"‡∏ó‡∏µ‡πà‡∏≠‡∏¢‡∏π‡πà‡∏ï‡πà‡∏≠‡πÄ‡∏û‡∏£‡∏≤‡∏∞‡∏•‡∏∏‡∏á‡∏õ‡πâ‡∏≠‡∏°‡πÑ‡∏õ‡∏™‡∏±‡∏ç‡∏ç‡∏≤‡∏Ñ‡πà‡∏∞‡∏ß‡πà‡∏≤‡πÄ‡∏î‡∏µ‡πã‡∏¢‡∏ß‡∏•‡∏∏‡∏á‡∏ï‡∏π‡πà‡∏Å‡πá‡∏´‡∏°‡∏î‡∏ß‡∏≤‡∏£‡∏∞‡πÅ‡∏•‡πâ‡∏ß‡πÄ‡∏•‡∏∑‡∏≠‡∏Å‡∏ï‡∏±‡πâ‡∏á‡∏Ñ‡∏£‡∏±‡πâ‡∏á‡πÉ‡∏´‡∏°‡πà ‡∏à‡∏∞‡∏î‡∏±‡∏ô‡∏û‡∏µ‡πà‡πÅ‡∏õ‡πâ‡∏á‡πÄ‡∏õ‡πá‡∏ô‡∏ô‡∏≤‡∏¢‡∏Å ‡∏Ñ‡πà‡∏∞‡∏Ç‡∏≠‡πÉ‡∏´‡πâ‡∏≠‡∏¢‡∏π‡πà‡∏Å‡∏±‡∏ô‡πÑ‡∏õ‡∏Å‡πà‡∏≠‡∏ô 

‚Äò‡∏ò‡∏£‡∏£‡∏°‡∏ô‡∏±‡∏™‚Äô ‡∏Å‡∏•‡∏±‡∏ö‡∏•‡∏≥ ‡∏≠‡∏¢‡∏π‡πà‡∏û‡∏•‡∏±‡∏á‡∏õ‡∏£‡∏∞‡∏ä‡∏≤‡∏£‡∏±‡∏ê‡∏ï‡πà‡∏≠ ‡∏û‡∏£‡πâ‡∏≠‡∏°‡∏≠‡∏ß‡∏¢ ‚Äú‡πÄ‡∏°‡∏∑‡πà‡∏≠‡∏ô‡∏≤‡∏¢‡∏£‡∏±‡∏Å ‡∏Å‡πá‡∏Ç‡∏≠‡∏≠‡∏¢‡∏π‡πà‡∏ï‡πà‡∏≠‚Äù
https://t.co/xQNGfpeLzm
#‡∏Å‡∏≤‡∏£‡∏Å‡πà‡∏≠‡∏Å‡∏≤‡∏£‡∏£‡πâ‡∏≤‡∏¢‡πÅ‡∏ö‡∏ö‡∏û‡∏•‡∏µ‡∏ä‡∏µ‡∏û #‡∏•‡∏∏‡∏á‡∏ï‡∏π‡πà‡∏≠‡∏¢‡∏π‡πà‡∏ï‡πà‡∏≠ https://t.co/ARPmbOIVrY"
76,2021-08-11 15:00:03+00:00,"‡∏•‡∏∏‡∏á‡∏õ‡πâ‡∏≠‡∏°‡∏ó‡∏≥‡∏ö‡∏∏‡∏ç‡∏ß‡∏±‡∏ô‡πÄ‡∏Å‡∏¥‡∏î‡∏Ñ‡∏£‡∏ö 76 ‡∏õ‡∏µ ‡∏ó‡∏µ‡πà‡∏ß‡∏±‡∏î‡∏û‡∏£‡∏∞‡∏®‡∏£‡∏µ‡∏°‡∏´‡∏≤‡∏ò‡∏≤‡∏ï‡∏∏‡∏ß‡∏£‡∏°‡∏´‡∏≤‡∏ß‡∏¥‡∏´‡∏≤‡∏£ ‡∏Å‡πà‡∏≠‡∏ô‡∏£‡∏±‡∏ö‡∏õ‡∏£‡∏∞‡∏ó‡∏≤‡∏ô‡∏≠‡∏≤‡∏´‡∏≤‡∏£‡∏£‡πà‡∏ß‡∏°‡∏Å‡∏±‡∏ö‡∏Ñ‡∏ô‡∏™‡∏ô‡∏¥‡∏ó ‡∏á‡∏î‡πÄ‡∏õ‡∏¥‡∏î‡∏ö‡πâ‡∏≤‡∏ô‡∏û‡∏±‡∏Å‡πÉ‡∏´‡πâ‡πÄ‡∏Ç‡πâ‡∏≤‡∏≠‡∏ß‡∏¢‡∏û‡∏£
https://t.co/I1rTzBUaDv"
77,2021-08-11 13:30:00+00:00,"‡∏•‡∏∏‡∏á‡∏õ‡πâ‡∏≠‡∏°‡∏ó‡∏≥‡∏ö‡∏∏‡∏ç‡∏ß‡∏±‡∏ô‡πÄ‡∏Å‡∏¥‡∏î‡∏Ñ‡∏£‡∏ö 76 ‡∏õ‡∏µ ‡∏ó‡∏µ‡πà‡∏ß‡∏±‡∏î‡∏û‡∏£‡∏∞‡∏®‡∏£‡∏µ‡∏°‡∏´‡∏≤‡∏ò‡∏≤‡∏ï‡∏∏‡∏ß‡∏£‡∏°‡∏´‡∏≤‡∏ß‡∏¥‡∏´‡∏≤‡∏£ ‡∏Å‡πà‡∏≠‡∏ô‡∏£‡∏±‡∏ö‡∏õ‡∏£‡∏∞‡∏ó‡∏≤‡∏ô‡∏≠‡∏≤‡∏´‡∏≤‡∏£‡∏£‡πà‡∏ß‡∏°‡∏Å‡∏±‡∏ö‡∏Ñ‡∏ô‡∏™‡∏ô‡∏¥‡∏ó ‡∏á‡∏î‡πÄ‡∏õ‡∏¥‡∏î‡∏ö‡πâ‡∏≤‡∏ô‡∏û‡∏±‡∏Å‡πÉ‡∏´‡πâ‡πÄ‡∏Ç‡πâ‡∏≤‡∏≠‡∏ß‡∏¢‡∏û‡∏£
#SanookNews #Sanook #‡∏Ç‡πà‡∏≤‡∏ß‡∏ß‡∏±‡∏ô‡∏ô‡∏µ‡πâ

https://t.co/OcCrukzNDt"
78,2021-08-11 07:17:01+00:00,"""‡∏°‡∏á‡∏Ñ‡∏•‡∏Å‡∏¥‡∏ï‡∏ï‡∏¥‡πå"" ‡∏≠‡∏ß‡∏¢‡∏û‡∏£‡∏ß‡∏±‡∏ô‡πÄ‡∏Å‡∏¥‡∏î ""‡∏•‡∏∏‡∏á‡∏õ‡πâ‡∏≠‡∏°"" ‡∏´‡∏ß‡∏±‡∏á‡∏ä‡πà‡∏ß‡∏¢‡∏Ñ‡∏∏‡∏¢ ""‡∏ö‡∏¥‡πä‡∏Å‡∏ï‡∏π‡πà"" ‡∏•‡∏≤‡∏≠‡∏≠‡∏Å‡∏ï‡∏≥‡πÅ‡∏´‡∏ô‡πà‡∏á‡∏ô‡∏≤‡∏¢‡∏Å‡∏Ø
#‡∏Ç‡πà‡∏≤‡∏ß‡∏ß‡∏±‡∏ô‡∏ô‡∏µ‡πâ #NationTV #‡∏Ç‡πà‡∏≤‡∏ß‡∏Å‡∏≤‡∏£‡πÄ‡∏°‡∏∑‡∏≠‡∏á #‡∏°‡∏á‡∏Ñ‡∏•‡∏Å‡∏¥‡∏ï‡∏ï‡∏¥‡πå 
https://t.co/1qh1Knygcz"
79,2021-08-11 06:23:22+00:00,@sorkorlao ‡∏Ç‡∏≠‡∏≠‡∏ß‡∏¢‡∏ä‡∏±‡∏¢‡πÉ‡∏´‡πâ‡∏•‡∏∏‡∏á‡∏õ‡πâ‡∏≠‡∏°‡∏ï‡∏≤‡∏¢‡∏´‡πà‡∏≤‡∏ï‡∏≤‡∏¢‡πÇ‡∏´‡∏á‡∏Ñ‡∏£‡∏±‡∏ö
80,2021-08-11 03:47:34+00:00,‡∏™‡∏∞‡πÉ‡∏à‡∏•‡∏∏‡∏á‡πÄ‡∏™‡∏£‡∏µ‡∏û‡∏¥‡∏®‡∏∏‡∏ó‡∏ò‡∏¥‡πå‡∏≠‡∏ß‡∏¢‡∏û‡∏£‡∏ß‡∏±‡∏ô‡πÄ‡∏Å‡∏¥‡∏î‡πÑ‡∏≠‡πâ‡∏õ‡πâ‡∏≠‡∏°‡∏≠‡∏¢‡∏π‡πà‡∏ô‡∏∞ 55555
81,2021-07-24 15:26:04+00:00,@stillloveunj ‡∏ß‡∏±‡πâ‡∏¢ ‡∏≠‡∏µ‡∏ô‡∏±‡∏Å‡∏Å‡∏≤‡∏£‡πÄ‡∏°‡∏∑‡∏≠‡∏á‡∏ä‡πà‡∏≤‡∏á‡πÇ‡∏´‡∏ô‡πÄ‡πÄ‡∏Ñ‡πà‡∏ó‡∏ß‡∏¥‡∏ï‡∏¢‡∏¥‡∏ô‡∏î‡∏µ ‡∏≠‡∏µ‡∏°‡πâ‡∏≤‡∏•‡∏≤‡∏¢‡∏¢‡∏±‡∏á‡∏≠‡∏ß‡∏¢‡∏ã‡∏∞‡∏¢‡∏Å‡πÉ‡∏´‡∏ç‡πà ‡∏•‡∏∏‡∏á‡∏õ‡πâ‡∏≠‡∏°‡πÇ‡∏ó‡∏£‡∏Ñ‡∏∏‡∏¢‡πÄ‡∏•‡∏¢‡∏à‡πâ‡∏≤ ‡∏´‡∏ô‡πâ‡∏≤‡∏°‡πâ‡∏≤‡∏ô‡∏°‡∏±‡πâ‡∏¢‡∏•‡πà‡∏∞ ‡∏≠‡∏µ‡∏°‡πâ‡∏≤‡∏•‡∏≤‡∏¢‡∏ä‡πà‡∏≤‡∏á‡πÇ‡∏´‡∏ô‡πÄ‡∏≠‡πâ‡∏¢
82,2021-07-24 13:28:05+00:00,#‡∏£‡∏µ‡∏•‡πà‡∏≤ ‡∏ä‡∏°‡∏ô‡πâ‡∏≠‡∏á‡πÄ‡∏ó‡∏ô‡∏ô‡∏¥‡∏™ ‡∏ä‡∏°‡πÇ‡∏Ñ‡πä‡∏ä‡πÄ‡∏ä ‡∏ä‡∏°‡∏™‡∏°‡∏≤‡∏Ñ‡∏°  ‡πÅ‡∏ï‡πà ‡∏à‡∏∞‡∏≠‡∏ß‡∏¢‡∏≠‡∏µ‡∏•‡∏∏‡∏á‡∏õ‡πâ‡∏≠‡∏° ‡πÑ‡∏°‡πà‡πÑ‡∏î‡πâ  ‡πÄ‡∏î‡∏¥‡∏ô‡∏¢‡∏±‡∏á‡πÄ‡∏ã ‡∏õ‡∏µ‡∏ô‡∏µ‡πâ‡πÑ‡∏ó‡∏¢‡πÑ‡∏î‡πâ‡πÄ‡∏Ç‡πâ‡∏≤‡∏ï‡∏±‡πã‡∏ß‡∏™‡∏π‡πà‡πÇ‡∏≠‡∏•‡∏¥‡∏°‡∏õ‡∏¥‡∏Å‡∏ô‡πâ‡∏≠‡∏¢‡∏ô‡∏∞‡πÄ‡∏ß‡πâ‡∏¢ ‡∏≠‡∏µ‡∏™‡∏•‡∏¥‡πà‡∏°
83,2021-07-16 07:46:05+00:00,‡∏Ç‡∏≠‡∏´‡∏¢‡∏≤‡∏ö‡πÇ‡∏´‡∏ô‡πâ‡∏¢‡∏≠‡∏¥‡∏≠‡∏ï.‡∏≠‡∏¥‡∏Ñ‡∏ß‡∏≤‡∏¢‡∏¢  ‡πÅ‡∏ó‡∏ô‡∏ó‡∏µ‡πà‡∏°‡∏±‡∏ô‡∏à‡∏∞‡πÄ‡∏≠‡∏≤‡πÄ‡∏ß‡∏•‡∏≤‡πÑ‡∏õ‡∏≠‡∏ß‡∏¢‡πÄ‡∏°‡∏ô ‡∏î‡∏±‡∏ô‡πÇ‡∏û‡∏™‡∏ï‡πå‡πÉ‡∏´‡πâ‡πÄ‡∏°‡∏ô ‡∏û‡∏ß‡∏Å‡∏ô‡∏µ‡πâ‡∏°‡∏±‡∏ô‡∏£‡∏±‡∏Å‡πÄ‡∏°‡∏ô‡∏ï‡∏±‡∏ß‡πÄ‡∏≠‡∏á‡∏à‡∏£‡∏¥‡∏á‡πÑ‡∏´‡∏°‡πÑ‡∏°‡πà‡πÄ‡∏´‡πá‡∏ô‡∏°‡∏±‡∏ô‡∏à‡∏∞‡∏ó‡∏≥‡∏≠‡∏∞‡πÑ‡∏£‡πÉ‡∏´‡πâ‡∏Ñ‡∏ô‡∏ó‡∏µ‡πà‡∏°‡∏±‡∏ô‡∏£‡∏±‡∏Å‡πÄ‡∏•‡∏¢ ‡∏õ‡∏±‡πà‡∏ô‡πÇ‡∏û‡∏™‡∏ï‡πå‡∏õ‡∏±‡πà‡∏ô‡πÄ‡∏°‡∏ô‡∏ó‡πå‡∏ï‡∏Å‡∏Ñ‡∏ô‡πÄ‡∏Ç‡πâ‡∏≤‡∏î‡πâ‡∏≠‡∏°‡∏°‡∏∂‡∏á‡∏£‡∏π‡πâ‡∏à‡∏±‡∏Å‡∏Å‡∏±‡∏ô‡πÑ‡∏´‡∏°‡∏™‡∏¥‡πà‡∏á‡∏ó‡∏µ‡πà‡∏™‡∏£‡πâ‡∏≤‡∏á‡∏™‡∏£‡∏£‡∏Ñ‡πå‡πÑ‡∏°‡πà‡∏ó‡∏≥ ‡∏°‡∏µ‡πÄ‡∏ß‡∏•‡∏≤‡∏°‡∏≤‡∏õ‡∏±‡πà‡∏ô‡πÅ‡∏ó‡πá‡∏Å‡πÇ‡∏à‡∏°‡∏ï‡∏µ‡∏•‡∏π‡∏Å‡∏ï‡∏£‡∏π‡∏≠‡∏¢‡∏π‡πà‡πÑ‡∏î‡πâ‡πÑ‡∏õ‡∏ï‡∏≤‡∏¢‡∏ã‡∏∞‡∏≠‡∏¥‡∏ú‡∏µ‡∏ö‡πâ‡∏≤ ‡∏≠‡∏µ‡∏≠‡∏ï. ‡∏≠‡∏µ‡∏™‡∏•‡∏¥‡πà‡∏° ‡∏≠‡∏µ‡∏•‡∏∏‡∏á‡∏ï‡∏π‡πà ‡∏≠‡∏¥‡∏•‡∏∏‡∏á‡∏õ‡πâ‡∏≠‡∏°
84,2021-07-14 10:17:39+00:00,@shutup2557 ‡∏ñ‡πâ‡∏≤‡πÇ‡∏Ñ‡∏£‡∏á‡∏ô‡∏µ‡πâ‡∏™‡∏≥‡πÄ‡∏£‡πá‡∏à‡∏£‡∏ö‡∏Å‡∏ß‡∏ô‡∏ä‡πà‡∏ß‡∏¢‡πÄ‡∏≠‡∏≤‡∏•‡∏∏‡∏á‡∏ï‡∏π‡∏ö ‡∏•‡∏∏‡∏á‡∏õ‡πâ‡∏≠‡∏° ‡∏Å‡∏≠‡∏™‡∏ß‡∏∞ 250 ‡∏Å‡∏≠ ‡πÅ‡∏•‡∏∞‡πÄ‡∏´‡∏•‡πà‡∏≤‡∏ö‡∏£‡∏¥‡∏ß‡∏≤‡∏£‡∏õ‡∏£‡∏™‡∏¥‡∏ï‡∏•‡∏¥‡πâ‡∏ß‡∏•‡πâ‡∏≠ ‡πÉ‡∏™‡πà‡∏Å‡∏£‡∏∞‡∏™‡∏ß‡∏¢‡∏≠‡∏ß‡∏Å‡∏≤‡∏® ‡πÑ‡∏õ‡∏õ‡∏•‡πà‡∏≠‡∏¢‡∏ó‡∏µ‡πà‡∏î‡∏≤‡∏ß‡∏î‡∏ß‡∏á‡∏≠‡∏∑‡πà‡∏ô‡πÑ‡∏Å‡∏•‡πÜ ‡πÄ‡∏•‡∏¢‡∏ô‡∏∞ 55555 ‡πÅ‡∏ï‡πà‡∏Ñ‡∏¥‡∏î‡∏ß‡πà‡∏≤‡πÇ‡∏Ñ‡∏£‡∏á‡∏Å‡∏≤‡∏£‡∏ô‡∏µ‡πâ‡∏Ñ‡∏á‡∏≠‡∏µ‡∏Å 10 ‡∏ä‡∏±‡πà‡∏ß‡πÇ‡∏Ñ‡∏ï‡∏£ ‡∏Ç‡∏ô‡∏≤‡∏î‡πÅ‡∏Å‡πâ‡∏õ‡∏±‡∏ç‡∏´‡∏≤‡πÇ‡∏Ñ‡∏ß‡∏¥‡∏î‡πÉ‡∏ô‡∏õ‡∏±‡∏à‡∏à‡∏∏‡∏ö‡∏±‡∏ô ‡∏¢‡∏±‡∏á‡∏•‡πâ‡∏°‡πÄ‡∏´‡∏•‡∏ß‡πÑ‡∏°‡πà‡πÄ‡∏õ‡πá‡∏ô‡∏ó‡πà‡∏≤‡πÄ‡∏•‡∏¢ ‡πÅ‡∏ï‡πà‡∏û‡∏ß‡∏Å‡∏™‡∏•‡∏¥‡πà‡∏° ‡∏ô‡∏Å‡∏´‡∏ß‡∏µ‡∏î ‡∏Ñ‡∏á‡∏ä‡∏≠‡∏ö‡πÅ‡∏ö‡∏ö‡∏ô‡∏µ‡πâ ‡∏ñ‡∏∂‡∏á‡πÑ‡∏î‡πâ‡πÄ‡∏ä‡∏µ‡∏¢‡∏£‡πå‡πÅ‡∏•‡∏∞‡∏≠‡∏ß‡∏¢‡∏Å‡∏±‡∏ô‡∏à‡∏±‡∏á
85,2021-04-20 06:04:40+00:00,"‡∏•‡∏∏‡∏á‡∏õ‡πâ‡∏≠‡∏° ‡∏≠‡∏ß‡∏¢‡∏û‡∏£‡∏™‡∏á‡∏Å‡∏£‡∏≤‡∏ô‡∏ï‡πå ‡∏õ‡∏µ‡πÉ‡∏´‡∏°‡πà ‡∏Ç‡∏≠‡πÉ‡∏´‡πâ ‡∏õ‡∏ä‡∏ä.‡∏™‡∏∏‡∏Ç‡∏†‡∏≤‡∏û‡πÅ‡∏Ç‡πá‡∏á‡πÅ‡∏£‡∏á ‡∏£‡∏±‡∏ê‡∏ö‡∏≤‡∏•‡∏à‡∏∞‡∏°‡∏∏‡πà‡∏á‡∏´‡∏ô‡πâ‡∏≤‡∏ó‡∏≥‡∏á‡∏≤‡∏ô‡∏™‡∏£‡πâ‡∏≤‡∏á‡∏Ñ‡∏ß‡∏≤‡∏°‡∏≠‡∏¢‡∏π‡πà‡∏î‡∏µ‡∏Å‡∏¥‡∏ô‡∏î‡∏µ 
#‡∏•‡∏∏‡∏á‡∏õ‡πâ‡∏≠‡∏°‡πÉ‡∏à‡∏î‡∏µ
#‡∏û‡∏•‡πÄ‡∏≠‡∏Å‡∏õ‡∏£‡∏∞‡∏ß‡∏¥‡∏ï‡∏£
#‡∏ö‡∏¥‡πä‡∏Å‡∏õ‡πâ‡∏≠‡∏° https://t.co/I1MsVXMCuM"
86,2021-04-20 06:04:13+00:00,"‡∏•‡∏∏‡∏á‡∏õ‡πâ‡∏≠‡∏° ‡∏≠‡∏ß‡∏¢‡∏û‡∏£‡∏™‡∏á‡∏Å‡∏£‡∏≤‡∏ô‡∏ï‡πå ‡∏õ‡∏µ‡πÉ‡∏´‡∏°‡πà ‡∏Ç‡∏≠‡πÉ‡∏´‡πâ ‡∏õ‡∏ä‡∏ä.‡∏™‡∏∏‡∏Ç‡∏†‡∏≤‡∏û‡πÅ‡∏Ç‡πá‡∏á‡πÅ‡∏£‡∏á ‡∏£‡∏±‡∏ê‡∏ö‡∏≤‡∏•‡∏à‡∏∞‡∏°‡∏∏‡πà‡∏á‡∏´‡∏ô‡πâ‡∏≤‡∏ó‡∏≥‡∏á‡∏≤‡∏ô‡∏™‡∏£‡πâ‡∏≤‡∏á‡∏Ñ‡∏ß‡∏≤‡∏°‡∏≠‡∏¢‡∏π‡πà‡∏î‡∏µ‡∏Å‡∏¥‡∏ô‡∏î‡∏µ
#‡∏•‡∏∏‡∏á‡∏õ‡πâ‡∏≠‡∏°‡πÉ‡∏à‡∏î‡∏µ
#‡∏û‡∏•‡πÄ‡∏≠‡∏Å‡∏õ‡∏£‡∏∞‡∏ß‡∏¥‡∏ï‡∏£
#‡∏ö‡∏¥‡πä‡∏Å‡∏õ‡πâ‡∏≠‡∏° https://t.co/DFRBlzZHMg"
87,2021-04-10 09:31:58+00:00,"‡∏•‡∏∏‡∏á‡∏õ‡πâ‡∏≠‡∏° ‡∏≠‡∏ß‡∏¢‡∏û‡∏£‡∏™‡∏á‡∏Å‡∏£‡∏≤‡∏ô‡∏ï‡πå ‡∏Ç‡∏≠‡πÉ‡∏´‡πâ ‡∏õ‡∏ä‡∏ä ‡∏™‡∏∏‡∏Ç‡∏†‡∏≤‡∏û‡πÄ‡πÄ‡∏Ç‡πá‡∏á‡πÄ‡πÄ‡∏£‡∏á ‡∏£‡∏±‡∏ê‡∏ö‡∏≤‡∏•‡∏à‡∏∞‡∏°‡∏∏‡πà‡∏á‡∏´‡∏ô‡πâ‡∏≤‡∏ó‡∏≥‡∏™‡∏£‡πâ‡∏≤‡∏á‡∏Ñ‡∏ß‡∏≤‡∏°‡∏≠‡∏¢‡∏π‡πà‡∏î‡∏µ‡∏Å‡∏¥‡∏ô‡∏î‡∏µ 
‡∏ö‡∏£‡∏£‡πÄ‡∏ó‡∏≤‡∏Ñ‡∏ß‡∏≤‡∏°‡πÄ‡∏î‡∏∑‡∏≠‡∏ô‡∏£‡πâ‡∏≠‡∏ô‡∏õ‡∏£‡∏∞‡∏ä‡∏≤‡∏ä‡∏ô
#‡∏•‡∏∏‡∏á‡∏õ‡πâ‡∏≠‡∏°‡πÉ‡∏à‡∏î‡∏µ 
#‡∏ö‡∏¥‡πä‡∏Å‡∏õ‡πâ‡∏≠‡∏° 
#‡∏û‡∏•‡πÄ‡∏≠‡∏Å‡∏õ‡∏£‡∏∞‡∏ß‡∏¥‡∏ï‡∏£ 
#‡∏á‡∏≤‡∏ô‡∏ó‡∏µ‡πà‡∏•‡∏∏‡∏á‡∏õ‡πâ‡∏≠‡∏°‡∏ó‡∏≥ https://t.co/QPNYRPXycj"
88,2021-04-06 03:17:13+00:00,@0321lakhaw @MatichonOnline ‡∏à‡∏£‡∏¥‡∏á ‡πÅ‡∏ï‡πà‡∏Å‡πà‡∏≠‡∏ô‡∏û‡πà‡∏≠‡πÄ‡∏Ç‡∏≤‡∏Å‡πá‡πÄ‡∏Ñ‡∏¢‡πÅ‡∏à‡∏Å‡πÄ‡∏´‡∏°‡∏∑‡∏≠‡∏ô‡∏Å‡∏±‡∏ô ‡∏ï‡∏≠‡∏ô‡πÅ‡∏à‡∏Å‡∏ñ‡πâ‡∏≤‡∏à‡∏≥‡πÑ‡∏°‡πà‡∏ú‡∏¥‡∏î ‡πÇ‡∏à‡∏°‡∏ï‡∏µ‡πÄ‡∏Ç‡∏≤ ‡∏ó‡∏´‡∏≤‡∏£‡πÑ‡∏•‡πà‡∏à‡∏±‡∏ö‡∏Ñ‡∏ô‡∏°‡∏µ‡∏Ç‡∏±‡∏ô ‡∏Ñ‡∏ô‡πÇ‡∏û‡∏™‡∏ï‡πå‡∏Ñ‡∏π‡πà‡∏Å‡∏±‡∏ö‡∏Ç‡∏±‡∏ô‡∏Å‡πá‡πÇ‡∏î‡∏ô  ‡∏•‡∏∏‡∏á‡∏ï‡∏π‡πà‡∏Å‡πá‡∏≠‡∏≠‡∏Å‡πÇ‡∏£‡∏á‡∏ß‡πà‡∏≤‡πÄ‡∏Ç‡∏≤ ‡∏°‡∏≤‡∏õ‡∏µ‡∏ô‡∏µ‡πâ‡∏û‡∏µ‡πà‡∏õ‡πâ‡∏≠‡∏°‡πÅ‡∏à‡∏Å ‡∏à‡∏∞‡∏£‡∏≠‡∏î‡∏π‡∏ß‡πà‡∏≤ ‡∏ó‡∏´‡∏≤‡∏£‡∏à‡∏∞‡∏à‡∏±‡∏ö‡∏°‡∏±‡πâ‡∏¢ ‡∏•‡∏∏‡∏á‡∏ï‡∏π‡πà‡∏à‡∏∞‡∏≠‡∏≠‡∏Å‡πÇ‡∏£‡∏á‡∏ß‡πà‡∏≤‡πÄ‡∏Ç‡∏≤ ‡∏£‡∏∑‡∏≠‡∏à‡∏∞‡∏≠‡∏≠‡∏Å‡πÇ‡∏£‡∏á‡∏≠‡∏ß‡∏¢ https://t.co/OqRtPTZYTd
89,2021-04-03 15:09:58+00:00,@Jrosy15 ‡πÄ‡∏ô‡∏µ‡πà‡∏¢‡∏∞‡∏∞‡∏∞‡∏û‡∏π‡∏î‡πÅ‡∏ö‡∏ö‡∏ô‡∏µ‡πâ‡∏Å‡πá‡πÄ‡∏Ç‡πâ‡∏≤‡∏ï‡∏±‡∏ß‡πÄ‡∏≠‡∏á‡∏≠‡∏µ‡∏Å‡∏Å‡∏Å‚Äã ‡πÑ‡∏õ‡∏ö‡∏≠‡∏Å‡∏•‡∏∏‡∏á‡∏õ‡πâ‡∏≠‡∏°‡∏Å‡∏±‡∏ö‡∏´‡∏ô‡πà‡∏ß‡∏¢‡∏á‡∏≤‡∏ô‡∏£‡∏±‡∏ê‡∏Ç‡∏≠‡∏á‡∏Ñ‡∏∏‡∏ì‡∏ó‡∏µ‡πà‡πÄ‡∏ó‡∏µ‡πà‡∏¢‡∏ß‡πÑ‡∏õ‡πÅ‡∏Ç‡∏ß‡∏∞‡∏ß‡πà‡∏≤‡∏ö‡πà‡∏≠‡πÑ‡∏°‡πà‡πÑ‡∏î‡πâ‡∏°‡∏≤‡∏ï‡∏£‡∏ê‡∏≤‡∏ô‡πÄ‡∏ñ‡∏¥‡∏î‡∏î‡∏î‚Äã ‡πÄ‡∏á‡∏¥‡∏ô‡∏Å‡πá‡πÄ‡∏á‡∏¥‡∏ô‡πÄ‡∏Ñ‡πâ‡∏≤‚Äã ‡∏ó‡∏≥‡πÄ‡∏û‡∏∑‡πà‡∏≠‡∏ä‡∏≤‡∏ß‡∏ö‡πâ‡∏≤‡∏ô‡∏Å‡πá‡∏¢‡∏±‡∏á‡πÑ‡∏õ‡∏û‡∏π‡∏î‚Äã ‡πÅ‡∏•‡πâ‡∏ß‡∏á‡∏ö‡∏õ‡∏£‡∏∞‡∏°‡∏≤‡∏ì‡∏ó‡∏µ‡πà‡πÉ‡∏ä‡πâ‡πÑ‡∏õ‡∏≠‡πà‡∏∞‡∏î‡∏π‡∏°‡∏±‡πà‡∏á‡∏ß‡πà‡∏≤‡∏°‡∏±‡∏ô‡πÄ‡∏Å‡∏¥‡∏ô‡∏à‡∏£‡∏¥‡∏á‡πÑ‡∏õ‡∏Ç‡∏ô‡∏≤‡∏î‡πÑ‡∏´‡∏ô‚Äã ‡πÑ‡∏°‡πà‡πÉ‡∏ä‡πà‡∏´‡∏•‡∏±‡∏ö‡∏´‡∏π‡∏´‡∏•‡∏±‡∏ö‡∏ï‡∏≤‡∏≠‡∏ß‡∏¢‚Äã ‡πÅ‡∏•‡πâ‡∏ß‡∏Ñ‡∏∏‡∏ì‡πÑ‡∏°‡πà‡πÉ‡∏ä‡πà‡∏´‡∏£‡∏≠‡∏ó‡∏µ‡πà‡∏Ñ‡∏¥‡∏î‡∏ä‡∏±‡πà‡∏ß‡∏´‡∏≤‡∏ß‡πà‡∏≤‡∏Ñ‡∏ô‡∏≠‡∏∑‡πà‡∏ô‡πÄ‡∏≠‡∏≤‡∏´‡∏ô‡πâ‡∏≤
90,2021-03-27 05:50:25+00:00,"‡∏•‡∏∏‡∏á‡∏õ‡πâ‡∏≠‡∏° ‡πÄ‡∏õ‡πá‡∏ô‡∏ó‡∏´‡∏≤‡∏£‡∏°‡∏≤‡∏ó‡∏±‡πâ‡∏á‡∏ä‡∏µ‡∏ß‡∏¥‡∏ï ‡∏Ñ‡∏≥‡∏ß‡πà‡∏≤ ‡πÑ‡∏≠‡πâ‡∏´‡πà‡∏≤ 
‡∏Å‡πá‡πÅ‡∏Ñ‡πà ‡∏Ñ‡∏≥‡∏≠‡∏∏‡∏ó‡∏≤‡∏ô ü§≠ ‡∏ô‡∏±‡∏Å‡∏Ç‡πà‡∏≤‡∏ß‡∏ï‡πà‡∏≠‡∏´‡∏ô‡πâ‡∏≤ ‡∏Å‡πá‡∏´‡∏±‡∏ß‡πÄ‡∏£‡∏≤‡∏∞‡∏£‡∏±‡∏ö‡∏°‡∏∏‡∏Ç ‡πÅ‡∏ï‡πà ‡∏•‡∏±‡∏ö‡∏´‡∏•‡∏±‡∏á ‡πÄ‡∏≠‡∏≤‡∏°‡∏≤‡∏õ‡∏±‡πà‡∏ô‡πÄ‡∏õ‡πá‡∏ô‡∏Ñ‡∏≥‡∏´‡∏¢‡∏≤‡∏ö ‡∏™‡πà‡∏ß‡∏ô‡∏°‡πá‡∏≠‡∏ö‡∏û‡πà‡∏ô‡∏Ñ‡∏≥‡∏ñ‡πà‡∏≠‡∏¢‡∏™‡∏ñ‡∏∏‡∏ô ‡πÄ‡∏™‡∏∑‡∏≠‡∏Å‡∏≠‡∏ß‡∏¢‡∏ß‡πà‡∏≤ ‡πÄ‡∏¢‡∏≤‡∏ß‡∏ä‡∏ô‡∏≠‡∏ô‡∏≤‡∏Ñ‡∏ï‡∏Ç‡∏≠‡∏á‡∏ä‡∏≤‡∏ï‡∏¥ .... 
‡∏¢‡πâ‡∏≠‡∏ô‡πÅ‡∏¢‡πâ‡∏á‡∏™‡∏±‡∏™ #‡∏™‡∏∑‡πà‡∏≠‡∏°‡∏µ‡πÑ‡∏ß‡πâ‡∏ó‡πç‡∏≤‡πÑ‡∏°"
91,2021-03-16 15:55:55+00:00,‡∏Ñ‡πà‡∏≤‡∏Ç‡∏≠‡∏á‡∏Ñ‡∏ô‡πÑ‡∏°‡πà‡πÑ‡∏î‡πâ‡∏ß‡∏±‡∏î‡∏Å‡∏±‡∏ô‡∏ó‡∏µ‡πà‡∏™‡∏ñ‡∏≤‡∏ô‡∏®‡∏∂‡∏Å‡∏©‡∏≤ ‡∏õ‡∏£‡∏∞‡πÄ‡∏î‡πá‡∏ô‡πÄ‡∏£‡∏∑‡πà‡∏≠‡∏á‡∏ô‡∏µ‡πâ‡πÄ‡∏£‡∏≤‡∏ß‡πà‡∏≤‡∏ñ‡πâ‡∏≤‡∏Ñ‡∏ô‡∏à‡∏∞‡πÄ‡∏à‡∏≤‡∏∞‡∏à‡∏á‡πÅ‡∏Ñ‡πà‡∏ï‡∏≠‡∏ô‡πÅ‡∏£‡∏Å‡∏ó‡∏µ‡πà‡∏•‡∏∏‡∏á‡∏õ‡πâ‡∏≠‡∏°‡∏û‡∏π‡∏î‡∏Å‡πá‡∏Ñ‡∏á‡∏à‡∏∞‡∏Ñ‡∏¥‡∏î‡πÑ‡∏õ‡∏ï‡πà‡∏≤‡∏á‡πÜ‡∏ô‡∏≤‡πÜ‡πÅ‡∏ï‡πà‡∏ñ‡πâ‡∏≤‡∏î‡∏π‡∏à‡∏ô‡∏à‡∏ö‡∏Ñ‡∏£‡∏¥‡∏õ‡∏Å‡πá‡πÄ‡∏Ç‡πâ‡∏≤‡πÉ‡∏à‡πÑ‡∏î‡πâ‡∏ß‡πà‡∏≤‡∏•‡∏∏‡∏á‡πÑ‡∏°‡πà‡πÑ‡∏î‡πâ‡∏°‡∏µ‡πÄ‡∏à‡∏ï‡∏ô‡∏≤‡∏ó‡∏µ‡πà‡πÑ‡∏°‡πà‡∏î‡∏µ‡∏´‡∏£‡∏∑‡∏≠‡∏≠‡∏∞‡πÑ‡∏£ ‡∏Å‡πá‡∏≠‡∏¢‡πà‡∏≤‡∏á‡∏ß‡πà‡∏≤‡πÅ‡∏´‡∏•‡∏∞‡∏Ñ‡∏ô‡πÄ‡∏£‡∏≤‡∏ñ‡πâ‡∏≤‡πÑ‡∏°‡πà‡∏ä‡∏≠‡∏ö‡∏û‡∏π‡∏î‡∏≠‡∏∞‡πÑ‡∏£‡∏Å‡πá‡∏ú‡∏¥‡∏î ‡πÑ‡∏°‡πà‡∏≠‡∏ß‡∏¢‡∏ô‡∏∞‡πÅ‡∏ï‡πà‡πÄ‡∏Ç‡πâ‡∏≤‡πÉ‡∏à‡πÅ‡∏•‡∏∞‡∏°‡∏≠‡∏á‡∏´‡∏•‡∏≤‡∏¢‡∏°‡∏∏‡∏° #‡∏•‡∏∏‡∏á‡∏õ‡πâ‡∏≠‡∏°
92,2021-03-10 07:59:21+00:00,@MatichonOnline ‡∏≠‡∏ß‡∏¢‡∏Å‡∏±‡∏ô‡∏à‡∏±‡∏á‡πÄ‡∏•‡∏¢‡∏ô‡∏∞‡∏Ñ‡∏£‡∏±‡∏ö‡∏ó‡πà‡∏≤‡∏ô ‡∏™.‡∏™‡πÄ‡∏ó‡∏ß‡∏î‡∏≤ ‡∏•‡∏∏‡∏á‡∏ï‡∏π‡πà‡∏ä‡πà‡∏ß‡∏¢‡πÑ‡∏°‡πà‡πÑ‡∏î‡πâ‡∏´‡∏£‡∏≠‡∏Å‡∏Ñ‡∏£‡∏±‡∏ö‡∏Ñ‡∏î‡∏µ‡∏ö‡∏∏‡∏Å‡∏£‡∏∏‡∏Å‡∏õ‡πà‡∏≤‡∏ô‡∏∞‡∏ï‡πà‡∏≠‡πÉ‡∏´‡πâ‡∏Ñ‡∏•‡πâ‡∏≠‡∏á‡∏û‡∏£‡∏∞‡∏´‡∏•‡∏ß‡∏á‡∏û‡πà‡∏≠‡∏õ‡πâ‡∏≠‡∏°‡∏´‡∏£‡∏∑‡∏≠‡∏´‡∏•‡∏ß‡∏á‡∏û‡πà‡∏≠‡∏î‡∏±‡∏á‡πÜ‡∏ó‡∏µ‡πà‡πÑ‡∏´‡∏ô‡∏£‡∏≤‡∏Ñ‡∏≤‡∏Å‡∏µ‡πà‡∏™‡∏¥‡∏ö‡∏•‡πâ‡∏≤‡∏ô‡∏Å‡πá‡πÑ‡∏°‡πà‡∏£‡∏≠‡∏î‡∏ñ‡πâ‡∏≤‡∏Ñ‡∏ô‡∏°‡∏±‡∏ô‡πÄ..‡∏µ‡πâ‡∏¢ ‡∏û‡∏£‡∏∞‡πÄ‡∏Ç‡∏≤‡∏Ñ‡∏∏‡πâ‡∏°‡∏Ñ‡∏£‡∏≠‡∏á‡∏Ñ‡∏ô‡∏î‡∏µ‡∏Ñ‡∏£‡∏±‡∏ö‡∏à‡∏≥‡πÑ‡∏ß‡πâ‡∏Ñ‡∏£‡∏±‡∏ö‡∏ó‡πà‡∏≤‡∏ô...
93,2021-03-07 02:55:01+00:00,‡∏ß‡∏±‡∏ô‡∏Å‡πà‡∏≠‡∏ô‡∏¢‡∏±‡∏á‡∏°‡∏µ‡∏£‡∏≤‡∏¢‡∏Å‡∏≤‡∏£‡∏≠‡∏ß‡∏¢‡∏•‡∏∏‡∏á‡∏õ‡πâ‡∏≠‡∏° ‡πÄ‡∏≠‡∏≤‡∏Ñ‡∏ô‡∏ó‡∏µ‡πà‡πÄ‡∏Ñ‡∏¢‡∏ó‡∏≥‡∏á‡∏≤‡∏ô‡πÉ‡∏Å‡∏•‡πâ‡∏ä‡∏¥‡∏î‡∏°‡∏≤‡∏û‡∏π‡∏î‡∏ß‡πà‡∏≤‡∏•‡∏∏‡∏á‡πÉ‡∏à‡∏î‡∏µ‡∏≠‡∏¢‡πà‡∏≤‡∏ß‡∏ô‡∏±‡πâ‡∏ô ‡πÄ‡∏õ‡πá‡∏ô‡∏Å‡∏±‡∏ô‡πÄ‡∏≠‡∏á‡∏≠‡∏¢‡πà‡∏≤‡∏á‡∏ô‡∏µ‡πâ ‡∏ó‡∏≥‡∏≠‡∏≤‡∏´‡∏≤‡∏£‡∏≠‡∏£‡πà‡∏≠‡∏¢ ‡∏≠‡∏¢‡∏π‡πà‡πÄ‡∏•‡∏¢‡∏≠‡πà‡∏∞ ‡∏≠‡∏¢‡∏≤‡∏Å‡∏£‡∏π‡πâ‡∏ß‡πà‡∏≤‡∏£‡∏≤‡∏¢‡∏Å‡∏≤‡∏£‡∏ô‡∏µ‡πâ‡πÉ‡∏´‡πâ‡∏Ñ‡πà‡∏≤‡∏Å‡∏±‡∏ö‡∏™‡∏ñ‡∏≤‡∏ì‡∏Å‡∏≤‡∏£‡∏ì‡πå‡∏Å‡∏≤‡∏£‡πÄ‡∏°‡∏∑‡∏≠‡∏á‡∏õ‡∏±‡∏à‡∏à‡∏∏‡∏ö‡∏±‡∏ô‡∏≠‡∏¢‡πà‡∏≤‡∏á‡πÑ‡∏£ ‡πÄ‡πÄ‡∏•‡πâ‡∏ß‡∏ó‡∏≤‡∏á‡∏ä‡πà‡∏≠‡∏á‡∏ó‡∏≥‡πÑ‡∏õ‡∏ó‡∏≥‡πÑ‡∏°‡∏Ñ‡∏∞? https://t.co/dS5St0PBZX
94,2021-02-17 15:09:56+00:00,‡∏™‡∏≠‡∏á‡∏ß‡∏±‡∏ô ‡∏ú‡∏π‡πâ‡∏Ñ‡∏ô‡∏ß‡∏¥‡∏à‡∏≤‡∏£‡∏ì‡πå ‡πÄ‡∏û‡∏∑‡πà‡∏≠‡πÑ‡∏ó‡∏¢ ‡∏≠‡∏ß‡∏¢ ‡πÑ‡∏°‡πà‡πÉ‡∏ä‡πà‡∏≠‡∏†‡∏¥‡∏õ‡∏£‡∏≤‡∏¢ ‡∏Å‡πâ‡∏≤‡∏ß‡πÑ‡∏Å‡∏• ‡∏™‡∏°‡∏†‡∏π‡∏°‡∏¥ ‡πÄ‡∏™‡∏£‡∏µ‡∏£‡∏ß‡∏°‡πÑ‡∏ó‡∏¢ ‡∏Ñ‡∏ô‡πÄ‡∏î‡∏µ‡∏¢‡∏ß‡πÑ‡∏°‡πà‡πÇ‡∏î‡∏î‡πÄ‡∏î‡πà‡∏ô ‡∏£‡∏±‡∏Å‡∏ä‡∏≤‡∏ï‡∏¥‡πÄ‡∏ñ‡πâ‡∏≤‡πÅ‡∏Å‡πà‡∏Ø‡∏•‡∏Ø ‡∏û‡∏•‡πÄ‡∏≠‡∏Å‡∏õ‡∏£‡∏∞‡∏¢‡∏∏‡∏ó‡∏ò‡πå ‡∏ï‡∏µ‡∏Å‡∏¥‡∏ô‡πÅ‡∏ö‡∏ö‡πÅ‡∏Å‡πà‡πÄ‡∏û‡∏£‡∏≤‡∏∞‡∏Å‡∏¥‡∏ô‡∏Ç‡πâ‡∏≤‡∏ß‡πÄ‡∏í‡πà‡∏≤‡πÄ‡∏û‡∏£‡∏≤‡∏∞‡∏≠‡∏¢‡∏π‡πà‡∏ô‡∏≤‡∏ô ‡∏ß‡∏¥‡∏ä‡∏≤‡∏°‡∏≤‡∏£‡∏£‡∏≠‡∏ö‡∏ï‡∏±‡∏ß ‡πÅ‡∏ñ‡∏°‡πÄ‡∏¢‡πâ‡∏¢ ‡∏°‡∏∂‡∏á‡∏£‡∏≠‡πÄ‡∏õ‡πá‡∏ô‡∏£‡∏±‡∏ê‡∏ö‡∏≤‡∏•‡∏ä‡∏≤‡∏ï‡∏¥‡∏´‡∏ô‡πâ‡∏≤ ‡∏•‡∏∏‡∏á‡∏õ‡πâ‡∏≠‡∏° ‡∏°‡∏±‡πà‡∏ß‡∏ã‡∏±‡πà‡∏ß ‡∏™‡∏™ ‡∏™‡∏¥‡πâ‡∏ô‡∏™‡∏†‡∏≤‡∏û ‡∏™‡∏£‡∏∏‡∏õ‡∏£‡∏±‡∏ê‡∏™‡∏†‡∏≤‡∏ó‡∏¥‡∏ä‡∏ä‡∏π‡πà ‡∏â‡∏µ‡πà‡∏Ç‡∏±‡∏î‡∏•‡∏≥‡∏Å‡∏•‡πâ‡∏≠‡∏á.‡∏ô‡πâ‡∏≠‡∏á‡πÜ‡∏£‡∏≠‡∏Ñ‡∏∏‡∏Å? https://t.co/jsptZqTns2
95,2021-02-05 06:16:46+00:00,"""‡πÄ‡∏≠‡πã ‡∏õ‡∏≤‡∏£‡∏µ‡∏ì‡∏≤"" ‡∏≠‡∏ß‡∏¢‡∏ã‡∏∞‡∏•‡∏∏‡∏á‡∏õ‡πâ‡∏≠‡∏°‡πÄ‡∏Ñ‡∏•‡∏¥‡πâ‡∏° ‡∏£‡∏±‡∏Å‡∏•‡∏∏‡∏á‡∏õ‡πâ‡∏≠‡∏°‡∏ó‡∏µ‡πà‡∏™‡∏∏‡∏î‡∏™‡∏≤‡∏°‡πÇ‡∏•‡∏Å ‡∏ä‡∏µ‡πâ‡∏û‡∏õ‡∏ä‡∏£.‡πÅ‡∏Ñ‡πà‡∏Ç‡∏±‡∏î‡πÅ‡∏¢‡πâ‡∏á‡πÑ‡∏°‡πà‡∏°‡∏µ‡∏ï‡πà‡∏≠‡∏¢‡∏Å‡∏±‡∏ô‡πÄ‡∏´‡∏°‡∏∑‡∏≠‡∏ô‡∏û‡∏£‡∏£‡∏Ñ‡∏≠‡∏∑‡πà‡∏ô
#‡∏•‡∏∏‡∏á‡∏õ‡πâ‡∏≠‡∏°‡πÉ‡∏à‡∏î‡∏µ 
#‡∏û‡∏•‡πÄ‡∏≠‡∏Å‡∏õ‡∏£‡∏∞‡∏ß‡∏¥‡∏ï‡∏£ 
#‡∏ö‡∏¥‡πä‡∏Å‡∏õ‡πâ‡∏≠‡∏° 
#‡∏á‡∏≤‡∏ô‡∏ó‡∏µ‡πà‡∏•‡∏∏‡∏á‡∏õ‡πâ‡∏≠‡∏°‡∏ó‡∏≥ https://t.co/qaHmoQ9A5f"
96,2021-02-04 01:20:32+00:00,"@karasuwich1 ‡∏ß‡∏¥‡∏à‡∏≤‡∏£‡∏ì‡πå‡∏ö‡πâ‡∏≤‡∏á‡∏Å‡πá‡πÑ‡∏î‡πâ‡∏Ñ‡πà‡∏∞üòÇ  ‡∏°‡∏±‡πà‡∏ô‡πÉ‡∏à‡∏ß‡πà‡∏≤‡∏ï‡∏¥‡πÄ‡∏û‡∏∑‡πà‡∏≠‡∏Å‡πà‡∏≠ ‡∏≠‡∏ß‡∏¢‡πÄ‡∏Å‡∏¥‡∏ô‡πÑ‡∏°‡πà‡∏ä‡πà‡∏ß‡∏¢‡∏û‡∏±‡∏í‡∏ô‡∏≤‡∏õ‡∏ó. ‡πÄ‡∏ö‡∏∑‡πà‡∏≠‡πÄ‡∏≠‡∏µ‡∏¢‡∏ô‡∏´‡∏•‡∏≤‡∏¢‡∏Ñ‡∏ô‡πÉ‡∏ô‡∏£‡∏ö.‡∏ô‡∏µ‡πâ‡∏°‡∏≤‡∏Å‡πÄ‡∏´‡∏°‡∏∑‡∏≠‡∏ô‡∏Å‡∏±‡∏ô ‡∏ó‡∏≥‡∏î‡∏µ‡∏Å‡πá‡∏ä‡∏°‡∏ó‡∏≥‡∏ä‡∏±‡πà‡∏ß‡∏ô‡∏±‡∏Å‡∏Å‡πá‡∏ï‡πâ‡∏≠‡∏á‡∏î‡πà‡∏≤‡∏ö‡πâ‡∏≤‡∏á‡∏Ñ‡πà‡∏∞üòÇ  ‡∏•‡∏∏‡∏á‡∏ï‡∏π‡πà‡πÄ‡∏≠‡∏á‡∏Å‡πá‡∏°‡∏µ‡∏ó‡∏±‡πâ‡∏á‡∏ó‡∏µ‡πà‡∏ñ‡∏π‡∏Å‡πÉ‡∏à‡πÅ‡∏•‡∏∞‡∏Ç‡∏±‡∏î‡πÉ‡∏à ‡∏•‡∏∏‡∏á‡∏õ‡πâ‡∏≠‡∏°‡∏ô‡∏µ‡πà...‡∏¢‡∏µ‡πâ‡πÄ‡∏£‡∏¢ ü§£
‡∏Ñ‡∏∏‡∏ì‡∏°‡∏≤‡∏£‡πå‡∏Ñ‡∏Å‡πá‡∏°‡∏µ‡∏ó‡∏±‡πâ‡∏á‡∏Ç‡πâ‡∏≠‡∏î‡∏µ+‡∏Ç‡πâ‡∏≠‡πÄ‡∏™‡∏µ‡∏¢ ‡∏ß‡∏¥‡∏à‡∏≤‡∏£‡∏ì‡πå‡πÑ‡∏î‡πâ ‡πÅ‡∏ï‡πà‡πÑ‡∏°‡πà‡∏ä‡∏≠‡∏ö‡∏ó‡∏µ‡πà‡∏î‡πà‡∏≤‡∏°‡∏±‡πà‡∏ß‡πÜ‡πÑ‡∏£‡πâ‡∏™‡∏≤‡∏£‡∏∞‡πÑ‡∏°‡πà‡πÄ‡∏õ‡πá‡∏ô‡∏Ñ‡∏ß‡∏≤‡∏°‡∏à‡∏£‡∏¥‡∏á"
97,2021-01-13 07:21:35+00:00,‡∏•‡∏∏‡∏á‡∏õ‡πâ‡∏≠‡∏°‡∏≠‡∏ß‡∏¢‡∏û‡∏£ #‡πÄ‡∏£‡∏≤‡∏ä‡∏ô‡∏∞ https://t.co/jcKev8p6HK
98,2021-01-01 14:28:21+00:00,"""‡∏•‡∏∏‡∏á‡∏õ‡πâ‡∏≠‡∏°"" ‡∏≠‡∏ß‡∏¢‡∏û‡∏£‡∏õ‡∏µ‡πÉ‡∏´‡∏°‡πà 2564  
.
‡∏û‡∏•.‡∏≠.‡∏õ‡∏£‡∏∞‡∏ß‡∏¥‡∏ï‡∏£ ‡∏ß‡∏á‡∏©‡πå‡∏™‡∏∏‡∏ß‡∏£‡∏£‡∏ì ‡∏£‡∏≠‡∏á‡∏ô‡∏≤‡∏¢‡∏Å‡∏£‡∏±‡∏ê‡∏°‡∏ô‡∏ï‡∏£‡∏µ ‡∏ñ‡∏∑‡∏≠‡πÇ‡∏≠‡∏Å‡∏≤‡∏™‡∏™‡πà‡∏á‡∏ó‡πâ‡∏≤‡∏¢‡∏õ‡∏µ‡πÄ‡∏Å‡πà‡∏≤ 2563 ‡∏ï‡πâ‡∏≠‡∏ô‡∏£‡∏±‡∏ö‡∏õ‡∏µ‡πÉ‡∏´‡∏°‡πà 2564 ‡∏≠‡∏ß‡∏¢‡∏û‡∏£‡∏õ‡∏µ‡πÉ‡∏´‡∏°‡πà‡∏Ñ‡∏ô‡πÑ‡∏ó‡∏¢ ‡∏Ç‡∏≠‡πÉ‡∏´‡πâ‡∏°‡∏µ‡∏Ñ‡∏ß‡∏≤‡∏°‡∏™‡∏∏‡∏Ç ‡∏™‡∏∏‡∏Ç‡∏†‡∏≤‡∏û‡πÅ‡∏Ç‡πá‡∏á‡πÅ‡∏£‡∏á ‡∏û‡∏£‡πâ‡∏≠‡∏°‡∏¢‡∏∑‡∏ô‡∏¢‡∏±‡∏ô‡∏£‡∏±‡∏ê‡∏ö‡∏≤‡∏•‡∏à‡∏∞‡∏°‡∏∏‡πà‡∏á‡∏°‡∏±‡πà‡∏ô‡∏ó‡∏≥‡∏á‡∏≤‡∏ô‡∏™‡∏£‡πâ‡∏≤‡∏á‡∏Ñ‡∏ß‡∏≤‡∏°‡∏≠‡∏¢‡∏π‡πà‡∏î‡∏µ‡∏Å‡∏¥‡∏ô‡∏î‡∏µ‡πÉ‡∏´‡πâ‡πÄ‡∏ó‡πà‡∏≤‡πÄ‡∏ó‡∏µ‡∏¢‡∏°
. 
.  
‡∏ï‡∏¥‡∏î‡∏ï‡∏≤‡∏°‡∏Ç‡πà‡∏≤‡∏ß‡∏≠‡∏∑‡πà‡∏ô‡πÜ ‡∏Ç‡∏≠‡∏á Backbone MCOT https://t.co/TtzSzVYM6z"
99,2020-12-29 03:40:09+00:00,"""‡∏•‡∏∏‡∏á‡∏õ‡πâ‡∏≠‡∏°"" ‡∏ñ‡∏∑‡∏≠‡πÇ‡∏≠‡∏Å‡∏≤‡∏™‡∏™‡πà‡∏á‡∏ó‡πâ‡∏≤‡∏¢‡∏õ‡∏µ‡πÄ‡∏Å‡πà‡∏≤ 2563 ‡∏ï‡πâ‡∏≠‡∏ô‡∏£‡∏±‡∏ö‡∏õ‡∏µ‡πÉ‡∏´‡∏°‡πà 2564 ‡∏≠‡∏ß‡∏¢‡∏û‡∏£‡∏õ‡∏µ‡πÉ‡∏´‡∏°‡πà‡∏Ñ‡∏ô‡πÑ‡∏ó‡∏¢ ‡∏Ç‡∏≠‡πÉ‡∏´‡πâ‡∏°‡∏µ‡∏Ñ‡∏ß‡∏≤‡∏°‡∏™‡∏∏‡∏Ç ‡∏™‡∏∏‡∏Ç‡∏†‡∏≤‡∏û‡πÅ‡∏Ç‡πá‡∏á‡πÅ‡∏£‡∏á ‡∏û‡∏£‡πâ‡∏≠‡∏°‡∏¢‡∏∑‡∏ô‡∏¢‡∏±‡∏ô‡∏£‡∏±‡∏ê‡∏ö‡∏≤‡∏•‡∏à‡∏∞‡∏°‡∏∏‡πà‡∏á‡∏°‡∏±‡πà‡∏ô‡∏ó‡∏≥‡∏á‡∏≤‡∏ô‡∏™‡∏£‡πâ‡∏≤‡∏á‡∏Ñ‡∏ß‡∏≤‡∏°‡∏≠‡∏¢‡∏π‡πà‡∏î‡∏µ‡∏Å‡∏¥‡∏ô‡∏î‡∏µ‡πÉ‡∏´‡πâ‡πÄ‡∏ó‡πà‡∏≤‡πÄ‡∏ó‡∏µ‡∏¢‡∏° https://t.co/MrS7SHYkzt"
100,2020-12-05 18:40:12+00:00,‡∏à‡∏¥‡∏á‡∏Ñ‡∏∞ ‡∏ó‡∏µ‡∏•‡∏∏‡∏á‡∏ï‡∏π‡πà‡∏•‡∏∏‡∏á‡∏õ‡πâ‡∏≠‡∏°‡∏ó‡∏µ‡πà‡∏≠‡∏ß‡∏¢‡πÜ‡∏Å‡∏±‡∏ô‡∏¢‡∏±‡∏á‡∏´‡∏ô‡∏µ‡πÑ‡∏õ‡∏Ç‡∏∂‡πâ‡∏ô‡πÄ‡∏´‡∏ô‡∏∑‡∏≠‡πÄ‡∏•‡∏¢‡∏Ñ‡∏∞ ‡πÅ‡∏ï‡πà‡∏ó‡∏≥‡πÑ‡∏á‡πÑ‡∏î‡πâ‡∏Ñ‡∏•‡∏±‡πà‡∏á‡∏£‡∏±‡∏Å‡πÄ‡∏Ñ‡πâ‡∏≤‡πÑ‡∏õ‡πÅ‡∏•‡πâ‡∏ß‡∏≠‡πà‡∏∞‡πÄ‡∏ô‡∏≤‡∏∞ ‡∏™‡πà‡∏ß‡∏ô‡∏≠‡∏¥‡∏Ñ‡∏∏‡∏ì‡∏ó‡∏¥‡∏°‡∏Ñ‡∏∞ ‡∏Ñ‡∏ô‡πÑ‡∏°‡πà‡πÉ‡∏ä‡πà‡∏Å‡πá‡∏Ñ‡∏∑‡∏≠‡πÑ‡∏°‡πà‡πÉ‡∏ä‡πà ‡∏ó‡∏≥‡∏î‡∏µ‡πÉ‡∏´‡πâ‡∏ï‡∏≤‡∏¢‡πÄ‡∏Ç‡∏≤‡∏Å‡πá‡πÑ‡∏°‡πà‡∏£‡∏±‡∏Å‡∏Ñ‡∏∞ ‡∏à‡∏≥‡πÑ‡∏ß‡πâ https://t.co/I5kPbObT8f
101,2020-10-27 06:37:19+00:00,"‡∏ö‡πà‡∏ô‡∏ï‡∏±‡∏ß‡πÄ‡∏≠‡∏á
‡∏ñ‡πâ‡∏≤‡∏™‡∏°‡∏±‡∏¢‡∏Å‡πà‡∏≠‡∏ô 5 ‡∏õ‡∏µ‡∏ó‡∏µ‡πà‡πÅ‡∏•‡πâ‡∏ß‡∏ó‡∏±‡∏®‡∏ô‡∏Ñ‡∏ï‡∏¥‡πÅ‡∏ö‡∏ö‡πÄ‡∏£‡∏≤‡∏ô‡∏µ‡πâ‡πÑ‡∏°‡πà‡πÇ‡∏î‡∏ô‡πÄ‡∏£‡∏µ‡∏¢‡∏Å‡∏ß‡πà‡∏≤‡∏™‡∏•‡∏¥‡πà‡∏°‡∏ô‡∏∞
‡∏≠‡∏≠‡∏Å‡∏°‡∏≤‡∏ï‡πâ‡∏≤‡∏ô‡πÅ‡∏Ñ‡πà‡∏ô‡∏¥‡∏£‡πÇ‡∏ó‡∏©‡∏Å‡∏£‡∏£‡∏°‡∏™‡∏∏‡∏î‡∏ã‡∏≠‡∏¢ ‡∏ñ‡∏≠‡∏ô‡πÅ‡∏•‡πâ‡∏ß‡∏Å‡πá‡∏à‡∏ö
‡∏î‡πà‡∏≤‡∏ï‡∏≠‡∏ô‡∏õ‡∏¥‡∏î‡∏™‡∏ô‡∏≤‡∏°‡∏ö‡∏¥‡∏ô ‡∏î‡πà‡∏≤‡∏•‡∏∏‡∏á‡∏ï‡∏π‡πà ‡∏î‡πà‡∏≤‡∏™‡∏ß. ‡∏î‡πà‡∏≤‡∏ô‡∏±‡∏Å‡∏Å‡∏≤‡∏£‡πÄ‡∏°‡∏∑‡∏≠‡∏á‡∏ó‡∏µ‡πà‡πÇ‡∏Å‡∏´‡∏Å
‡∏î‡πà‡∏≤‡∏õ‡πâ‡∏≠‡∏°‡∏î‡πâ‡∏ß‡∏¢

‡πÅ‡∏ï‡πà‡∏ô‡∏±‡πâ‡∏ô‡∏´‡∏•‡∏∞‡∏ï‡∏≠‡∏ô‡∏ô‡∏µ‡πâ‡∏ô‡πâ‡∏≠‡∏á‡∏≠‡∏ß‡∏¢‡∏¢‡∏®‡πÄ‡∏õ‡πá‡∏ô‡∏™‡∏•‡∏¥‡πà‡∏° ‡∏™‡∏•‡∏¥‡πà‡∏°‡∏Å‡πá‡∏™‡∏•‡∏¥‡πà‡∏°"
102,2020-10-11 05:18:39+00:00,@yingcheep ‡∏Å‡∏≤‡∏£‡∏ä‡∏∏‡∏°‡∏ô‡∏∏‡∏°‡πÑ‡∏°‡πà‡∏°‡∏µ‡πÄ‡∏ô‡∏∑‡πâ‡∏≠‡∏´‡∏≤‡∏ô‡πà‡∏≤‡∏™‡∏ô‡πÉ‡∏à ‡πÄ‡∏Ñ‡∏¢‡πÑ‡∏õ‡∏ó‡∏µ‡πà‡πÄ‡∏°‡∏∑‡∏≠‡∏á‡πÇ‡∏≠‡πà‡∏á ‡πÅ‡∏ä‡∏°‡∏õ‡πå ‡∏°‡∏ò.‡∏ó‡∏µ‡πà‡∏≠‡∏ß‡∏¢‡πÜ‡∏Å‡∏±‡∏ô ‡∏õ‡∏£‡∏≤‡∏®‡∏£‡∏±‡∏¢‡∏î‡πà‡∏≤‡∏•‡∏∏‡∏á‡∏õ‡πâ‡∏≠‡∏°‡πÉ‡∏´‡πâ‡∏Å‡∏•‡∏±‡∏ö‡πÑ‡∏õ‡∏ô‡∏≠‡∏ô‡∏ï‡∏¥‡∏î‡πÄ‡∏ï‡∏µ‡∏¢‡∏á ‡∏î‡πà‡∏≤‡∏õ‡∏≤‡∏£‡∏µ‡∏ì‡∏≤‡∏ö‡∏≠‡∏Å‡∏ß‡πà‡∏≤‡∏ñ‡πâ‡∏≤‡∏ï‡∏±‡∏ß‡πÄ‡∏≠‡∏á‡∏•‡∏á‡πÅ‡∏Ç‡πà‡∏á‡∏ä‡∏ô‡∏∞‡πÅ‡∏ô‡πà‡πÜ ‡∏ô‡πâ‡∏≠‡∏á‡∏ô‡∏±‡∏Å‡πÄ‡∏£‡∏µ‡∏¢‡∏ô‡∏ö‡∏≠‡∏Å‡∏ß‡πà‡∏≤‡πÄ‡∏£‡∏≤‡∏à‡∏∞‡πÑ‡∏°‡πà‡∏°‡∏µ‡∏≠‡∏ô‡∏≤‡∏Ñ‡∏ï ‡∏ñ‡∏π‡∏Å‡∏Ç‡πà‡∏°‡∏Ç‡∏π‡πà ‡πÅ‡∏ï‡πà‡πÑ‡∏°‡πà‡∏°‡∏µ‡πÄ‡∏ô‡∏∑‡πâ‡∏≠‡∏´‡∏≤‡∏≠‡∏∞‡πÑ‡∏£‡∏™‡∏±‡∏Å‡∏≠‡∏¢‡πà‡∏≤‡∏á ‡∏ú‡∏¥‡∏î‡∏´‡∏ß‡∏±‡∏á‡∏Ñ‡∏£‡∏±‡∏ö
103,2020-09-11 12:16:30+00:00,"‡∏≠‡∏≠‡∏Å‡∏á‡∏≤‡∏ô ‡∏Ñ‡∏π‡πà
‡∏°‡∏µ ‡∏õ‡πâ‡∏≤‡∏¢ ‡∏Ñ‡∏π‡πà
‡∏õ‡πâ‡∏≤‡∏¢ ‡∏≠‡∏ß‡∏¢
‚Äú‡∏•‡∏∏‡∏á‡∏õ‡πâ‡∏≠‡∏°-‡∏ö‡∏¥‡πä‡∏Å‡∏≠‡∏≤‡∏¢‡∏™‡πå‚Äù

‡∏•‡∏á‡∏û‡∏∑‡πâ‡∏ô‡∏ó‡∏µ‡πà‡∏ô‡∏Ñ‡∏£‡∏™‡∏ß‡∏£‡∏£‡∏Ñ‡πå  
‡∏•‡∏±‡πà‡∏ô ‡∏ü‡∏∑‡πâ‡∏ô‡∏ö‡∏∂‡∏á‡∏ö‡∏≠‡∏£‡∏∞‡πÄ‡∏û‡πá‡∏î 
‡πÅ‡∏´‡∏•‡πà‡∏á‡∏ô‡πâ‡∏≥-‡πÅ‡∏´‡∏•‡πà‡∏á‡∏ó‡πà‡∏≠‡∏á‡πÄ‡∏ó‡∏µ‡πà‡∏¢‡∏ß
‡πÄ‡∏£‡πà‡∏á‡∏ä‡πà‡∏ß‡∏¢‡πÄ‡∏´‡∏•‡∏∑‡∏≠‡πÅ‡∏£‡∏á‡∏á‡∏≤‡∏ô‡∏ó‡πâ‡∏≠‡∏á‡∏ñ‡∏¥‡πà‡∏ô
‡∏´‡∏•‡∏±‡∏á‡πÇ‡∏Ñ‡∏ß‡∏¥‡∏î‡∏Ø
‡∏ù‡∏∂‡∏Å‡∏Å‡∏≤‡∏£‡∏Ñ‡∏ß‡∏ö‡∏Ñ‡∏∏‡∏°‡∏≠‡∏≤‡∏Å‡∏≤‡∏®Drone

https://t.co/P8OxeAPthn https://t.co/0KPqfXSVc6"
104,2020-08-30 09:48:45+00:00,‡πÄ‡∏à‡∏≠‡πÄ‡∏û‡∏à‡∏≠‡∏ß‡∏¢‡∏•‡∏∏‡∏á‡∏õ‡πâ‡∏≠‡∏° 1 ‡∏≠‡∏±‡∏ï‡∏£‡∏≤ üôÑ #‡πÉ‡∏´‡πâ‡∏°‡∏±‡∏ô‡∏à‡∏ö‡∏ó‡∏µ‡πà‡∏£‡∏∏‡πà‡∏ô‡πÄ‡∏£‡∏≤ #‡πÉ‡∏´‡πâ‡∏°‡∏±‡∏ô‡∏ï‡∏≤‡∏¢‡∏ó‡∏µ‡πà‡∏£‡∏∏‡πà‡∏ô‡∏Å‡∏π #‡πÑ‡∏ó‡∏¢‡∏†‡∏±‡∏Å‡∏î‡∏µ https://t.co/7kGXSSkE2W
105,2020-08-17 14:25:43+00:00,‡∏≠‡∏ß‡∏¢‡πÄ‡∏Å‡πà‡∏á ‡∏ï‡πà‡∏≠‡πÑ‡∏õ‡∏Å‡πá‡∏≠‡∏ß‡∏¢‡∏•‡∏∏‡∏á‡∏õ‡πâ‡∏≠‡∏°‡πÅ‡∏´‡∏•‡∏∞ ‡∏î‡∏π‡∏≠‡∏≠‡∏Å
106,2020-08-07 06:03:36+00:00,‡∏û‡∏µ‡πà‡πÅ‡∏î‡∏á ‡∏£‡πà‡∏ß‡∏°‡∏≠‡∏ß‡∏¢‡∏û‡∏£‡∏ß‡∏±‡∏ô‡∏Ñ‡∏•‡πâ‡∏≤‡∏¢‡∏ß‡∏±‡∏ô‡πÄ‡∏Å‡∏¥‡∏î‡∏Ñ‡∏£‡∏ö‡∏£‡∏≠‡∏ö 75 ‡∏õ‡∏µ ‡∏•‡∏∏‡∏á‡∏õ‡πâ‡∏≠‡∏° üéÅ https://t.co/gntskv0Oen
107,2020-07-05 00:00:00+00:00,"‡∏≠‡∏≤‡∏ü‡πÄ‡∏ï‡∏≠‡∏£‡πå‡∏ä‡πá‡∏≠‡∏Å‡∏à‡∏≤‡∏Å #‡∏å‡∏≠‡∏ô‡∏ö‡∏π‡∏£‡∏ì‡∏∞‡∏´‡∏¥‡∏£‡∏±‡∏ç ‡πÑ‡∏•‡∏ü‡πå‡πÇ‡∏Ñ‡πâ‡∏ä‡∏ä‡∏∑‡πà‡∏≠‡∏î‡∏±‡∏á‡∏ó‡∏µ‡πà‡∏ä‡∏µ‡∏ß‡∏¥‡∏ï‡πÄ‡∏õ‡∏•‡∏µ‡πà‡∏¢‡∏ô‡∏´‡∏•‡∏±‡∏á ‚Äú‡∏≠‡∏ß‡∏¢‡∏•‡∏∏‡∏á‡∏õ‡πâ‡∏≠‡∏°‚Äù ‡∏¢‡∏±‡∏á‡∏Ñ‡∏á‡∏Ç‡∏¢‡∏≤‡∏¢‡∏ß‡∏á‡πÑ‡∏°‡πà‡∏´‡∏¢‡∏∏‡∏î

#‡∏Å‡∏£‡∏∏‡∏á‡πÄ‡∏ó‡∏û‡∏ò‡∏∏‡∏£‡∏Å‡∏¥‡∏à #‡∏Å‡∏£‡∏∏‡∏á‡πÄ‡∏ó‡∏û‡∏ò‡∏∏‡∏£‡∏Å‡∏¥‡∏à‡∏≠‡∏≠‡∏ô‡πÑ‡∏•‡∏ô‡πå 

https://t.co/YOqkWWORhA"
108,2020-06-29 03:26:00+00:00,#‡∏å‡∏≠‡∏ô‡∏ö‡∏π‡∏£‡∏ì‡∏´‡∏¥‡∏£‡∏±‡∏ç ‡∏Ñ‡∏á‡∏Ñ‡∏¥‡∏î‡πÉ‡∏ô‡πÉ‡∏à ‡∏Å‡∏π‡πÑ‡∏°‡πà‡∏ô‡πà‡∏≤‡∏≠‡∏ß‡∏¢‡∏•‡∏∏‡∏á‡∏õ‡πâ‡∏≠‡∏°‡πÄ‡∏•‡∏¢ 5555555555 ‡∏ä‡∏¥‡∏ö‡∏´‡∏≤‡∏¢‡∏≠‡∏¢‡πà‡∏≤‡∏á‡∏ï‡πà‡∏≠‡πÄ‡∏ô‡∏∑‡πà‡∏≠‡∏á
109,2020-06-29 01:26:32+00:00,@sirotek ‡∏≠‡∏∏‡∏ï‡∏™‡πà‡∏≤‡∏´‡πå‡∏™‡∏£‡πâ‡∏≤‡∏á‡∏†‡∏≤‡∏û‡∏°‡∏≤‡∏ï‡∏±‡πâ‡∏á‡∏´‡∏•‡∏≤‡∏¢‡∏õ‡∏µ ‡∏≠‡∏ß‡∏¢‡∏•‡∏∏‡∏á‡∏õ‡πâ‡∏≠‡∏°‡πÅ‡∏õ‡∏ö‡πÄ‡∏î‡∏µ‡∏¢‡∏ß ‡∏û‡∏±‡∏á ‡∏™‡∏°‡∏ô‡πâ‡∏≥‡∏´‡∏ô‡πâ‡∏≤‡∏ô‡∏∞
110,2020-06-28 05:27:00+00:00,"‡∏ï‡∏≠‡∏ô‡∏å‡∏≠‡∏ô ‡∏ó‡∏≥‡∏Ñ‡∏•‡∏¥‡πä‡∏õ‡πÄ‡∏û‡∏•‡∏á‡∏õ‡∏£‡∏∞‡πÄ‡∏ó‡∏®‡∏Å‡∏π‡∏°‡∏µ
‡∏´‡∏£‡∏∑‡∏≠‡∏™‡∏±‡∏°‡∏†‡∏≤‡∏©‡∏ì‡πå‡∏Å‡∏∞‡∏•‡∏≤‡∏ó‡∏≠‡∏ô‡∏Ø ‡∏ï‡∏¥‡πà‡∏á‡∏≠‡∏≠‡∏Å‡∏°‡∏≤‡∏¢‡∏Å‡∏¢‡πà‡∏≠‡∏á‡∏™‡∏£‡∏£‡πÄ‡∏™‡∏£‡∏¥‡∏ç‡∏≠‡∏ß‡∏¢‡∏Å‡∏±‡∏ô‡∏•‡πâ‡∏ô (‡πÇ‡∏ã‡πÄ‡∏ä‡∏µ‡πà‡∏¢‡∏•)

‡∏å‡∏≠‡∏ô‡∏ó‡∏≥‡∏Ñ‡∏•‡∏¥‡πä‡∏õ‡∏•‡∏π‡∏Å‡∏õ‡πà‡∏≤ ‡∏ä‡∏° ‡∏•‡∏∏‡∏á‡∏õ‡πâ‡∏≠‡∏°‡∏ô‡πà‡∏≤‡∏£‡∏±‡∏Å
‡∏ï‡∏¥‡πà‡∏á‡πÄ‡∏î‡∏∑‡∏≠‡∏î‡∏£‡πâ‡∏≠‡∏ô‡∏î‡∏¥‡πâ‡∏ô‡∏Å‡∏±‡∏ô‡∏•‡∏±‡πà‡∏ô (‡πÇ‡∏ã‡πÄ‡∏ä‡∏µ‡πà‡∏¢‡∏•)

‡πÇ‡∏î‡∏¢‡πÑ‡∏°‡πà‡πÑ‡∏î‡πâ‡∏ü‡∏±‡∏á‡πÄ‡∏ô‡∏∑‡πâ‡∏≠‡∏´‡∏≤‡∏™‡∏≤‡∏£‡∏∞‡πÉ‡∏à‡∏Ñ‡∏ß‡∏≤‡∏°‡∏ó‡∏µ‡πà‡∏™‡∏∑‡πà‡∏≠‡∏™‡∏≤‡∏£‡∏™‡∏±‡∏Å‡∏ô‡∏¥‡∏î‡πÄ‡∏´‡∏ï‡∏∏‡∏Å‡∏≤‡∏£‡∏ì‡πå‡∏ô‡∏µ‡πâ‡∏ö‡πà‡∏á‡∏ö‡∏≠‡∏Å‡∏ñ‡∏∂‡∏á

‡∏Ñ‡∏ß‡∏≤‡∏°‡∏≠‡∏Ñ‡∏ï‡∏¥‡∏ô‡∏≥‡∏û‡∏≤‡∏Ñ‡∏ß‡∏≤‡∏°‡∏Ñ‡∏¥‡∏î

‡∏û‡∏ß‡∏Å‡∏õ‡∏£‡∏∞‡∏ä‡∏≤‡∏ò‡∏¥‡∏õ‡πÑ‡∏ï‡∏¢‡∏à‡∏≠‡∏°‡∏õ‡∏•‡∏≠‡∏°"
111,2020-06-28 04:43:43+00:00,‡πÅ‡∏°‡πà‡∏õ‡∏•‡∏∏‡∏Å‡∏°‡∏≤‡∏Å‡∏¥‡∏ô‡∏Ç‡πâ‡∏≤‡∏ß ‡πÄ‡∏à‡∏≠‡∏Ç‡πà‡∏≤‡∏ß ‡∏•‡∏∏‡∏á‡∏õ‡πâ‡∏≠‡∏°‡πÄ‡∏õ‡πá‡∏ô‡∏´‡∏±‡∏ß‡∏´‡∏ô‡πâ‡∏≤‡∏û‡∏£‡∏£‡∏Ñ ‡πÅ‡∏•‡πâ‡∏ß‡πÄ‡∏´‡∏ï‡∏∏‡∏ú‡∏•‡∏ó‡∏µ‡πà‡∏û‡∏£‡∏£‡∏Ñ‡∏û‡∏ß‡∏Å‡πÉ‡∏ô‡∏û‡∏£‡∏£‡∏Ñ‡∏≠‡∏ß‡∏¢‡∏Å‡πá‡∏Ñ‡∏∑‡∏≠ ‡πÄ‡∏õ‡πá‡∏ô‡∏Ñ‡∏ô‡∏ô‡πà‡∏≤‡∏£‡∏±‡∏Å ‡∏°‡∏≤‡∏Å‡∏ö‡∏≤‡∏£‡∏°‡∏µ ‡∏≠‡∏¥‡πÄ‡∏ß‡∏ô ‡∏Å‡∏∏‡∏à‡∏≤‡∏≤‡∏≤ ü§¢
112,2020-06-27 14:52:38+00:00,"‡∏à‡∏≤‡∏Å‡∏™‡∏µ‡πà‡∏•‡πâ‡∏≤‡∏ô‡∏Å‡∏ß‡πà‡∏≤‡πÄ‡∏´‡∏•‡∏∑‡∏≠‡πÑ‡∏°‡πà‡∏ñ‡∏∂‡∏á‡∏™‡∏≤‡∏°‡∏•‡πâ‡∏≤‡∏ô‡πÅ‡∏•‡πâ‡∏ß‡∏û‡∏≠‡πÉ‡∏à‡∏°‡∏±‡πâ‡∏¢‡∏Ñ‡∏∞ ‡∏ô‡∏µ‡πà‡∏Ñ‡∏∑‡∏≠‡∏ú‡∏•‡∏ï‡∏≠‡∏ö‡πÅ‡∏ó‡∏ô‡∏ó‡∏µ‡πà‡∏´‡∏•‡∏≠‡∏Å‡∏Å‡∏±‡∏ô‡∏°‡∏≤‡∏´‡∏•‡∏≤‡∏¢‡∏õ‡∏µ ‡∏ô‡∏µ‡πà‡∏Ñ‡∏∑‡∏≠‡∏™‡∏¥‡πà‡∏á‡∏ó‡∏µ‡πà‡∏Ñ‡∏∏‡∏ì‡∏™‡∏°‡∏Ñ‡∏ß‡∏£‡πÑ‡∏î‡πâ‡∏£‡∏±‡∏ö
‡πÄ‡∏£‡∏∑‡πà‡∏≠‡∏á‡∏≠‡∏ß‡∏¢‡∏•‡∏∏‡∏á‡∏õ‡πâ‡∏≠‡∏° ‡πÄ‡∏£‡∏∑‡πà‡∏≠‡∏á‡πÄ‡∏≠‡∏≤‡πÄ‡∏á‡∏¥‡∏ô‡∏ö‡∏£‡∏¥‡∏à‡∏≤‡∏Ñ‡πÑ‡∏õ‡πÉ‡∏ä‡πâ‡∏°‡∏±‡πà‡∏ß‡πÜ ‡πÄ‡∏£‡∏∑‡πà‡∏≠‡∏á‡∏Å‡∏≤‡∏£‡∏ï‡∏≠‡∏ö‡∏Ñ‡∏≠‡∏°‡πÄ‡∏°‡πâ‡∏ô‡∏´‡πà‡∏ß‡∏¢‡πÅ‡∏ï‡∏Å ‡πÄ‡∏£‡∏∑‡πà‡∏≠‡∏á‡πÄ‡∏ü‡∏Ñ‡∏õ‡∏£‡∏∞‡∏ß‡∏±‡∏ï‡∏¥‡∏≠‡∏≠‡∏Å‡∏™‡∏∑‡πà‡∏≠‡∏ó‡∏≥‡πÉ‡∏´‡πâ‡∏ï‡∏≤‡∏™‡∏ß‡πà‡∏≤‡∏á‡∏ß‡πà‡∏≤‡∏ó‡∏µ‡πà‡∏ú‡πà‡∏≤‡∏ô‡∏°‡∏≤‡∏Ñ‡∏∏‡∏ì‡∏ó‡πà‡∏≠‡∏á‡∏à‡∏≥‡πÅ‡∏•‡∏∞‡∏ï‡∏±‡∏î‡∏ï‡πà‡∏≠‡πÄ‡∏Å‡πà‡∏á‡∏Å‡πá‡πÄ‡∏ó‡πà‡∏≤‡∏ô‡∏±‡πâ‡∏ô #‡∏å‡∏≠‡∏ô‡∏ö‡∏π‡∏£‡∏ì‡∏∞‡∏´‡∏¥‡∏£‡∏±‡∏ç https://t.co/6bWkUY7zm3"
113,2020-06-27 09:45:24+00:00,‡∏≠‡∏µ‡∏•‡∏∏‡∏á‡∏Ç‡∏≤‡∏¢‡πÇ‡∏£‡∏ï‡∏µ‡∏ó‡∏µ‡πà‡∏ï‡∏•‡∏≤‡∏î‡∏™‡∏•‡∏¥‡πà‡∏°‡πÅ‡∏£‡∏á‡∏°‡∏≤‡∏Å ‡∏≠‡∏ß‡∏¢‡∏≠‡∏µ‡∏õ‡πâ‡∏≠‡∏°‡πÉ‡∏´‡πâ‡∏Å‡∏π‡∏ü‡∏±‡∏á‡∏≠‡∏µ‡∏Å‡∏ï‡πà‡∏≤‡∏á‡∏´‡∏≤‡∏Å ‡∏Å‡∏π‡∏à‡∏∞‡πÑ‡∏°‡πà‡∏ã‡∏∑‡πâ‡∏≠‡∏Å‡πá‡πÑ‡∏°‡πà‡πÑ‡∏î‡πâ ‡∏≠‡∏¥‡∏´‡πà‡∏≤‡∏•‡∏∏‡∏á‡∏ó‡∏≥‡πÑ‡∏õ‡πÅ‡∏•‡πâ‡∏ß ‡πÄ‡∏ß‡∏ô‡πÄ‡∏≠‡πä‡∏¢
114,2020-06-27 09:43:22+00:00,@gamblercat1 @iSailom ‡πÅ‡∏Ñ‡πà‡∏ä‡∏°‡∏ß‡πà‡∏≤‡∏•‡∏∏‡∏á‡∏õ‡πâ‡∏≠‡∏°‡∏ô‡πà‡∏≤‡∏£‡∏±‡∏Å‡∏Å‡πá‡∏û‡∏≠‡πÅ‡∏•‡πâ‡∏ß‡∏à‡πâ‡∏≤ ‡∏™‡∏•‡∏¥‡πà‡∏°‡πÑ‡∏°‡πà‡∏™‡∏ô‡πÉ‡∏à‡∏≠‡∏∞‡πÑ‡∏£‡∏ó‡∏±‡πâ‡∏á‡∏ô‡∏±‡πâ‡∏ô ‡πÇ‡∏õ‡πâ‡πÄ*‡∏¢‡∏Å‡∏ß‡πà‡∏≤‡∏´‡∏°‡∏≤‡∏™‡∏•‡∏¥‡πà‡∏°‡∏¢‡∏±‡∏á‡∏≠‡∏ß‡∏¢‡πÑ‡∏î‡πâ‡πÄ‡∏•‡∏¢
115,2020-06-27 05:24:00+00:00,‡∏á‡∏≤‡∏ô‡∏ô‡∏µ‡πâ #‡∏å‡∏≠‡∏ô‡∏ö‡∏π‡∏£‡∏ì‡∏∞‡∏´‡∏¥‡∏£‡∏±‡∏ç ‡∏ô‡πà‡∏≤‡∏à‡∏∞‡∏≠‡∏¢‡∏π‡πà‡∏¢‡∏≤‡∏Å ‡∏´‡∏•‡∏±‡∏á‡πÇ‡∏î‡∏ô‡πÅ‡∏ü‡∏ô‡∏Ñ‡∏•‡∏±‡∏ö‡πÅ‡∏´‡πà unfollow ‡∏´‡∏•‡∏±‡∏á‡∏à‡∏≤‡∏Å‡∏≠‡∏ß‡∏¢‡∏•‡∏∏‡∏á‡∏õ‡πâ‡∏≠‡∏° ‡∏ï‡πà‡∏≠‡∏î‡πâ‡∏ß‡∏¢‡πÄ‡∏û‡∏à CSI LA ‡∏Ç‡∏¢‡∏µ‡πâ‡πÄ‡∏£‡∏∑‡πà‡∏≠‡∏á‡∏ä‡∏µ‡∏ß‡∏¥‡∏ï ‡∏å ‡∏™‡∏°‡∏±‡∏¢‡∏≠‡∏¢‡∏π‡πà‡πÄ‡∏°‡∏Å‡∏≤ ‡∏°‡∏≤‡∏ß‡∏±‡∏ô‡∏ô‡∏µ‡πâ #‡πÅ‡∏´‡∏°‡πà‡∏°‡πÇ‡∏û‡∏ò‡∏¥‡πå‡∏î‡πç‡∏≤ ‡πÄ‡∏õ‡∏¥‡∏î‡πÅ‡∏ú‡∏•‡πÉ‡∏´‡∏ç‡πà ‡∏Ñ‡∏∑‡∏≠‡∏à‡∏î‡∏´‡∏°‡∏≤‡∏¢‡πÄ‡∏õ‡∏¥‡∏î‡∏ú‡∏ô‡∏∂‡∏Å‡∏à‡∏≤‡∏Å‡∏ó‡∏µ‡∏°‡∏î‡∏±‡∏ö‡πÑ‡∏ü‡∏õ‡πà‡∏≤‡∏î‡∏≠‡∏¢‡∏™‡∏∏‡πÄ‡∏ó‡∏û https://t.co/kuZkX39y2r
116,2020-06-26 11:12:50+00:00,@fxxtha ‡πÑ‡∏°‡πà‡∏°‡∏µ‡πÑ‡∏£‡∏Ñ‡πà‡∏∞‡∏û‡∏µ‡πà55555 ‡∏ó‡∏µ‡πà‡πÄ‡∏´‡πá‡∏ô‡∏≠‡∏ß‡∏¢‡πÄ‡∏ô‡∏ä‡∏±‡πà‡∏ô‡∏Å‡∏±‡∏ö‡∏ä‡∏°‡∏•‡∏∏‡∏á‡∏õ‡πâ‡∏≠‡∏°‡∏ô‡πà‡∏≤‡∏£‡∏±‡∏Å‡∏ô‡∏±‡πà‡∏ô‡∏Ñ‡∏∑‡∏≠‡πÄ‡∏õ‡πá‡∏ô‡∏Ñ‡∏ô‡∏ï‡∏¥‡∏î‡∏ô‡∏¥‡∏™‡∏±‡∏¢‡∏Ç‡∏µ‡πâ‡πÅ‡∏ã‡∏∞‡∏ä‡∏≠‡∏ö‡∏à‡∏¥‡∏Å‡∏Å‡∏±‡∏î‡πÄ‡∏â‡∏¢‡πÜ ‡∏™‡πà‡∏ß‡∏ô‡πÄ‡∏£‡∏∑‡πà‡∏≠‡∏á‡∏å‡∏≠‡∏ô ‡∏ô‡∏≤‡∏á‡∏Å‡∏≥‡∏•‡∏±‡∏á‡∏™‡∏±‡∏ö‡∏™‡∏ô‡∏≠‡∏¢‡∏π‡πà‡∏ß‡πà‡∏≤‡πÄ‡∏ß‡∏•‡∏≤‡πÇ‡∏Å‡∏£‡∏ò‡πÅ‡∏•‡∏∞‡∏≠‡∏¢‡∏≤‡∏Å‡∏î‡πà‡∏≤‡πÉ‡∏Ñ‡∏£‡∏Å‡∏≤‡∏£‡∏î‡πà‡∏≤‡∏≠‡∏≠‡∏Å‡∏°‡∏≤‡πÅ‡∏ö‡∏ö‡∏à‡∏ß‡∏ç‡∏à‡∏£‡∏¥‡∏á‡πÜ‡∏°‡∏±‡∏ô‡∏°‡∏µ‡∏õ‡∏£‡∏∞‡πÇ‡∏¢‡∏ä‡∏ô‡πå‡∏°‡∏±‡πâ‡∏¢ ‡∏ô‡∏≤‡∏á‡∏î‡πà‡∏≤‡πÑ‡∏î‡πâ‡∏°‡∏±‡πâ‡∏¢ ‡πÄ‡∏û‡∏£‡∏≤‡∏∞‡∏°‡∏≠‡∏á‡∏ß‡πà‡∏≤‡∏°‡∏±‡∏ô‡∏Å‡πà‡∏≠‡πÉ‡∏´‡πâ‡πÄ‡∏Å‡∏¥‡∏î‡∏Ñ‡∏ß‡∏≤‡∏°‡πÅ‡∏ï‡∏Å‡πÅ‡∏¢‡∏Å ‡πÄ‡∏ñ‡∏µ‡∏¢‡∏á‡∏Å‡∏±‡∏ô‡πÑ‡∏°‡πà‡∏à‡∏ö ‡πÑ‡∏°‡πà‡∏ä‡πà‡∏ß‡∏¢‡πÉ‡∏´‡πâ‡∏Ñ‡∏ô‡∏Ñ‡∏¥‡∏î‡∏ï‡πà‡∏≤‡∏á‡∏ï‡∏≤‡∏™‡∏ß‡πà‡∏≤‡∏á
117,2020-06-25 14:18:35+00:00,"‡πÑ‡∏°‡πà‡πÄ‡∏´‡πá‡∏ô‡∏à‡∏∞‡∏û‡∏π‡∏î‡∏ä‡∏°‡∏≠‡∏ß‡∏¢ ‡∏•‡∏∏‡∏á‡∏õ‡πâ‡∏≠‡∏° ‡∏≠‡∏∞‡πÑ‡∏£‡πÄ‡∏•‡∏¢ 
‡πÅ‡∏ï‡πà‡πÅ‡∏ô‡∏∞‡∏ô‡∏≥‡πÉ‡∏´‡πâ‡πÄ‡∏£‡∏≤‡∏û‡∏¥‡∏à‡∏≤‡∏£‡∏ì‡∏≤
‡∏ú‡∏¥‡∏î‡πÄ‡∏´‡∏£‡∏≠ https://t.co/NOKy3SJaxM"
118,2020-06-25 08:44:35+00:00,#‡∏å‡∏≠‡∏ô‡∏ö‡∏π‡∏£‡∏ì‡∏´‡∏¥‡∏£‡∏±‡∏ç ‡πÑ‡∏°‡πà‡πÑ‡∏î‡πâ‡∏ï‡∏Å‡πÉ‡∏à‡πÄ‡∏£‡∏∑‡πà‡∏≠‡∏á‡∏≠‡∏ß‡∏¢‡∏õ‡πâ‡∏≠‡∏° ‡∏´‡∏£‡∏∑‡∏≠‡πÇ‡∏õ‡πâ‡∏∞‡∏ô‡∏π‡πà‡∏ô‡∏ô‡∏µ‡πà‡∏ô‡∏±‡πà‡∏ô‡∏ô‡∏∞ ‡πÅ‡∏ï‡πà‡∏ï‡∏Å‡πÉ‡∏à‡∏Å‡∏±‡∏ö‡∏Ñ‡∏≥‡∏ï‡∏≠‡∏ö‡πÉ‡∏ô‡πÅ‡∏ï‡πà‡∏•‡∏∞‡πÄ‡∏°‡πâ‡∏ô ‡πÄ‡∏ä‡πà‡∏ô ‡∏ä‡∏π‡∏°‡∏¥‡∏ô‡∏¥‡∏Æ‡∏≤‡∏£‡πå‡∏ó‡πÅ‡∏ö‡∏ö‡∏•‡∏∏‡∏á (‡∏ï‡∏≠‡∏ô‡πÄ‡∏´‡∏ï‡∏∏‡∏Å‡∏≤‡∏£‡∏ì‡πå‡∏Å‡∏£‡∏≤‡∏î‡∏¢‡∏¥‡∏á) ‡πÅ‡∏ö‡∏ö....‡∏≠‡∏≤‡∏¢‡∏∏‡∏Å‡πá‡∏à‡∏∞30‡πÅ‡∏•‡πâ‡∏ß‡∏≠‡πà‡∏∞ ‡∏°‡∏±‡∏ô‡∏ï‡∏≠‡∏ö‡∏≠‡∏∞‡πÑ‡∏£‡πÇ‡∏á‡πà‡πÜ‡πÑ‡∏£‡πâ‡∏ß‡∏∏‡∏í‡∏¥‡∏†‡∏≤‡∏ß‡∏∞‡πÅ‡∏ö‡∏ö‡∏ô‡∏µ‡πâ‡πÑ‡∏î‡πâ‡∏î‡πâ‡∏ß‡∏¢‡∏≠‡πà‡∏≠‡∏ß‡∏∞ ? ‡∏á‡∏á‡∏°‡∏≤‡∏Å
119,2020-06-25 06:14:49+00:00,"""‡∏õ‡∏≤‡∏£‡∏µ‡∏ì‡∏≤"" ‡∏™‡∏ß‡∏ô‡∏Å‡∏£‡∏∞‡πÅ‡∏™‡∏ó‡∏±‡∏ß‡∏£‡πå‡∏•‡∏á ‡∏¢‡∏∑‡∏ô‡∏´‡∏ô‡∏∂‡πà‡∏á‡∏ã‡∏±‡∏û‡∏û‡∏≠‡∏£‡πå‡∏ï ""‡∏å‡∏≠‡∏ô ‡∏ö‡∏π‡∏£‡∏ì‡∏∞‡∏´‡∏¥‡∏£‡∏±‡∏ç"" ‡∏≠‡∏ß‡∏¢‡∏•‡∏∏‡∏á‡∏õ‡πâ‡∏≠‡∏°‡∏ô‡πà‡∏≤‡∏£‡∏±‡∏Å‡∏ó‡∏µ‡πà‡∏™‡∏∏‡∏î‡πÉ‡∏ô‡∏™‡∏≤‡∏°‡πÇ‡∏•‡∏Å

https://t.co/AkzkuRhxxc

#AmarinTV34 #‡∏≠‡∏°‡∏£‡∏¥‡∏ô‡∏ó‡∏£‡πå‡∏ó‡∏µ‡∏ß‡∏µ‡πÄ‡∏≠‡∏ä‡∏î‡∏µ‡∏ä‡πà‡∏≠‡∏á34 #AmarinNews #‡∏å‡∏≠‡∏ô‡∏ö‡∏π‡∏£‡∏ì‡∏∞‡∏´‡∏¥‡∏£‡∏±‡∏ç https://t.co/krjO4C4fov"
120,2020-06-25 04:13:14+00:00,@somchaikp @drnoithefamily ‡∏Ñ‡∏ß‡∏≤‡∏°‡∏ú‡∏¥‡∏î‡∏Ñ‡∏∑‡∏≠‡∏ä‡∏µ‡πâ‡∏ô‡∏≥‡πÉ‡∏´‡πâ‡∏ú‡∏π‡πâ‡∏ï‡∏¥‡∏î‡∏ï‡∏≤‡∏° ‡πÄ‡∏•‡∏¥‡∏Å‡πÄ‡∏ä‡∏∑‡πà‡∏≠‡∏™‡∏∑‡πà‡∏≠‡∏ó‡∏µ‡πà‡πÇ‡∏à‡∏°‡∏ï‡∏µ‡∏•‡∏∏‡∏á‡∏õ‡πâ‡∏≠‡∏° ‡∏õ‡∏£‡∏∞‡∏°‡∏≤‡∏ì‡∏ß‡πà‡∏≤‡πÉ‡∏´‡πâ‡πÑ‡∏õ‡∏î‡∏π‡∏•‡∏∏‡∏á‡∏ï‡∏±‡∏ß‡∏à‡∏£‡∏¥‡∏á ‡∏•‡∏∏‡∏á‡πÄ‡∏õ‡πá‡∏ô‡∏Ñ‡∏ô‡∏ô‡πà‡∏≤‡∏£‡∏±‡∏Å ‡∏≠‡∏ß‡∏¢‡πÄ‡∏Å‡πà‡∏á
121,2020-06-24 22:17:07+00:00,‡∏ô‡πâ‡∏≠‡∏á #‡∏å‡∏≠‡∏ô‡∏ö‡∏π‡∏£‡∏ì‡∏∞‡∏´‡∏¥‡∏£‡∏±‡∏ç ‡∏û‡∏π‡∏î‡∏ñ‡∏π‡∏Å‡∏ó‡∏∏‡∏Å‡∏≠‡∏¢‡πà‡∏≤‡∏á ‡πÑ‡∏≠‡πâ‡∏û‡∏ß‡∏Å‡∏Ñ‡∏ß‡∏≤‡∏¢‡πÅ‡∏î‡∏á‡πÉ‡∏ô‡πÇ‡∏á‡πà‡∏Ç‡∏µ‡πâ‡∏≠‡∏¥‡∏à‡∏â‡∏≤‡πÄ‡∏´‡πá‡∏ô‡∏ô‡πâ‡∏≠‡∏á‡πÑ‡∏°‡πà‡πÄ‡∏Ç‡πâ‡∏≤‡∏Ç‡πâ‡∏≤‡∏á‡∏°‡∏±‡∏ô‡πÅ‡∏ñ‡∏°‡∏≠‡∏ß‡∏¢‡∏•‡∏∏‡∏á‡∏õ‡πâ‡∏≠‡∏° ‡∏°‡∏±‡∏ô‡∏Å‡πá‡πÄ‡∏•‡∏¢‡∏ü‡∏≤‡∏î‡∏á‡∏ß‡∏á‡∏ü‡∏≤‡∏î‡∏á‡∏≤ ‡πÑ‡∏≠‡πâ‡∏û‡∏ß‡∏Å‡∏Ç‡∏µ‡πâ‡πÅ‡∏û‡πâ ‡∏õ‡∏£‡∏∞‡∏ä‡∏≤‡∏ò‡∏¥‡∏õ‡πÑ‡∏ï‡∏¢‡∏à‡∏≠‡∏°‡∏õ‡∏•‡∏≠‡∏° ‡πÄ‡∏´‡πá‡∏ô‡∏Ñ‡∏ô‡∏Ñ‡∏¥‡∏î‡∏ï‡πà‡∏≤‡∏á‡πÑ‡∏°‡πà‡πÑ‡∏î‡πâ ‡∏´‡∏•‡∏±‡∏Å‡∏Å‡∏≤‡∏£‡∏û‡∏∑‡πâ‡∏ô‡∏ê‡∏≤‡∏ô‡∏Ç‡∏≠‡∏á‡∏õ‡∏ä‡∏ï ‡∏û‡∏ß‡∏Å‡∏°‡∏∂‡∏á‡πÅ‡∏ó‡πâ‡πÜ ‡πÑ‡∏≠‡πâ‡∏õ‡∏•‡∏≠‡∏°
122,2020-06-24 15:32:46+00:00,@sad02j ‡∏à‡∏£‡∏¥‡∏á‡∏Ñ‡πà‡∏∞ ‡πÄ‡∏Ñ‡πâ‡∏≤‡∏ö‡∏≠‡∏Å‡∏ß‡πà‡∏≤‡∏≠‡πà‡∏≤‡∏ô‡∏à‡∏≤‡∏Å‡πÄ‡∏•‡πà‡∏°‡∏ô‡∏±‡πà‡∏ô‡∏ô‡∏µ‡πà‡∏°‡∏≤‡∏ô‡∏∞ ‡∏ö‡∏≤‡∏á‡∏Ñ‡∏•‡∏¥‡∏õ‡∏Å‡πá‡∏£‡∏∞‡∏ö‡∏∏reference ‡∏ö‡∏≤‡∏á‡∏Ñ‡∏•‡∏¥‡∏õ‡∏Å‡πá‡πÑ‡∏°‡πà‡πÑ‡∏î‡πâ‡∏ö‡∏≠‡∏Å ‡∏û‡∏∂‡πà‡∏á‡∏Å‡∏î‡πÄ‡∏•‡∏¥‡∏Å‡∏ï‡∏≤‡∏°‡πÄ‡∏°‡∏∑‡πà‡∏≠‡∏Å‡∏µ‡πâ‡πÄ‡∏•‡∏¢ ‡∏Å‡πà‡∏≠‡∏ô‡∏´‡∏ô‡πâ‡∏≤‡∏ô‡∏µ‡πâ‡∏ò‡∏ô‡∏≤‡∏ò‡∏£‡∏Å‡πá‡πÑ‡∏õ‡πÉ‡∏´‡πâ‡∏ô‡∏≤‡∏á‡∏™‡∏±‡∏°‡∏ô‡∏∞ ‡πÅ‡∏ï‡πà‡∏ô‡∏≤‡∏á‡∏Å‡πá‡πÑ‡∏°‡πà‡πÑ‡∏î‡πâ‡∏≠‡∏ß‡∏¢‡πÄ‡∏ó‡πà‡∏≤‡∏•‡∏∏‡∏á‡∏õ‡πâ‡∏≠‡∏° ‡πÄ‡∏™‡∏µ‡∏¢‡πÉ‡∏à‡∏≠‡∏¢‡∏π‡πà‡∏ó‡∏µ‡πà‡∏ô‡∏≤‡∏á‡∏ï‡∏≠‡∏ö‡∏Ñ‡∏≠‡∏°‡πÄ‡∏°‡πâ‡∏ô‡πÉ‡∏ï‡πâ‡∏Ñ‡∏•‡∏¥‡∏õ‡∏≠‡∏¢‡πà‡∏≤‡∏á‡∏ô‡∏±‡πâ‡∏ô ‡∏ó‡∏±‡πâ‡∏á‡∏ó‡∏µ‡πà‡∏û‡∏¢‡∏≤‡∏¢‡∏≤‡∏°‡∏≠‡πà‡∏≤‡∏ô‡πÉ‡∏´‡πâ‡∏ö‡∏ß‡∏Å‡πÅ‡∏•‡πâ‡∏ß ‡πÅ‡∏ï‡πà‡πÑ‡∏°‡πà‡πÑ‡∏î‡πâ‡∏à‡∏£‡∏¥‡∏á‡πÜ
123,2020-06-24 15:23:37+00:00,#‡∏å‡∏≠‡∏ô‡∏ö‡∏π‡∏£‡∏ì‡∏∞‡∏´‡∏¥‡∏£‡∏±‡∏ç ‡∏≠‡∏∏‡∏ï‡∏™‡πà‡∏≤‡∏´‡πå‡∏≠‡∏ß‡∏¢‡∏•‡∏∏‡∏á‡∏õ‡πâ‡∏≠‡∏°‡∏Ç‡∏ô‡∏≤‡∏î‡∏ô‡∏µ‡πâ‡∏™‡∏•‡∏¥‡πà‡∏°‡∏¢‡∏±‡∏á‡πÑ‡∏°‡πà‡∏≠‡∏≠‡∏Å‡∏°‡∏≤‡∏£‡∏µ‡∏ö‡∏ä‡πà‡∏ß‡∏¢‡πÅ‡∏Å‡πâ‡∏ï‡πà‡∏≤‡∏á‡πÄ‡∏´‡∏°‡∏∑‡∏≠‡∏ô‡∏ï‡∏≠‡∏ô‡πÄ‡∏™‡∏µ‡πà‡∏¢‡πÇ‡∏õ‡πâ‡∏ö‡∏£‡∏¥‡∏à‡∏≤‡∏Ñ‡πÄ‡∏á‡∏¥‡∏ô‡∏≠‡∏µ‡∏Å‡πÄ‡∏´‡∏£‡∏≠ ‡πÇ‡∏ñ‡πà‡πÑ‡∏°‡πà‡∏£‡∏±‡∏Å‡∏Å‡∏±‡∏ô‡∏à‡∏£‡∏¥‡∏á‡∏ô‡∏µ‡πà‡∏´‡∏ß‡πà‡∏≤ 5555555555555555555555555555
124,2020-06-24 13:43:46+00:00,‡∏à‡∏≤‡∏Å‡∏ó‡∏µ‡πà‡πÄ‡∏Ñ‡∏¢‡πÄ‡∏´‡πá‡∏ô‡∏Ñ‡∏•‡∏¥‡∏õ ‡∏à‡∏∞‡∏≠‡πâ‡∏ß‡∏Å‡∏≠‡∏¢‡∏π‡πà‡πÅ‡∏•‡πâ‡∏ß ‡∏Å‡∏î‡∏´‡∏ô‡∏µ‡∏ï‡∏•‡∏≠‡∏î ‡∏õ‡∏±‡∏î‡πÑ‡∏°‡πà‡∏î‡∏π ‡πÑ‡∏°‡πà‡∏™‡∏ô‡πÉ‡∏à ‡πÑ‡∏°‡πà‡πÉ‡∏ä‡πà‡∏ó‡∏≤‡πÄ‡∏Å‡πá‡∏ï ‡πÅ‡∏ï‡πà‡∏°‡∏≤‡πÄ‡∏à‡∏≠‡∏≠‡∏¥‡πÄ‡∏£‡∏∑‡πà‡∏≠‡∏á‡∏≠‡∏ß‡∏¢‡∏õ‡πâ‡∏≠‡∏°‡∏ô‡∏µ‡πâ ‡∏ö‡∏≠‡∏Å‡πÄ‡∏•‡∏¢ ‡∏à‡∏∞‡∏≠‡πâ‡∏ß‡∏Å‡∏´‡∏ô‡∏±‡∏Å‡∏Å‡∏ß‡πà‡∏≤‡πÄ‡∏î‡∏¥‡∏° ‡∏¢‡∏∑‡∏°‡∏ô‡∏≤‡∏¨‡∏¥‡∏Å‡∏≤ ‡∏õ‡πà‡∏≤‡∏£‡∏≠‡∏¢‡∏ï‡πà‡∏≠ 1MDB ‚Äî&gt; ‡∏•‡∏∏‡∏á‡πÄ‡∏Ñ‡πâ‡∏≤‡∏ï‡∏±‡∏ß‡∏à‡∏£‡∏¥‡∏á‡∏ô‡πà‡∏≤‡∏£‡∏±‡∏Å ‡πÄ‡∏õ‡πá‡∏ô‡∏ú‡∏π‡πâ‡πÉ‡∏´‡∏ç‡πà‡∏ô‡πà‡∏≤‡∏£‡∏±‡∏Å‡∏Ñ‡∏ô‡∏ô‡∏∂‡∏á = ‡∏à‡∏∞‡∏≠‡πâ‡∏ß‡∏Å
125,2020-06-02 09:25:02+00:00,‡∏õ‡πâ‡∏≠‡∏°‡∏°‡∏≤ ‡∏Å‡πá‡∏¢‡∏±‡∏á‡∏°‡∏µ‡∏Ñ‡∏ô‡∏≠‡∏ß‡∏¢‡∏£‡∏±‡∏ê‡∏•‡∏∏‡∏á‡∏ï‡∏π‡πà ‡∏ï‡πâ‡∏≠‡∏á‡∏á‡πà‡∏≤‡∏ß‡∏Å‡∏±‡∏ö‡πÉ‡∏à‡∏´‡∏¢‡∏≤‡∏ö‡∏Å‡∏£‡πâ‡∏≤‡∏ô‡πÅ‡∏Ñ‡πà‡πÑ‡∏´‡∏ô‡∏Å‡∏±‡∏ô‡∏ß‡∏∞ olo
126,2020-06-02 04:23:20+00:00,"‡∏Ñ‡∏•‡πâ‡∏≤‡∏¢‡πÜ‡∏Å‡∏±‡∏ö‚Äã  ‡∏ö‡πâ‡∏≤‡∏ô‡πÄ‡∏°‡∏∑‡∏≠‡∏á‚Äã‡πÄ‡∏£‡∏≤‡∏°‡∏≤‡∏ñ‡∏∂‡∏á‡∏¢‡∏∏‡∏Ñ‡∏ó‡∏µ‡πà‡∏™‡∏∑‡πà‡∏≠‡∏≠‡∏ß‡∏¢‡∏û‡∏£‡∏£‡∏Ñ‡∏ó‡∏µ‡πà‡∏°‡∏µ‡∏Ñ‡∏ô‡∏Ñ‡∏¥‡∏î‡∏•‡πâ‡∏°‡πÄ‡∏à‡πâ‡∏≤‡πÅ‡∏•‡πâ‡∏ß!!

‡∏õ‡∏•.‡πÑ‡∏°‡πà‡πÑ‡∏î‡πâ‡∏ä‡∏≠‡∏ö‡∏•‡∏∏‡∏á‡∏õ‡πâ‡∏≠‡∏°‡∏ô‡∏∞‚Äã ‡πÑ‡∏°‡πà‡∏õ‡∏•‡∏∑‡πâ‡∏°‡∏ó‡∏µ‡πà‡∏à‡∏∞‡∏°‡∏≤‡πÄ‡∏õ‡πá‡∏ô‡∏´‡∏±‡∏ß‡∏´‡∏ô‡πâ‡∏≤‚Äã‡∏û‡∏õ‡∏ä‡∏£.‚Äã ‡πÅ‡∏ï‡πà‡∏´‡∏°‡∏±‡πà‡∏ô‡πÑ‡∏™‡πâ‚Äã‡∏™‡∏∑‡πà‡∏≠‡∏ö‡∏≤‡∏á‡∏Ñ‡∏ô https://t.co/GDFd3phn3A"
127,2020-06-02 01:46:20+00:00,‡πÇ‡∏û‡∏™‡∏ï‡πå‡∏ô‡∏±‡∏Å‡∏Ç‡πà‡∏≤‡∏ß‡∏™‡∏≤‡∏¢‡∏ó‡∏´‡∏≤‡∏£‡∏ó‡πà‡∏≤‡∏ô‡∏ô‡∏±‡πâ‡∏ô‡∏ó‡∏µ‡πà‡∏≠‡∏ß‡∏¢‡∏•‡∏∏‡∏á‡∏õ‡πâ‡∏≠‡∏°‡πÄ‡∏°‡∏∑‡πà‡∏≠‡∏Ñ‡∏∑‡∏ô ‡∏≠‡πà‡∏≤‡∏ô‡πÅ‡∏•‡πâ‡∏ß‡∏à‡∏∞‡∏≠‡πâ‡∏ß‡∏Å
128,2020-05-31 11:08:39+00:00,@sirotek ‡∏Ñ‡∏ô‡∏ó‡∏µ‡πà‡∏î‡∏±‡∏ô‡∏õ‡πâ‡∏≠‡∏° ‡∏≠‡∏ß‡∏¢‡∏õ‡πâ‡∏≠‡∏° ‡∏Ñ‡∏á‡πÄ‡∏õ‡πá‡∏ô‡∏û‡∏ß‡∏Å‡∏´‡∏ß‡∏±‡∏á‡∏ú‡∏•‡∏à‡∏≤‡∏Å‡∏õ‡πâ‡∏≠‡∏° ‡∏ó‡∏±‡πâ‡∏á‡πÜ‡∏ó‡∏µ‡πà‡∏™‡∏∏‡∏Ç‡∏†‡∏≤‡∏û‡∏õ‡πâ‡∏≠‡∏°‡πÑ‡∏°‡πà‡πÑ‡∏´‡∏ß‡πÅ‡∏•‡πâ‡∏ß ‡∏Ñ‡∏ô‡∏ó‡∏µ‡πà‡∏à‡∏∞‡∏°‡∏≤‡∏ó‡∏≥‡∏á‡∏≤‡∏ô ‡∏Ñ‡∏ß‡∏£‡∏û‡∏£‡πâ‡∏≠‡∏°‡∏Å‡∏ß‡πà‡∏≤‡∏ô‡∏µ‡πâ  ‡∏´‡∏≤‡∏Å‡∏≠‡∏á‡∏Ñ‡πå‡∏Å‡∏£‡πÑ‡∏´‡∏ô ‡∏à‡πâ‡∏≤‡∏á‡∏Ñ‡∏ô‡∏ó‡∏≥‡∏á‡∏≤‡∏ô‡πÄ‡∏ï‡πá‡∏°‡πÄ‡∏ß‡∏•‡∏≤ ‡πÅ‡∏ï‡πà‡∏£‡πà‡∏≤‡∏á‡∏Å‡∏≤‡∏¢‡∏Å‡∏•‡∏±‡∏ö‡πÑ‡∏°‡πà‡∏û‡∏£‡πâ‡∏≠‡∏°‡∏ó‡∏≥‡∏á‡∏≤‡∏ô ‡∏Ñ‡∏∏‡∏ì‡∏à‡∏∞‡∏¢‡∏±‡∏á‡∏à‡πâ‡∏≤‡∏á‡∏≠‡∏¢‡∏π‡πà‡πÑ‡∏´‡∏° ‡∏û‡∏ß‡∏Å‡∏ô‡∏µ‡πâ‡πÄ‡∏´‡πá‡∏ô‡πÅ‡∏ï‡πà‡∏õ‡∏£‡∏∞‡πÇ‡∏¢‡∏ä‡∏ô‡πå‡∏ï‡∏±‡∏ß‡πÄ‡∏≠‡∏á ‡πÑ‡∏°‡πà‡∏™‡∏ô‡πÉ‡∏à‡∏õ‡∏£‡∏∞‡πÄ‡∏ó‡∏®‡πÄ‡∏•‡∏¢ ‡∏•‡∏∏‡∏á‡∏õ‡πâ‡∏≠‡∏°‡∏Å‡πá‡πÅ‡∏Ñ‡πà‡∏Ñ‡∏ô‡πÅ‡∏Å‡πà‡∏ó‡∏µ‡πà‡∏≠‡∏¢‡∏≤‡∏Å‡πÉ‡∏´‡πâ‡∏Ñ‡∏ô‡πÄ‡∏≠‡∏≤‡πÉ‡∏à‡πÄ‡∏ó‡πà‡∏≤‡∏ô‡∏±‡πâ‡∏ô..
129,2020-05-31 05:47:00+00:00,"‡∏õ‡∏≤‡∏£‡∏µ‡∏ì‡∏≤ ‡∏≠‡∏ß‡∏¢ ‡∏ö‡∏¥‡πä‡∏Å‡∏õ‡πâ‡∏≠‡∏° ‡∏ö‡∏≠‡∏Å‡∏™‡∏°‡∏≤‡∏ä‡∏¥‡∏Å‡∏û‡∏£‡∏£‡∏Ñ‡∏û‡∏õ‡∏ä‡∏£.‡∏£‡∏±‡∏Å‡∏•‡∏∏‡∏á‡∏õ‡πâ‡∏≠‡∏°‡∏ó‡∏µ‡πà‡∏™‡∏∏‡∏î‡πÉ‡∏ô 3 ‡πÇ‡∏•‡∏Å

#‡∏õ‡∏≤‡∏£‡∏µ‡∏ì‡∏≤ #‡∏ö‡∏¥‡πä‡∏Å‡∏õ‡πâ‡∏≠‡∏° #‡∏õ‡∏£‡∏∞‡∏ß‡∏¥‡∏ï‡∏£ #‡∏û‡∏•‡∏±‡∏á‡∏õ‡∏£‡∏∞‡∏ä‡∏≤‡∏£‡∏±‡∏ê

https://t.co/qhry7utKjh"
130,2020-05-31 04:28:17+00:00,"‡πÇ‡∏á‡πà‡πÜ‡πÅ‡∏ö‡∏ö‡∏ô‡∏µ‡πâ‡∏•‡∏¥‡πà‡∏ß‡∏•‡πâ‡∏≠‡∏≠‡∏ß‡∏¢‡∏ä‡∏¥‡∏ö‡∏´‡∏≤‡∏¢
 
‚Äò‡∏õ‡∏≤‡∏£‡∏µ‡∏ì‡∏≤‚Äô ‡∏ö‡∏≠‡∏Å ‡∏ó‡∏∏‡∏Å‡∏Ñ‡∏ô‡πÉ‡∏ô ‚Äò‡∏û‡∏•‡∏±‡∏á‡∏õ‡∏£‡∏∞‡∏ä‡∏≤‡∏£‡∏±‡∏ê‚Äô ‡∏£‡∏±‡∏Å ‚Äò‡∏•‡∏∏‡∏á‡∏õ‡πâ‡∏≠‡∏°‚Äô ‡∏ó‡∏µ‡πà‡∏™‡∏∏‡∏î‡πÉ‡∏ô 3 ‡πÇ‡∏•‡∏Å https://t.co/uh8sGM9TtR ‡∏ú‡πà‡∏≤‡∏ô @MatichonOnline"
131,2020-05-22 06:25:12+00:00,#‡πÄ‡∏ô‡∏ä‡∏±‡πà‡∏ß ‡∏Å‡πá‡∏Ñ‡∏∑‡∏≠‡πÄ‡∏ô‡∏ä‡∏±‡πà‡∏ß‡∏à‡∏£‡∏¥‡∏á ‡πÜ ‡∏≠‡∏ß‡∏¢‡πÑ‡∏î‡πâ‡∏≠‡∏ß‡∏¢‡∏î‡∏µ‡∏à‡∏£‡∏¥‡∏á ‡πÜ ‡πÇ‡∏î‡∏¢‡πÄ‡∏â‡∏û‡∏≤‡∏∞ ‡∏ö‡∏≠‡∏Å‡∏ß‡πà‡∏≤‡∏Ñ‡∏¥‡∏î‡∏ñ‡∏∂‡∏á ‡∏ö‡∏¥‡πä‡∏Å‡∏õ‡πâ‡∏≠‡∏° ‡∏•‡∏∏‡∏á‡∏ï‡∏π‡πà ‡∏à‡∏±‡∏á‡πÄ‡∏•‡∏¢ ‡πÅ‡∏™‡∏•‡∏á‡πÉ‡∏à ‡πÅ‡∏™‡∏•‡∏á‡∏´‡∏π‡∏â‡∏±‡∏ô‡∏°‡∏≤‡∏Å‡∏à‡πâ‡∏≤‡∏≤‡∏≤‡∏≤‡∏≤ #‡∏≠‡∏µ‡∏ú‡∏µ
132,2020-05-22 04:13:06+00:00,"‡∏õ‡∏ß‡∏¥‡∏ô: ‡∏ñ‡∏∂‡∏á‡∏ß‡πà‡∏≤ ‡∏û‡∏π‡∏î‡∏≠‡∏ß‡∏¢‡∏£‡∏±‡∏ê‡∏ö‡∏≤‡∏•‡∏°‡∏≤‡∏´‡∏•‡∏≤‡∏¢‡πÄ‡∏î‡∏∑‡∏≠‡∏ô ‡∏Å‡∏≥‡∏•‡∏±‡∏á‡∏à‡∏∞‡πÄ‡∏•‡∏∑‡πà‡∏≠‡∏ô‡∏à‡∏≤‡∏Å‡πÇ‡∏Ü‡∏©‡∏Å‡πÇ‡∏Ñ‡∏ß‡∏¥‡∏î ‡∏°‡∏≤‡πÄ‡∏õ‡πá‡∏ô‡πÇ‡∏Ü‡∏©‡∏Å‡∏£‡∏±‡∏ê‡∏ö‡∏≤‡∏•‡∏ô‡∏±‡πà‡∏ô‡πÄ‡∏≠‡∏á
‡∏Å‡∏π: ‡πÅ‡∏™‡∏î‡∏ß‡πà‡∏≤‡∏à‡∏≤‡∏£‡πÅ‡∏´‡∏°‡πà‡∏° ‡πÇ‡∏Ü‡∏©‡∏Å‡∏£‡πâ‡∏≤‡∏ö‡∏≤‡∏ô‡∏Ñ‡∏ô‡∏õ‡∏±‡∏à‡∏à‡∏∏‡∏ö‡∏±‡∏ô ‡∏Å‡∏≥‡∏•‡∏±‡∏á‡∏à‡∏∞‡πÑ‡∏õ‡πÄ‡∏õ‡πá‡∏ô ‡∏£‡∏°‡∏ï. ‡∏à‡∏£‡∏¥‡∏á‡∏î‡∏¥‡πâ ‡πÇ‡∏≠‡πâ‡∏ß‡∏ß‡∏ß‡∏ß‡∏ß‡∏ß‡∏ß‡∏ß
‡∏•‡∏∏‡∏á‡∏õ‡πâ‡∏≠‡∏°‡πÅ‡∏°‡πà‡∏á‡πÄ‡∏≠‡∏≤‡∏à‡∏£‡∏¥‡∏á‡∏ß‡πà‡∏∞ 555555555555555555555555555
#6‡∏õ‡∏µ‡∏£‡∏±‡∏ê‡∏õ‡∏£‡∏∞‡∏´‡∏≤‡∏£"
133,2020-05-20 11:58:27+00:00,‡∏≠‡∏ß‡∏¢‡∏•‡∏∏‡∏á‡∏õ‡πâ‡∏≠‡∏°‡∏ã‡∏∞‡∏Å‡∏π‡∏ô‡∏∂‡∏Å‡∏ß‡πà‡∏≤‡πÄ‡∏ó‡∏û‡πÄ‡∏à‡πâ‡∏≤ ‡πÄ‡∏≠‡∏≤‡πÑ‡∏õ‡∏Å‡∏£‡∏≤‡∏ö‡∏ï‡∏µ‡∏ô‡∏≠‡∏¢‡∏π‡πà‡∏ö‡πâ‡∏≤‡∏ô‡πÄ‡∏•‡∏¢‡πÑ‡∏´‡∏°
134,2020-05-16 22:16:44+00:00,"@phoom91 ‡∏ä‡πà‡∏ß‡∏á‡∏ô‡∏µ‡πâ io ‡πÄ‡∏á‡∏µ‡∏¢‡∏ö‡πÄ‡∏ä‡∏µ‡∏¢‡∏ß
‡∏°‡∏±‡∏ô‡∏Ñ‡∏á‡∏Ñ‡∏¥‡∏î‡∏≠‡∏¢‡∏π‡πà‡∏ß‡πà‡∏≤‡∏à‡∏∞‡∏≠‡∏ß‡∏¢‡∏•‡∏∏‡∏á‡∏ï‡∏π‡πà ‡∏´‡∏£‡∏∑‡∏≠ ‡∏≠‡∏ß‡∏¢‡∏•‡∏∏‡∏á‡∏õ‡πâ‡∏≠‡∏° 
‡πÄ‡∏Å‡∏¥‡∏î‡πÄ‡∏õ‡πá‡∏ô‡∏•‡∏π‡∏Å‡∏ô‡πâ‡∏≠‡∏á‡∏Å‡πá‡πÄ‡∏á‡∏µ‡πà‡∏¢ ‡∏ô‡∏≤‡∏¢‡∏û‡∏•‡∏Å‡∏±‡∏î‡∏Å‡∏±‡∏ô ‡∏Å‡πá‡∏ï‡πâ‡∏≠‡∏á‡∏£‡∏≠‡∏ß‡πà‡∏≤‡πÉ‡∏Ñ‡∏£‡∏à‡∏∞‡πÑ‡∏î‡πâ‡πÄ‡∏õ‡πá‡∏ô‡πÉ‡∏´‡∏ç‡πà‡πÅ‡∏•‡πâ‡∏ß‡∏Ñ‡πà‡∏≠‡∏¢‡πÑ‡∏õ‡πÄ‡∏≠‡∏≤‡πÉ‡∏à
‡∏•‡∏∏‡∏á‡∏Å‡∏≥‡∏ô‡∏±‡∏ô ‡πÇ‡∏Å‡∏á‡∏Ñ‡πà‡∏≤‡∏ï‡∏±‡∏ß‡πÅ‡∏•‡πâ‡∏ß‡∏ô‡∏∞‡∏à‡∏∞ ‡∏•‡∏∏‡∏á‡∏ï‡∏π‡πà ‡∏•‡∏∏‡∏á‡∏õ‡πâ‡∏≠‡∏°‡πÄ‡∏Ñ‡πâ‡∏≤‡∏à‡πà‡∏≤‡∏¢‡∏î‡∏µ‡∏Å‡∏ß‡πà‡∏≤ ‡∏£‡∏°‡∏ï ‡∏Å. ‡πÅ‡∏£‡∏á‡∏á‡∏≤‡∏ô ‡πÄ‡∏≠‡πâ‡∏≤‡∏à‡∏∞‡πÄ‡∏≠‡∏≤‡πÑ‡∏£‡πÉ‡∏´‡πâ‡πÄ‡∏Ñ‡πâ‡∏≤ ‡∏≠‡∏∏‡πâ‡∏°‡∏Å‡∏≤‡∏£‡∏ö‡∏¥‡∏ô‡πÑ‡∏ó‡∏¢‡πÄ‡∏´‡∏£‡∏≠‡πÄ‡∏≠‡∏≤‡πÉ‡∏à ‡∏Å‡∏õ‡∏õ‡∏™ ‡∏Å‡πá‡πÑ‡∏î‡πâ‡∏ô‡∏∞ ‡πÅ‡∏•‡πâ‡∏ß‡πÅ‡∏ï‡πà"
135,2020-05-15 19:34:23+00:00,"‡∏ä‡πà‡∏ß‡∏á‡∏ô‡∏µ‡πâ io ‡∏°‡∏µ‡∏ô‡πâ‡∏≠‡∏¢‡∏£‡∏π‡πâ‡∏™‡∏∂‡∏Å‡∏°‡∏±‡πâ‡∏¢
‡πÉ‡∏ä‡πà‡∏î‡∏¥ ‡∏û‡∏£‡∏£‡∏Ñ‡∏°‡∏∂‡∏á‡∏ï‡∏µ‡∏Å‡∏±‡∏ô‡∏°‡∏±‡πà‡∏ß‡πÑ‡∏õ‡∏´‡∏°‡∏î ‡πÅ‡∏¢‡πà‡∏á‡∏≠‡∏≥‡∏ô‡∏≤‡∏à‡∏¢‡∏∂‡∏î‡∏≠‡∏≥‡∏ô‡∏≤‡∏à ‡∏Å‡∏±‡∏ô‡∏ß‡∏∏‡πà‡∏ô ‡∏¢‡∏∂‡∏î‡∏≠‡∏≥‡∏ô‡∏≤‡∏à‡∏à‡∏ô‡πÄ‡∏Ñ‡∏¢‡∏ï‡∏±‡∏ß ‡∏ô‡∏∂‡∏î‡∏Å‡∏±‡∏ô‡πÄ‡∏≠‡∏á‡∏ã‡∏∞‡πÄ‡∏•‡∏¢ 
io ‡∏Å‡πá‡∏á‡∏á ‡∏Å‡∏π‡∏ï‡πâ‡∏≠‡∏á‡∏≠‡∏ß‡∏¢‡πÉ‡∏Ñ‡∏£‡∏ß‡πà‡∏∞ ‡πÄ‡∏£‡∏≤‡∏£‡∏±‡∏Å‡∏•‡∏∏‡∏á‡∏ï‡∏π‡πà ‡∏´‡∏£‡∏∑‡∏≠‡πÄ‡∏£‡∏≤‡∏£‡∏±‡∏Å‡∏•‡∏∏‡∏á‡∏õ‡πâ‡∏≠‡∏° 
‡πÄ‡∏´‡πá‡∏ô‡∏°‡∏±‡πâ‡∏¢‡πÇ‡∏Ñ‡∏ß‡∏¥‡∏î‡∏°‡∏±‡∏ô‡πÅ‡∏£‡∏á ‡∏Ç‡∏ô‡∏≤‡∏î io ‡∏á‡∏≤‡∏ô‡∏¢‡πâ‡∏á‡∏´‡∏î
#‡∏´‡∏°‡∏≠‡∏Å‡πâ‡∏≠‡∏á
#‡∏£‡∏±‡∏ê‡∏ö‡∏≤‡∏•‡πÄ‡∏Æ‡∏á‡∏ã‡∏ß‡∏¢ 
#‡πÅ‡∏¢‡πà‡∏á‡∏≠‡∏≥‡∏ô‡∏≤‡∏à‡∏Å‡∏±‡∏ô‡πÄ‡∏≠‡∏á"
136,2020-05-15 17:49:58+00:00,"‡∏´‡∏°‡∏≠‡∏Å‡πâ‡∏≠‡∏á‡∏ï‡πà‡∏≠‡∏™‡∏π‡πâ‡πÄ‡∏û‡∏∑‡πà‡∏≠‡∏Å‡∏•‡∏∏‡πà‡∏°‡∏Ñ‡∏ô‡∏î‡∏µ‡πâ‡∏î‡∏µ‡πÄ‡∏´‡∏£‡∏≠‡∏Ñ‡∏£‡∏±‡∏ö ‡∏ß‡πà‡∏≤‡πÅ‡∏ï‡πà‡∏´‡∏°‡∏≠‡∏Å‡πâ‡∏≠‡∏á‡πÄ‡∏ï‡∏£‡∏µ‡∏¢‡∏°‡∏≠‡∏ß‡∏¢‡∏•‡∏∏‡∏á‡∏õ‡πâ‡∏≠‡∏°‡∏´‡∏£‡∏∑‡∏≠‡∏¢‡∏±‡∏á ‡∏•‡∏∏‡∏á‡∏õ‡πâ‡∏≠‡∏°‡∏Å‡∏≥‡∏•‡∏±‡∏á‡∏≠‡∏¥‡∏ô ‡∏•‡∏∏‡∏á‡∏ï‡∏π‡πà‡∏Å‡∏≥‡∏•‡∏±‡∏á‡πÄ‡∏≠‡∏≤‡∏ó‡πå ‡πÑ‡∏õ‡∏ü‡∏≠‡∏•‡πÇ‡∏•‡πà ‡πÄ‡∏û‡∏à‡πÄ‡∏£‡∏≤‡∏£‡∏±‡∏Å‡∏•‡∏∏‡∏á‡∏õ‡πâ‡∏≠‡∏°‡πÑ‡∏î‡πâ‡πÄ‡∏•‡∏¢‡∏ô‡∏∞‡∏Ñ‡∏£‡∏±‡∏ö ‡πÄ‡∏î‡πà‡∏ß‡∏ï‡∏Å‡∏£‡∏ñ ‡πÅ‡∏ï‡πà‡∏´‡∏°‡∏≠‡πÑ‡∏°‡πà‡∏™‡∏ß‡∏¢‡∏•‡∏∏‡∏á‡πÑ‡∏°‡πà‡∏™‡∏ô‡∏´‡∏£‡∏≠‡∏Å‡∏Ñ‡∏£‡∏±‡∏ö

#‡∏´‡∏°‡∏≠‡∏Å‡πâ‡∏≠‡∏á"
137,2020-04-18 15:20:34+00:00,"‡∏à‡∏£‡∏¥‡∏á‡πÜ ‡πÄ‡∏´‡πá‡∏ô‡∏ó‡∏ß‡∏¥‡∏ï‡∏´‡∏•‡∏±‡∏á‡πÜ ‡∏ô‡∏µ‡πâ‡∏ó‡∏µ‡πà‡∏¢‡πâ‡∏≠‡∏ô‡∏Å‡∏•‡∏±‡∏ö‡πÑ‡∏õ‡∏≠‡∏ß‡∏¢‡∏ó‡∏±‡∏Å‡∏©‡∏¥‡∏ì ‡∏Ñ‡∏¥‡∏î‡∏ñ‡∏á‡∏Ñ‡∏¥‡∏î‡∏ñ‡∏∂‡∏á‡∏≠‡∏∞‡πÑ‡∏£‡∏Å‡∏±‡∏ô ‡πÅ‡∏•‡πâ‡∏ß‡∏Å‡πá‡∏£‡∏π‡πâ‡∏™‡∏∂‡∏Å‡∏ß‡πà‡∏≤ ‡∏ñ‡∏∂‡∏á‡πÄ‡∏Ñ‡πâ‡∏≤‡∏à‡∏∞‡πÄ‡∏Å‡πà‡∏á‡∏à‡∏∞‡∏≠‡∏∞‡πÑ‡∏£‡∏Å‡πá‡πÄ‡∏£‡∏∑‡πà‡∏≠‡∏á‡∏ô‡∏∂‡∏á ‡πÅ‡∏ï‡πà‡∏ï‡∏≠‡∏ô‡∏ô‡∏µ‡πâ‡πÄ‡∏Ñ‡πâ‡∏≤‡∏Å‡πá 70 ‡∏•‡∏∞‡∏ô‡∏∞ ‡πÉ‡∏´‡πâ‡∏£‡∏∏‡πà‡∏ô‡πÉ‡∏´‡∏°‡πà‡∏°‡∏≤‡∏ó‡∏≥‡∏ö‡πâ‡∏≤‡∏á ‡∏ö‡πà‡∏ô‡∏ß‡πà‡∏≤‡∏£‡∏±‡∏ê‡∏ö‡∏≤‡∏•‡∏°‡∏µ‡πÅ‡∏ï‡πà‡∏Ñ‡∏ô‡∏£‡∏∏‡πà‡∏ô‡∏Å‡πà‡∏≠‡∏ô ‡πÅ‡∏ï‡πà‡∏ó‡∏±‡∏Å‡∏©‡∏¥‡∏ì‡∏Å‡∏±‡∏ö‡∏•‡∏∏‡∏á‡∏ï‡∏π‡πà‡∏•‡∏∏‡∏á‡∏õ‡πâ‡∏≠‡∏° ‡∏ô‡∏µ‡πà‡∏Å‡πá‡∏´‡πà‡∏≤‡∏á‡∏Å‡∏±‡∏ô‡πÑ‡∏°‡πà‡∏Å‡∏µ‡πà‡∏õ‡∏µ‡∏ô‡∏∞ (70, 66, 74 ‡∏ï‡∏≤‡∏°‡∏•‡∏≥‡∏î‡∏±‡∏ö)"
138,2020-03-28 16:56:03+00:00,‡∏£‡∏π‡πâ‡∏à‡∏±‡∏Å‡∏ô‡∏±‡∏Å‡∏Ç‡πà‡∏≤‡∏ß‡∏ó‡∏µ‡πà‡∏ä‡∏∑‡πà‡∏≠‡∏ß‡∏≤‡∏™‡∏ô‡∏≤ ‡∏ï‡∏≠‡∏ô‡πÇ‡∏î‡∏ô‡∏•‡∏∏‡∏á‡∏õ‡πâ‡∏≠‡∏°‡∏ï‡∏µ ‡∏ï‡∏≠‡∏ô‡∏ô‡∏µ‡πâ‡∏Å‡∏π‡∏£‡∏≥‡∏Ñ‡∏≤‡∏ç‡∏ä‡∏¥‡∏ö‡∏´‡∏≤‡∏¢ ‡πÄ‡∏ù‡πâ‡∏≤‡∏≠‡∏ß‡∏¢ ‡πÑ‡∏°‡πà‡πÑ‡∏î‡πâ‡∏ï‡∏¥‡∏î‡∏ï‡∏≤‡∏° ‡∏°‡∏±‡∏ô‡πÄ‡∏î‡πâ‡∏á‡∏Ç‡∏∂‡πâ‡∏ô‡∏°‡∏≤‡πÄ‡∏≠‡∏á #‡πÇ‡∏Ñ‡∏ß‡∏¥‡∏î_19  #‡πÇ‡∏Ñ‡∏ß‡∏¥‡∏Ñ19  #‡πÄ‡∏£‡∏≤‡πÑ‡∏°‡πà‡∏ó‡∏¥‡πâ‡∏á‡∏Å‡∏±‡∏ô https://t.co/a3RnGGWo6X
139,2020-02-28 17:02:53+00:00,‡∏Å‡∏∏‡∏î‡πà‡∏≤‡∏£‡∏ö ‡∏≠‡∏ß‡∏¢‡∏ô‡πâ‡∏≠‡∏á‡πÅ‡∏ó‡∏¢‡∏á ‡∏ö‡πà‡∏ô‡πÇ‡∏Ñ‡πÇ‡∏£‡∏ô‡πà‡∏≤ ‡∏ö‡πà‡∏ô‡πÄ‡∏®‡∏£‡∏©‡∏ê‡∏Å‡∏¥‡∏à ‡∏´‡∏ô‡∏µ‡πÑ‡∏õ‡∏≠‡∏ô‡∏™‡∏™‡∏≠‡∏ö ‡∏Å‡∏•‡∏±‡∏ö‡∏°‡∏≤‡∏î‡πà‡∏≤‡∏≠‡∏µ‡∏ï‡∏π‡πà‡∏≠‡∏µ‡∏õ‡πâ‡∏≠‡∏° ‡∏î‡∏π‡πÅ‡∏ñ‡∏•‡∏á‡∏•‡∏∏‡∏á‡πÄ‡∏™‡∏£‡∏µ ‡∏ö‡πà‡∏ô‡∏≠‡∏¥‡πÇ‡∏Ñ‡∏ß‡∏¥‡∏î‡∏≠‡∏µ‡∏Å‡∏£‡∏≠‡∏ö ‡∏Å‡πâ‡∏≠‡∏¢‡∏±‡∏á‡∏ï‡∏µ‡∏Å‡∏±‡∏ô‡πÄ‡∏£‡∏∑‡πà‡∏≠‡∏á‡πÇ‡∏û‡∏≠‡∏¢‡∏π‡πà ‡∏Å‡∏∏‡∏¢‡∏≠‡∏°
140,2019-12-31 08:22:43+00:00,"""‡∏°‡∏á‡∏Ñ‡∏•‡∏Å‡∏¥‡∏ï‡∏ï‡∏¥‡πå"" ‡πÑ‡∏•‡∏ü‡πå 40 ‡∏ô‡∏≤‡∏ó‡∏µ ‡∏≠‡∏ß‡∏¢‡∏û‡∏£ ""‡∏•‡∏∏‡∏á‡∏õ‡πâ‡∏≠‡∏°"" ‡πÅ‡∏Å‡πà‡πÅ‡∏•‡πâ‡∏ß‡∏´‡πâ‡∏≤‡∏°‡∏•‡πâ‡∏° ""‡∏•‡∏∏‡∏á‡∏ï‡∏π‡πà"" ‡∏≠‡∏¢‡πà‡∏≤‡πÉ‡∏à‡∏£‡πâ‡∏≠‡∏ô ‡πÅ‡∏ü‡∏ô‡πÄ‡∏û‡∏à‡∏£‡∏∏‡∏°‡∏à‡∏ß‡∏Å‡∏¢‡∏±‡∏ö
https://t.co/bncPCb7T4T #‡πÄ‡∏ô‡∏ä‡∏±‡πà‡∏ô‡∏™‡∏∏‡∏î‡∏™‡∏±‡∏õ‡∏î‡∏≤‡∏´‡πå"
141,2019-12-28 10:00:00+00:00,"'‡∏ö‡∏¥‡πä‡∏Å‡∏õ‡πâ‡∏≠‡∏°' ‡∏≠‡∏ß‡∏¢‡∏û‡∏£‡∏õ‡∏µ‡πÉ‡∏´‡∏°‡πà ‡∏Ç‡∏≠‡∏õ‡∏µ‡∏´‡∏ô‡πâ‡∏≤‡∏≠‡∏¢‡πà‡∏≤‡∏ß‡∏∏‡πà‡∏ô‡∏ß‡∏≤‡∏¢ - ‡πÑ‡∏ü‡πÄ‡∏Ç‡∏µ‡∏¢‡∏ß‡∏à‡∏±‡∏î‡∏Å‡∏¥‡∏à‡∏Å‡∏£‡∏£‡∏° '‡∏ß‡∏¥‡πà‡∏á‡πÑ‡∏•‡πà‡∏•‡∏∏‡∏á' #‡πÄ‡∏£‡∏∑‡πà‡∏≠‡∏á‡πÄ‡∏•‡πà‡∏≤‡πÄ‡∏™‡∏≤‡∏£‡πå‡∏≠‡∏≤‡∏ó‡∏¥‡∏ï‡∏¢‡πå  #‡πÄ‡∏£‡∏∑‡πà‡∏≠‡∏á‡πÄ‡∏•‡πà‡∏≤‡πÄ‡∏™‡∏≤‡∏£‡πå‡∏≠‡∏≤‡∏ó‡∏¥‡∏ï‡∏¢‡πå

https://t.co/Y8pFpR9vG6"
142,2019-12-26 08:58:15+00:00,"‚Äú‡∏•‡∏∏‡∏á‡∏õ‡πâ‡∏≠‡∏°‚Äù ‡∏¢‡∏¥‡πâ‡∏°‡∏°‡∏°...‡πÅ‡∏õ‡πâ‡∏ô!!

‡∏´‡∏•‡∏±‡∏á ‚Äú‡∏ô‡∏≤‡∏¢‡∏Å‡∏Ø‡∏ö‡∏¥‡πä‡∏Å‡∏ï‡∏π‡πà‚Äù  ‡πÄ‡∏ä‡∏¥‡∏ç‡∏°‡∏≤‡∏Å‡∏•‡∏≤‡πÇ‡∏´‡∏° ‡∏£‡πà‡∏ß‡∏°‡∏õ‡∏£‡∏∞‡∏ä‡∏∏‡∏°‡∏™‡∏†‡∏≤‡∏Å‡∏•‡∏≤‡πÇ‡∏´‡∏° ‡∏ß‡∏≤‡∏£‡∏∞‡∏û‡∏¥‡πÄ‡∏®‡∏© ‡πÅ‡∏•‡∏∞  ‡∏ô‡∏≥‡∏ó‡∏µ‡∏° ‡∏ú‡∏ö.‡πÄ‡∏´‡∏•‡πà‡∏≤‡∏ó‡∏±‡∏û ‡∏≠‡∏ß‡∏¢‡∏û‡∏£‡∏õ‡∏µ‡πÉ‡∏´‡∏°‡πà ‡πÉ‡∏´‡πâ‡πÅ‡∏Ç‡πá‡∏á‡πÅ‡∏£‡∏á ‡∏≠‡∏¢‡∏π‡πà‡πÄ‡∏õ‡πá‡∏ô‡∏ó‡∏µ‡πà‡∏£‡∏±‡∏Å‡∏Ç‡∏≠‡∏á‡∏ô‡πâ‡∏≠‡∏á‡πÜ‡πÑ‡∏õ‡∏≠‡∏µ‡∏Å‡∏ô‡∏≤‡∏ô‡πÜ ‡πÅ‡∏•‡∏∞‡∏°‡∏µ‡∏Ñ‡∏ß‡∏≤‡∏°‡∏™‡∏∏‡∏Ç‡∏°‡∏≤‡∏Å‡πÜ....‡πÅ‡∏ñ‡∏° ‡∏Å‡∏≠‡∏î ‡∏Å‡∏±‡∏ô ‡πÇ‡∏ä‡∏ß‡πå‡∏Ñ‡∏ß‡∏≤‡∏°‡∏Å‡∏•‡∏°‡πÄ‡∏Å‡∏•‡∏µ‡∏¢‡∏ß ‡∏≠‡∏µ‡∏Å‡∏î‡πâ‡∏ß‡∏¢
https://t.co/M9jEvuhAB5 https://t.co/GKxyNjozg9"
143,2019-11-18 17:16:51+00:00,@Pannika_FWP @suthichai ‡∏à‡∏±‡∏î‡πÑ‡∏õ‡∏´‡∏ô‡∏±‡∏Å‡πÜ ‡∏ï‡∏≤‡∏°‡∏°‡∏≤‡∏ï‡∏£‡∏Å‡∏≤‡∏£‡∏´‡∏ô‡∏±‡∏Å‡πÜ ‡πÑ‡∏õ‡∏´‡∏≤‡∏´‡∏ô‡∏±‡∏Å‡∏°‡∏≤‡∏Å ‡∏ñ‡∏∂‡∏á‡∏´‡∏ô‡∏±‡∏Å‡∏ó‡∏µ‡πà‡∏™‡∏∏‡∏î ‡πÄ‡∏ô‡∏ä‡∏±‡πà‡∏ô‡πÄ‡∏ô‡∏ä‡∏±‡πà‡∏ß‡∏™‡∏∏‡∏°‡∏´‡∏±‡∏ß‡∏Å‡∏±‡∏ô‡∏ï‡∏µ ‡∏≠‡∏ô‡∏Ñ.‡πÄ‡∏õ‡πá‡∏ô‡∏´‡∏•‡∏±‡∏Å ‡∏¢‡∏Å‡∏¢‡πà‡∏≠‡∏á‡∏õ‡∏£‡∏∞‡∏¢‡∏∏‡∏ó‡∏ò‡πå‡πÅ‡∏•‡∏∞‡∏û‡∏ß‡∏Å‡πÄ‡∏õ‡πá‡∏ô‡∏™‡∏≥‡∏Ñ‡∏±‡∏ç ‡∏õ‡∏£‡∏∞‡∏¢‡∏∏‡∏ó‡∏ò‡πå‡∏à‡∏∞‡∏°‡∏±‡πà‡∏ß‡∏à‡∏∞‡∏ä‡∏±‡πà‡∏ß‡∏¢‡∏±‡∏á‡πÑ‡∏á‡∏Å‡πá‡∏ñ‡∏π‡∏Å‡πÄ‡∏™‡∏°‡∏≠ ‡∏£‡∏ß‡∏°‡∏ñ‡∏∂‡∏á‡∏•‡∏¥‡πà‡∏ß‡∏•‡πâ‡∏≠‡∏õ‡∏£‡∏∞‡∏¢‡∏∏‡∏ó‡∏ò‡πå ‡πÅ‡∏°‡πâ‡πÅ‡∏ï‡πà‡∏•‡∏∏‡∏á‡∏õ‡πâ‡∏≠‡∏° ‡∏¢‡∏±‡∏á‡∏ñ‡∏π‡∏Å‡∏≠‡∏ß‡∏¢‡∏ñ‡∏π‡∏Å‡∏¢‡∏≠‡∏à‡∏≤‡∏Å‡∏ú‡∏¥‡∏î‡πÄ‡∏õ‡πá‡∏ô‡∏ñ‡∏π‡∏Å ‡πÄ‡∏£‡∏≤‡∏ô‡∏∞‡∏ü‡∏±‡∏á‡∏£‡∏π‡πâ‡∏î‡∏π‡πÄ‡∏õ‡πá‡∏ô ‡πÅ‡∏ï‡πà‡∏õ‡∏£‡∏∞‡∏ä‡∏≤‡∏ä‡∏ô‡∏™‡∏¥‡∏à‡∏∞‡πÄ‡∏Ç‡πâ‡∏≤‡πÉ‡∏à‡∏ú‡∏¥‡∏î ‡∏®‡∏π‡∏ô‡∏¢‡πå‡πÄ‡∏ü‡∏Ñ‡∏ô‡∏¥‡∏ß‡∏™‡πå‡πÄ‡∏â‡∏¢‡∏™‡∏¥
144,2019-10-26 14:49:04+00:00,‡πÅ‡∏°‡πà‡∏â‡∏±‡∏ô‡∏ô‡∏∞‡πÄ‡∏´‡∏£‡∏≠ ‡∏ä‡∏≠‡∏ö‡∏î‡∏π‡∏ä‡πà‡∏≠‡∏á‡πÄ‡∏ô‡∏ä‡∏±‡πà‡∏ô ‡∏î‡πà‡∏≤‡∏ó‡∏±‡∏Å‡∏©‡∏¥‡∏ì‡∏¢‡∏¥‡πà‡∏á‡∏•‡∏±‡∏Å‡∏©‡∏ì‡πå‡∏ó‡∏∏‡∏Å‡∏ß‡∏±‡∏ô ‡∏≠‡∏ß‡∏¢‡∏•‡∏∏‡∏á‡∏ï‡∏π‡πà‡∏•‡∏∏‡∏á‡∏õ‡πâ‡∏≠‡∏°‡∏õ‡∏£‡∏∞‡∏à‡∏≥ ‡πÑ‡∏°‡πà‡∏£‡∏π‡πâ‡∏à‡∏∞‡∏û‡∏π‡∏î‡∏¢‡∏±‡∏á‡πÑ‡∏á‡∏Å‡πá‡πÑ‡∏°‡πà‡πÄ‡∏ä‡∏∑‡πà‡∏≠ https://t.co/eX5yyjW9U5
145,2019-10-20 09:15:34+00:00,@siri_sura ‡πÑ‡∏°‡πà‡πÜ ‡πÑ‡∏°‡πà‡∏£‡∏π‡πâ‡∏ó‡∏£‡∏≤‡∏ö‡πÄ‡∏´‡∏°‡∏µ‡∏¢‡∏ô‡∏Å‡∏±‡∏ô‡∏ß‡πà‡∏≤‡∏Ç‡πà‡∏≤‡∏ß‡∏≠‡∏∞‡πÑ‡∏£ ‡∏´‡∏£‡∏∑‡∏≠‡∏ô‡πâ‡∏≠‡∏á‡πÅ‡∏î‡∏á‡∏à‡∏∞‡πÄ‡∏õ‡πá‡∏ô‡∏ô‡∏≤‡∏¢‡∏Å ‡πÅ‡∏ï‡πà‡∏ó‡∏ß‡∏¥‡∏ï‡∏ô‡∏µ‡πâ‡∏Ñ‡∏∑‡∏≠‡∏≠‡∏ß‡∏¢‡∏û‡∏£‡∏•‡∏∏‡∏á‡∏õ‡πâ‡∏≠‡∏°‡∏≠‡πà‡∏∞‡∏Ñ‡∏∞ ‡πÄ‡∏ú‡∏∑‡πà‡∏≠‡∏ô‡∏£‡∏Å‡∏à‡∏∞‡∏£‡∏±‡∏ö‡∏£‡∏π‡πâ
146,2019-08-11 08:02:18+00:00,‡∏ñ‡∏≤‡∏°‡∏ß‡πà‡∏≤‡∏Ñ‡∏ô‡∏à‡∏∞‡∏≠‡∏ß‡∏¢‡∏û‡∏£‡∏•‡∏∏‡∏á‡∏õ‡πâ‡∏≠‡∏°‡∏¢‡∏±‡∏á‡πÑ‡∏á ‡∏Ç‡∏≠‡πÉ‡∏´‡πâ‡∏ï‡∏≤‡∏¢‡πÇ‡∏´‡∏á‡∏ï‡∏≤‡∏¢‡∏´‡πà‡∏≤ ‡∏≠‡∏¢‡πà‡∏≤‡∏á‡∏ô‡∏µ‡πâ‡πÉ‡∏ä‡πà‡∏õ‡πà‡∏∞? https://t.co/xxDbkEdDOO
147,2019-07-07 12:52:32+00:00,‡∏Å‡πà‡∏≠‡∏ô‡∏´‡∏ô‡πâ‡∏≤‡∏ô‡∏µ‡πâ‡∏•‡∏∏‡∏á‡∏õ‡πâ‡∏≠‡∏°‡πÉ‡∏™‡πà‡πÅ‡∏ã‡∏∞‡∏î‡πà‡∏≤‡∏Å‡∏±‡∏ô‡∏Ç‡∏£‡∏° ‡∏û‡∏≠‡∏≠‡∏ô‡πà‡∏≤‡∏Ñ‡∏ï‡πÑ‡∏´‡∏°‡πâ‡πÉ‡∏™‡πà ‡∏≠‡∏ß‡∏¢‡πÑ‡∏™‡πâ‡πÅ‡∏Ñ‡∏Å‡πÄ‡∏´‡∏≠‡∏∞ ‡πÜ‡πÜ‡πÜ https://t.co/WTv78e2rFf
148,2019-06-15 14:54:55+00:00,@isightme @SSynicall ‡∏™‡∏≤‡∏¢‡∏≠‡∏ß‡∏¢‡πÉ‡∏´‡πâ‡∏≠‡∏¢‡∏π‡πà‡∏ï‡πà‡∏≠ ‡∏ö‡∏≤‡∏á‡∏ó‡∏µ‡∏Å‡πá‡∏ï‡∏≠‡πÅ‡∏´‡∏•‡∏ô‡∏∞‡∏Ñ‡∏∞ ‡πÄ‡∏û‡∏£‡∏≤‡∏∞‡πÄ‡∏ó‡πà‡∏≤‡∏ó‡∏µ‡πà‡πÄ‡∏´‡πá‡∏ô‡πÄ‡∏ß‡∏•‡∏≤‡∏™‡∏±‡∏°‡∏•‡∏∏‡∏á‡∏õ‡πâ‡∏≠‡∏°‡∏ó‡∏µ‡πÑ‡∏£ ‡πÄ‡∏´‡∏°‡∏∑‡∏≠‡∏ô‡∏à‡∏∞‡∏•‡πà‡∏≠‡πÉ‡∏´‡πâ‡∏•‡∏∏‡∏á‡πÄ‡∏î‡∏¥‡∏ô‡∏•‡∏á‡∏´‡∏•‡∏∏‡∏°‡πÅ‡∏•‡πâ‡∏ß‡∏ä‡πà‡∏ß‡∏¢‡∏ã‡πâ‡∏≥‡∏ó‡∏∏‡∏Å‡∏ó‡∏µ‡πÄ‡∏•‡∏¢ üòÜ ‡πÄ‡∏•‡∏¢‡πÑ‡∏°‡πà‡πÅ‡∏ô‡πà‡πÉ‡∏à‡∏ß‡πà‡∏≤‡∏£‡∏±‡∏Å‡∏à‡∏£‡∏¥‡∏á‡πÑ‡∏°‡πà‡∏ï‡∏¥‡∏á‡∏ô‡∏±‡∏á‡∏õ‡πà‡∏∞
149,2019-06-15 10:59:03+00:00,‡πÄ‡∏≠‡∏≠...‡∏≠‡∏ß‡∏¢‡∏Å‡∏±‡∏¢‡πÄ‡∏Ç‡πâ‡∏≤‡πÑ‡∏õ ‡∏à‡∏±‡∏ç‡πÑ‡∏£‡πÅ‡∏ú‡πà‡∏ô‡∏î‡∏¥‡∏ô‡πÄ‡∏à‡πâ‡∏≤‡∏Ç‡∏≠‡∏á‡∏û‡∏£‡∏£‡∏Ñ‡∏ï‡∏±‡∏ß‡∏à‡∏£‡∏¥‡∏á‡∏°‡∏≤‡πÅ‡∏•‡πâ‡∏ß‡πÅ‡∏™‡∏î‡∏á‡∏ß‡πà‡∏≤‡∏≠‡∏∏‡∏ï‡∏ï‡∏°-‡∏™‡∏ô‡∏ò‡∏¥‡∏£‡∏±‡∏ï‡∏¢‡πå‡∏Å‡πá‡πÄ‡∏õ‡πá‡∏ô‡∏ô‡∏≠‡∏£‡πå‡∏°‡∏¥‡∏ô‡∏µ‡∏°‡∏≤‡∏ï‡∏±‡πâ‡∏á‡πÅ‡∏ï‡πà‡∏ï‡πâ‡∏ô‡∏ô‡∏∞‡∏™‡∏¥ ‡∏ú‡∏π‡πâ‡∏≠‡∏¢‡∏π‡πà‡πÄ‡∏ö‡∏∑‡πâ‡∏≠‡∏á‡∏´‡∏•‡∏±‡∏á‡∏Å‡πá‡∏Ñ‡∏∑‡∏≠‡∏•‡∏∏‡∏á‡∏ï‡∏π‡πà ‡∏≠‡∏µ‡∏ï‡∏≤‡∏õ‡πâ‡∏≠‡∏°‡∏ñ‡∏∂‡∏á‡∏ä‡∏≠‡∏ö‡∏û‡∏π‡∏î‡∏ß‡πà‡∏≤‡∏ï‡πâ‡∏≠‡∏á‡∏°‡∏µ‡πÄ‡∏ö‡∏∑‡πâ‡∏≠‡∏á‡∏´‡∏•‡∏±‡∏á...‡∏î‡∏µ‡∏Ñ‡∏£‡∏±‡∏ö‡∏ó‡πà‡∏≤‡∏ô.‡πÄ‡∏´‡∏°‡∏≤‡∏∞‡∏™‡∏°‡∏Ñ‡∏£‡∏±‡∏ö‡∏ô‡∏≤‡∏¢.‡πÑ‡∏î‡πâ‡∏Ñ‡∏£‡∏±‡∏ö‡∏ú‡∏°‡∏°‡∏° üòù‡∏≠‡∏∏‡∏ï‡∏™‡πà‡∏≤‡∏´‡πå‡πÄ‡∏•‡∏µ‡∏¢‡∏ï‡∏µ‡∏ô‡πÉ‡∏´‡πâ‡πÄ‡∏ô‡∏≤‡∏∞ ‡∏≠‡∏¢‡∏π‡πà‡∏î‡∏µ‡πÜ‡∏´‡∏°‡∏π‡∏≠‡∏±‡∏õ‡∏£‡∏µ‡∏¢‡πå‡∏°‡∏≤‡πÅ‡∏¢‡πà‡∏á‡πÄ‡∏â‡∏¢ https://t.co/Gg2z4VQnrY
150,2019-06-15 04:42:15+00:00,‡∏ô‡∏±‡∏Å‡∏Ç‡πà‡∏≤‡∏ß‡∏ó‡∏µ‡πà‡∏°‡∏≤‡∏≠‡∏ß‡∏¢‡πÜ ‡∏•‡∏∏‡∏á‡∏õ‡πâ‡∏≠‡∏°‡∏Å‡∏±‡∏ô‡∏ô‡∏µ‡πâ ‡∏≠‡∏¢‡∏≤‡∏Å‡πÉ‡∏´‡πâ‡πÅ‡∏Å‡∏≠‡∏¢‡∏π‡πà‡∏ï‡πà‡∏≠‡∏à‡∏£‡∏¥‡∏á‡πÜ ‡∏´‡∏£‡∏∑‡∏≠‡∏ô‡∏∂‡∏Å‡∏™‡∏ô‡∏∏‡∏Å‡πÄ‡∏û‡∏£‡∏≤‡∏∞‡∏≠‡∏¢‡∏≤‡∏Å‡πÑ‡∏î‡πâ‡∏Ç‡πà‡∏≤‡∏ß
151,2019-06-14 13:28:33+00:00,‡∏ß‡∏±‡∏ô‡∏ô‡∏µ‡πâ‡∏°‡∏≤‡∏ô‡∏±‡πà‡∏á‡∏£‡∏≠‡πÅ‡∏°‡πà‡∏õ‡∏£‡∏∞‡∏ä‡∏∏‡∏°‡∏´‡∏ô‡πâ‡∏≤‡∏ó‡∏µ‡πà‡∏ó‡∏≥‡∏á‡∏≤‡∏ô ‡∏°‡∏µ‡∏ô‡πâ‡∏≠‡∏á‡∏ú‡∏π‡πâ‡∏ä‡∏≤‡∏¢‡∏ú‡∏π‡πâ‡∏´‡∏ç‡∏¥‡∏á‡∏ß‡∏¥‡πà‡∏á‡πÄ‡∏•‡πà‡∏ô‡∏Å‡∏±‡∏ô ‡∏™‡∏±‡∏Å‡∏û‡∏±‡∏Å‡∏û‡∏ß‡∏Å‡∏ô‡∏≤‡∏á‡πÄ‡∏´‡∏ô‡∏∑‡πà‡∏≠‡∏¢‡∏Å‡πá‡πÑ‡∏õ‡∏ô‡∏±‡πà‡∏á‡∏û‡∏±‡∏Å‡∏´‡∏ô‡πâ‡∏≤‡∏õ‡πâ‡∏≠‡∏°‡∏¢‡∏≤‡∏°‡∏û‡∏£‡πâ‡∏≠‡∏°‡∏ó‡∏±‡∏Å‡∏ó‡∏≤‡∏¢‡πÅ‡∏•‡πâ‡∏ß‡∏Å‡πá‡∏≠‡∏ß‡∏¢‡∏û‡∏£‡∏ó‡∏µ‡πà‡∏Ñ‡∏ô‡∏ó‡∏µ‡πà‡∏ú‡πà‡∏≤‡∏ô‡πÑ‡∏õ‡∏°‡∏≤ ‚Äò‡∏™‡∏ß‡∏±‡∏™‡∏î‡∏µ‡∏Ñ‡∏£‡∏±‡∏ö‚Äô ‚Äò‡πÄ‡∏î‡∏¥‡∏ô‡∏ó‡∏≤‡∏á‡∏Å‡∏•‡∏±‡∏ö‡∏ö‡πâ‡∏≤‡∏ô‡∏î‡∏µ‡πÜ‡∏ô‡∏∞‡∏Ñ‡∏£‡∏±‡∏ö‚Äô ‡πÅ‡∏•‡πâ‡∏ß‡∏ô‡∏≤‡∏á‡∏Å‡πá‡∏´‡∏±‡∏ô‡πÑ‡∏õ‡∏û‡∏π‡∏î‡∏Å‡∏±‡∏ö‡∏•‡∏∏‡∏á‡∏¢‡∏≤‡∏°‡∏ß‡πà‡∏≤ ‚Äò‡∏•‡∏∏‡∏á‡πÑ‡∏õ‡∏û‡∏±‡∏Å‡∏Å‡πà‡∏≠‡∏ô‡∏Å‡πá‡πÑ‡∏î‡πâ‡∏ô‡∏∞‡∏Ñ‡∏£‡∏±‡∏ö ‡πÄ‡∏î‡∏µ‡πã‡∏¢‡∏ß‡∏ó‡∏≤‡∏á‡∏ô‡∏µ‡πâ‡∏ú‡∏°‡∏à‡∏±‡∏î‡∏Å‡∏≤‡∏£‡πÄ‡∏≠‡∏á‚Äô ‡∏Æ‡∏∑‡∏≠‡∏≠‡∏≠‡∏≠‡∏ô‡πâ‡∏≠‡∏á‡∏á‡∏á‡∏á
152,2019-06-14 09:06:17+00:00,‡∏≠‡∏¢‡∏≤‡∏Å‡πÄ‡∏õ‡πá‡∏ô‡∏™‡∏•‡∏¥‡πà‡∏°‡∏ö‡πâ‡∏≤‡∏á‡∏≠‡∏∞ ‡∏à‡∏∞‡πÑ‡∏î‡πâ‡πÑ‡∏°‡πà‡∏ï‡πâ‡∏≠‡∏á‡∏°‡∏≤‡∏Ñ‡∏¥‡∏î‡∏Ñ‡∏≥‡∏î‡πà‡∏≤‡∏Ñ‡∏™‡∏ä.‡∏ó‡∏∏‡∏Å‡∏ß‡∏µ‡πà‡∏ó‡∏∏‡∏Å‡∏ß‡∏±‡∏ô ‡∏≠‡∏¢‡∏≤‡∏Å‡∏≠‡∏ß‡∏¢‡∏ö‡πâ‡∏≤‡∏á‡πÅ‡∏ï‡πà‡∏Ñ‡∏¥‡∏î‡πÑ‡∏°‡πà‡∏≠‡∏≠‡∏Å‡∏ß‡πà‡∏≤‡∏à‡∏∞‡∏≠‡∏ß‡∏¢‡πÑ‡∏£‡∏ô‡∏≠‡∏Å‡∏à‡∏≤‡∏Å‡∏•‡∏∏‡∏á‡∏õ‡πâ‡∏≠‡∏°‡∏î‡∏π‡∏Å‡∏¥‡∏ô‡πÄ‡∏Å‡πà‡∏á‡∏à‡∏±‡∏á‡πÄ‡∏•‡∏¢‡∏ô‡∏∞‡∏Ñ‡∏∞‡∏ï‡∏∏‡πâ‡∏¢‡∏ô‡∏∏‡πâ‡∏¢‡πÄ‡∏ä‡∏µ‡∏¢‡∏ß
153,2019-06-07 17:31:56+00:00,@thestandardth ‡∏Ç‡∏≠‡∏û‡∏£‡∏∞‡πÄ‡∏à‡πâ‡∏≤‡∏≠‡∏ß‡∏¢‡∏û‡∏£‡πÉ‡∏´‡πâ‡∏•‡∏∏‡∏á‡∏õ‡πâ‡∏≠‡∏°‡πÅ‡∏•‡∏∞‡∏•‡∏∏‡∏á‡∏ï‡∏π‡πà‡πÑ‡∏î‡πâ‡∏Å‡∏•‡∏±‡∏ö‡πÉ‡∏à‡πÉ‡∏´‡∏°‡πà‡∏Å‡πà‡∏≠‡∏ô‡∏ó‡∏µ‡πà‡∏à‡∏∞‡πÇ‡∏î‡∏ô‡∏ï‡∏µ‡∏™‡∏≠‡∏ô‡∏à‡∏≤‡∏Å‡∏û‡∏£‡∏∞‡πÄ‡∏à‡πâ‡∏≤
154,2019-05-18 12:01:49+00:00,‡∏Ñ‡∏£‡∏π‡∏ó‡πà‡∏≤‡∏ô‡∏´‡∏ô‡∏∂‡πà‡∏á‡∏ó‡∏µ‡πà‡πÄ‡∏Ñ‡∏¢‡∏™‡∏≠‡∏ô‡πÄ‡∏£‡∏≤‡∏ï‡∏≠‡∏ô‡∏õ‡∏£‡∏∞‡∏ñ‡∏°‡∏£‡∏π‡πâ‡∏à‡∏±‡∏Å‡∏Å‡∏±‡∏ö‡∏ï‡∏≤‡∏Ç‡∏≠‡∏á‡πÄ‡∏£‡∏≤ ‡∏•‡πà‡∏≤‡∏™‡∏∏‡∏î‡∏°‡∏≤‡∏´‡∏≤‡∏ï‡∏≤‡πÄ‡∏£‡∏≤‡∏ó‡∏µ‡πà‡∏ö‡πâ‡∏≤‡∏ô‡πÅ‡∏≠‡∏ö‡πÑ‡∏î‡πâ‡∏¢‡∏¥‡∏ô‡πÄ‡∏Ç‡∏≤‡∏Ñ‡∏∏‡∏¢‡πÄ‡∏£‡∏∑‡πà‡∏≠‡∏á‡∏Å‡∏≤‡∏£‡πÄ‡∏°‡∏∑‡∏≠‡∏á‡πÅ‡∏•‡πâ‡∏ß‡∏≠‡∏ß‡∏¢‡∏•‡∏∏‡∏á‡∏ï‡∏π‡πà‡∏Å‡∏±‡∏ö‡∏•‡∏∏‡∏á‡∏õ‡πâ‡∏≠‡∏°‡∏™‡∏∏‡∏î‡πÜ ‡∏´‡∏≤‡∏£‡∏π‡πâ‡πÑ‡∏°‡πà‡∏ï‡∏≤‡πÄ‡∏£‡∏≤‡∏≠‡∏¢‡∏π‡πà‡∏ù‡∏±‡πà‡∏á‡∏ï‡∏£‡∏á‡∏Ç‡πâ‡∏≤‡∏°‡∏°‡∏≤‡∏ô‡∏≤‡∏ô‡∏ô‡∏° ‡∏ß‡∏±‡∏ô‡∏ô‡∏±‡πâ‡∏ô‡πÄ‡∏õ‡πá‡∏ô‡∏ß‡∏±‡∏ô‡∏ó‡∏µ‡πà‡∏ï‡∏≤‡πÄ‡∏á‡∏µ‡∏¢‡∏ö‡∏°‡∏≤‡∏Å555
155,2019-05-16 11:57:03+00:00,"‚Äú‡∏•‡∏∏‡∏á‡∏õ‡πâ‡∏≠‡∏°‚Äù ‡∏Å‡πá‡∏¢‡∏±‡∏á‡∏°‡∏µ FC ‡∏ô‡∏∞....... ‡πÑ‡∏õ‡∏û‡∏¥‡∏©‡∏ì‡∏∏‡πÇ‡∏•‡∏Å ‡∏ä‡∏≤‡∏ß‡∏ö‡πâ‡∏≤‡∏ô ‡∏Å‡πá‡πÄ‡∏£‡∏µ‡∏¢‡∏Å ‡πÅ‡∏ï‡πà ‡∏•‡∏∏‡∏á‡∏õ‡πâ‡∏≠‡∏°‡πÜ..... ‡πÄ‡∏Ç‡πâ‡∏≤‡∏°‡∏≤ Selfie ‡πÅ‡∏•‡∏∞ ‡∏Ç‡∏≠‡∏ö‡∏Ñ‡∏∏‡∏ì ‡∏û‡∏£‡πâ‡∏≠‡∏° ‡∏≠‡∏ß‡∏¢‡∏û‡∏£ ‡πÉ‡∏´‡πâ‡πÅ‡∏Ç‡πá‡∏á‡πÅ‡∏£‡∏á ‡πÉ‡∏´‡πâ‡∏ó‡∏≥‡∏á‡∏≤‡∏ô‡∏ï‡πà‡∏≠‡πÑ‡∏õ...... ‡∏¢‡∏¥‡πâ‡∏°‡πÅ‡∏â‡πà‡∏á ‡∏•‡πà‡∏∞‡∏™‡∏¥!! ‡∏•‡∏∏‡∏á

https://t.co/BL1RVlRuey https://t.co/iUUbxClSLX"
156,2019-05-05 11:00:58+00:00,‡∏™‡∏≤‡∏¢‡∏≠‡∏ß‡∏¢‡∏•‡∏∏‡∏á‡∏õ‡πâ‡∏≠‡∏°‡∏ô‡∏∞‡∏Ñ‡∏∞‡∏Ñ‡∏∏‡∏ì‡∏ß‡∏≤‡∏™‡∏ô‡∏≤ https://t.co/KbHwLJGAtK
157,2019-04-26 16:22:02+00:00,"‡∏ß‡∏±‡∏ô‡∏ô‡∏µ‡πâ‡πÑ‡∏°‡πà‡πÉ‡∏ä‡πà April fool day ‡∏ô‡∏∞‡∏à‡πä‡∏∞ #‡∏û‡∏≠‡πÄ‡∏´‡∏≠‡∏∞ ‡∏à‡∏∞‡∏≠‡πâ‡∏ß‡∏Å ‡∏•‡∏π‡∏Å‡∏•‡∏∏‡∏á‡πÄ‡∏°‡∏∑‡∏≠‡∏Å‡πÇ‡∏Å‡∏á‡∏ó‡∏µ‡πà‡∏î‡∏¥‡∏ô‡πÇ‡∏î‡∏ô‡∏û‡∏¥‡∏û‡∏≤‡∏Å‡∏©‡∏≤‡∏ï‡∏à‡∏≥‡∏Ñ‡∏∏‡∏Å ‡∏¢‡∏±‡∏á‡∏°‡∏µ‡∏Ñ‡∏ô‡∏≠‡∏ß‡∏¢‡∏ß‡πà‡∏≤‡∏Å‡∏•‡πâ‡∏≤‡∏ó‡∏≥‡∏Å‡∏•‡πâ‡∏≤‡∏£‡∏±‡∏ö ‡πÑ‡∏°‡πà‡∏´‡∏ô‡∏µ ‡∏ñ‡∏∏‡∏¢‡∏¢‡∏¢ ‡πÇ‡∏Å‡∏á‡∏Ñ‡∏∑‡∏≠‡πÇ‡∏Å‡∏á‡∏õ‡∏∞‡∏ß‡∏∞ 

 #‡∏™‡∏∏‡πÄ‡∏ó‡∏û‡πÄ‡∏ó‡∏∑‡∏≠‡∏Å‡∏™‡∏∏‡∏ö‡∏£‡∏£‡∏ì #‡∏Å‡∏õ‡∏õ‡∏™ #‡∏õ‡πâ‡∏≠‡∏° #‡∏ö‡∏¥‡πä‡∏Å‡∏õ‡πâ‡∏≠‡∏° https://t.co/PSIDoBWXhV"
158,2019-04-23 12:38:55+00:00,@IM_MadamE ‡∏Ç‡∏¢‡∏µ‡πâ‡πÄ‡∏Å‡πà‡∏á‡∏°‡∏≤‡∏Å‡∏Å‡∏Å ‡πÄ‡πÄ‡∏ï‡πà‡∏û‡∏≠‡πÄ‡∏£‡∏∑‡πà‡∏≠‡∏á‡∏•‡∏∏‡∏á‡∏ï‡∏π‡πà ‡∏û‡∏£‡∏£‡∏Ñ‡∏û‡∏•‡∏±‡∏á‡∏õ‡∏£‡∏∞‡∏ä‡∏≤‡∏£‡∏±‡∏ê ‡∏≠‡∏ß‡∏¢‡∏Å‡∏±‡∏ô‡πÄ‡∏Ç‡πâ‡∏≤‡πÑ‡∏õ ‡∏≠‡∏ß‡∏¢‡πÄ‡πÄ‡∏°‡πà‡∏á‡πÄ‡∏Ç‡πâ‡∏≤‡πÑ‡∏õ ‡∏ö‡∏¥‡∏ì‡∏Å‡∏õ‡πâ‡∏≠‡∏°‡∏°‡∏∂‡∏á‡∏≠‡πà‡∏∞ ‡∏≠‡∏ß‡∏¢‡πÑ‡∏õ‡∏î‡∏¥!! ‡∏£‡∏ß‡∏¢‡πÑ‡∏°‡πà‡πÉ‡∏ä‡πà‡πÄ‡∏´‡∏£‡∏≠ ‡∏£‡∏ß‡∏¢‡∏ú‡∏¥‡∏î‡∏õ‡∏Å‡∏ï‡∏¥‡∏Å‡∏ß‡πà‡∏≤‡∏ó‡∏±‡∏Å‡∏©‡∏¥‡∏ì ‡∏≠‡∏µ‡∏¢‡∏µ‡πâ‡πÑ‡∏°‡πà‡πÑ‡∏î‡πâ‡∏ä‡∏≠‡∏ö‡∏ó‡∏±‡∏Å‡∏©‡∏¥‡∏ì ‡πÄ‡πÄ‡∏ï‡πà‡πÄ‡πÄ‡∏°‡πà‡∏á‡∏£‡∏ß‡∏¢‡∏Å‡∏ß‡πà‡∏≤‡∏ó‡∏±‡∏Å‡∏©‡∏¥‡∏ì‡∏≠‡∏µ‡∏Å
159,2019-04-20 06:08:35+00:00,‡∏û‡∏µ‡πà‡∏ä‡∏≤‡∏¢‡πÄ‡∏õ‡πá‡∏ô‡∏™‡∏•‡∏¥‡πà‡∏°‡∏á‡∏∞ ‡∏ó‡∏≥‡πÑ‡∏á‡πÄ‡∏î ‡∏≠‡∏ß‡∏¢‡∏•‡∏∏‡∏á‡∏Å‡∏±‡∏ö‡∏õ‡πâ‡∏≠‡∏°‡πÉ‡∏´‡πâ‡∏ô‡∏µ‡πà‡∏ü‡∏±‡∏á‡πÉ‡∏´‡∏ç‡πà‡πÄ‡∏•‡∏¢ ‡∏à‡∏∏‡∏Å‡πÅ‡∏£‡πâ‡∏ß‡∏ß‡∏ß‡∏ß‡∏ß üòÇüòÇ
160,2019-04-19 18:56:11+00:00,"‡πÄ‡∏ß‡∏•‡∏≤‡∏ü‡∏±‡∏á‡∏´‡∏£‡∏∑‡∏≠‡πÄ‡∏´‡πá‡∏ô‡πÇ‡∏û‡∏™‡∏ï‡πå‡∏™‡∏•‡∏¥‡πà‡∏°‡πÇ‡∏á‡πà‡πÜ
‡∏≠‡∏ß‡∏¢‡∏•‡∏∏‡∏á‡∏ï‡∏π‡πà ‡∏•‡∏∏‡∏á‡∏õ‡πâ‡∏≠‡∏°  ‡∏û‡∏õ‡∏ä‡∏£. ‡∏ö‡∏±‡∏ï‡∏£‡∏Ñ‡∏ô‡∏à‡∏ô
 ‡∏ú‡∏°‡∏≠‡∏î‡∏Ñ‡∏¥‡∏î‡πÉ‡∏ô‡πÉ‡∏à‡πÑ‡∏°‡πà‡πÑ‡∏î‡πâ‡∏™‡∏±‡∏Å‡∏Ñ‡∏£‡∏±‡πâ‡∏á‡πÄ‡∏•‡∏¢‡∏ß‡πà‡∏≤
 ""‡∏ó‡∏≥‡πÑ‡∏°‡∏ñ‡∏∂‡∏á‡πÑ‡∏î‡πâ‡πÇ‡∏á‡πà‡∏Ç‡∏ô‡∏≤‡∏î‡∏ô‡∏µ‡πâ""

#‡∏™‡∏•‡∏¥‡πà‡∏° #‡πÇ‡∏à‡∏ô‡∏π‡πÇ‡∏ß #‡∏≠‡∏∏‡πä‡∏´‡∏§‡∏ó‡∏±‡∏¢ #‡∏î‡∏µ‡πâ‡∏ô‡∏¥‡∏ï‡∏¥‡∏û‡∏á‡∏©‡πå #thaielection2019 #"
161,2019-04-17 10:54:27+00:00,"‡∏™‡∏∑‡πà‡∏≠‡∏ï‡πà‡∏≤‡∏á‡∏õ‡∏£‡∏∞‡πÄ‡∏ó‡∏®‡∏ô‡∏µ‡πà‡πÅ‡∏°‡πà‡∏á‡∏Å‡πá‡∏ä‡∏≠‡∏ö‡∏°‡∏±‡πà‡∏ß
‡πÉ‡∏™‡πà‡∏£‡πâ‡∏≤‡∏¢‡∏•‡∏∏‡∏á‡∏õ‡πâ‡∏≠‡∏°‡∏à‡∏±‡∏á.‡∏û‡∏ß‡∏Å‡πÄ‡∏ä‡∏µ‡πâ‡∏¢‚Äã ‡πÄ‡∏•‡∏ß‡∏à‡∏£‡∏¥‡∏á‡πÜ‡πÑ‡∏≠‡πâ‡∏™‡∏∑‡πà‡∏≠‡∏ï‡πà‡∏≤‡∏á‡∏õ‡∏£‡∏∞‡πÄ‡∏ó‡∏®‚Äã ‡∏ó‡∏≥‡∏Ç‡πà‡∏≤‡∏ß‡∏°‡∏±‡πà‡∏ß‡∏ã‡∏±‡πà‡∏ß‡∏à‡∏∞‡∏ö‡πâ‡∏≤‡∏´‡∏£‡∏∑‡∏≠‡πÑ‡∏á.‡∏≠‡∏≤‡∏ä‡∏µ‡∏û‡∏ó‡∏´‡∏≤‡∏£.‡∏ò‡∏∏‡∏£‡∏Å‡∏¥‡∏à‡∏´‡πà‡∏≤‡∏≠‡∏∞‡πÑ‡∏£‡∏Å‡πá‡πÑ‡∏°‡πà‡πÄ‡∏Ñ‡∏¢‡∏ó‡∏≥.‡∏à‡∏∞‡∏°‡∏µ‡∏õ‡∏±‡∏ç‡∏ç‡∏≤‡∏°‡∏µ‡πÄ‡∏á‡∏¥‡∏ô‡∏´‡∏°‡∏∑‡πà‡∏ô‡∏•‡πâ‡∏≤‡∏ô‡πÑ‡∏î‡πâ‡πÑ‡∏á(‡∏ñ‡πâ‡∏≤‡πÑ‡∏°‡πà‡πÇ‡∏Å‡∏á)

‡∏ó‡∏´‡∏≤‡∏£‡πÄ‡∏õ‡πá‡∏ô‡∏Ñ‡∏ô‡∏î‡∏µ
‡∏ó‡∏´‡∏≤‡∏£‡πÄ‡∏Ç‡πâ‡∏≤‡∏°‡∏≤‡∏£‡∏±‡∏Å‡∏©‡∏≤‡∏Ñ‡∏ß‡∏≤‡∏°‡∏™‡∏á‡∏ö
‡∏ó‡∏´‡∏≤‡∏£‡πÑ‡∏°‡πà‡πÇ‡∏Å‡∏á‡∏´‡∏•‡∏≠‡∏Å
‡∏´‡∏•‡∏±‡∏ö‡∏´‡∏π‡∏´‡∏•‡∏±‡∏ö‡∏ï‡∏≤‡∏≠‡∏ß‡∏¢‡∏Å‡∏±‡∏ô‡∏ï‡πà‡∏≠‡πÑ‡∏õ

‡∏™‡∏∑‡πà‡∏≠‡∏°‡∏±‡πà‡∏ß‡πÜ"
162,2019-04-10 04:30:26+00:00,‡∏•‡∏∏‡∏á‡∏õ‡πâ‡∏≠‡∏°‡∏Å‡πá‡∏°‡∏≤‡∏≠‡∏ß‡∏¢‡∏û‡∏£‡∏õ‡πã‡∏≤‡∏ô‡∏∞‡∏Ñ‡∏∞.. https://t.co/qCTo95hygh
163,2019-03-27 15:20:12+00:00,‡∏Ñ‡∏∑‡∏≠ ‡πÑ‡∏õ‡∏ó‡∏≥‡∏á‡∏≤‡∏ô‡∏°‡∏≤ ‡∏Å‡πá‡∏Ñ‡∏∑‡∏≠‡∏°‡∏µ‡∏Å‡∏•‡∏∏‡πà‡∏°‡∏ó‡∏µ‡πà‡∏≠‡∏ß‡∏¢‡∏•‡∏∏‡∏á‡∏≠‡∏¢‡∏π‡πà ‡πÅ‡∏ï‡πà‡∏ü‡∏±‡∏á‡πÄ‡∏´‡∏ï‡∏∏‡∏ú‡∏•‡∏Å‡πá‡∏û‡∏≠‡∏à‡∏∞‡πÄ‡∏Ç‡πâ‡∏≤‡πÉ‡∏à‡πÑ‡∏î‡πâ ‡πÄ‡∏û‡∏£‡∏≤‡∏∞‡πÄ‡∏Ç‡∏≤‡∏°‡∏≠‡∏á‡∏Å‡∏±‡∏ô‡∏ß‡πà‡∏≤ ‡∏•‡∏∏‡∏á‡πÅ‡∏Å‡πÑ‡∏°‡πà‡πÑ‡∏î‡πâ‡∏ö‡∏£‡∏¥‡∏´‡∏≤‡∏£‡∏õ‡∏£‡∏∞‡πÄ‡∏ó‡∏®‡πÄ‡∏≠‡∏á ‡∏Ñ‡∏ô‡∏ó‡∏µ‡πà‡∏°‡∏µ‡∏≠‡∏≥‡∏ô‡∏≤‡∏à‡πÄ‡∏™‡∏µ‡∏¢‡∏á‡∏°‡∏≤‡∏Å‡∏Å‡∏ß‡πà‡∏≤‡∏•‡∏∏‡∏á‡πÅ‡∏Å ‡πÅ‡∏•‡πâ‡∏ß‡πÄ‡∏Ç‡∏≤‡πÄ‡∏Å‡∏•‡∏µ‡∏¢‡∏î‡∏Å‡∏±‡∏ô‡∏Ñ‡∏∑‡∏≠‡∏ï‡∏≤‡∏õ‡πâ‡∏≠‡∏° ‡∏ô‡∏µ‡πà‡πÄ‡∏´‡πá‡∏ô‡∏î‡πâ‡∏ß‡∏¢‡∏Ç‡πâ‡∏≠‡∏ô‡∏µ‡πâ‡∏ô‡∏∞ ‡∏Ñ‡∏∑‡∏≠‡∏ó‡∏≥‡∏á‡∏≤‡∏ô‡πÑ‡∏°‡πà‡∏Ñ‡πà‡∏≠‡∏¢‡∏à‡∏∞‡πÑ‡∏´‡∏ß ‡∏≠‡∏¢‡∏π‡πà‡πÄ‡∏â‡∏¢‡πÜ‡∏°‡∏±‡∏¢ ‡∏ó‡∏£‡∏±‡∏û‡∏¢‡πå‡∏™‡∏¥‡∏ô‡∏ó‡∏µ‡πà‡πÑ‡∏î‡πâ‡πÑ‡∏õ ‡∏Å‡πá‡∏ô‡πà‡∏≤‡∏à‡∏∞‡∏û‡∏≠‡πÉ‡∏ä‡πâ‡∏à‡∏ô‡∏ï‡∏≤‡∏¢‡πÅ‡∏•‡πâ‡∏ß‡∏ô‡∏∞
164,2019-03-24 16:05:11+00:00,‡∏≠‡∏ß‡∏¢‡∏û‡∏£‡πÉ‡∏´‡πâ‡∏ó‡∏≥‡∏á‡∏≤‡∏ô‡∏Å‡∏±‡∏ô‡∏≠‡∏¢‡πà‡∏≤‡∏á‡πÇ‡∏õ‡∏£‡πà‡∏á‡πÉ‡∏™‡∏™‡∏±‡∏Å‡∏ó‡∏µ‡∏Å‡πá‡πÑ‡∏î‡πâ‡∏Ñ‡πà‡∏∞ ‡πÑ‡∏´‡∏ô‡πÜ‡∏Å‡πá‡πÄ‡∏õ‡πá‡∏ô‡∏£‡∏ö.‡∏ó‡∏µ‡πà‡∏°‡∏≤‡∏à‡∏≤‡∏Å‡∏Å‡∏≤‡∏£‡πÄ‡∏•‡∏∑‡∏≠‡∏Å‡∏ï‡∏±‡πâ‡∏á‡πÅ‡∏•‡πâ‡∏ß ‡∏ó‡∏≥‡∏á‡∏≤‡∏ô‡πÉ‡∏´‡πâ‡πÄ‡∏ï‡πá‡∏°‡∏ó‡∏µ‡πà‡∏ô‡∏∞‡∏Ñ‡∏∞ ‡∏•‡∏∏‡∏á‡∏ï‡∏π‡πà‡∏•‡∏∏‡∏á‡∏õ‡πâ‡∏≠‡∏°‡∏™‡∏π‡πâ‡πÜ
165,2019-03-21 11:26:31+00:00,@prayutofficial ‡∏≠‡∏ß‡∏¢‡∏û‡∏£‡πÉ‡∏´‡πâ‡∏•‡∏∏‡∏á‡∏û‡∏ö‡∏£‡∏±‡∏Å‡πÅ‡∏ó‡πâ‡∏™‡∏∞‡∏ó‡∏µ‡∏ô‡∏∞‡∏ß‡∏±‡∏ô‡πÄ‡∏Å‡∏¥‡∏î‡∏õ‡∏µ‡∏ô‡∏µ‡πâ ‡∏Ç‡∏≠‡πÉ‡∏´‡πâ‡∏£‡∏±‡∏Å‡∏Å‡∏±‡∏ô‡πÉ‡∏´‡πâ‡∏ï‡∏≤‡∏¢‡∏Å‡∏±‡∏ô‡πÑ‡∏õ‡∏Ç‡πâ‡∏≤‡∏á‡∏ô‡∏∂‡∏á ‡∏ó‡∏µ‡πà‡∏à‡∏£‡∏¥‡∏á‡∏ï‡∏π‡πà‡∏Å‡∏∞‡∏õ‡πâ‡∏≠‡∏°‡∏°‡∏±‡∏ô‡∏ô‡πà‡∏≤‡∏à‡∏∞‡∏£‡∏±‡∏Å‡πÅ‡∏ó‡πâ‡∏ó‡∏µ‡πà‡∏™‡∏∏‡∏î‡πÅ‡∏•‡πâ‡∏ß ‡∏´‡∏•‡∏±‡∏á 24 ‡πÅ‡∏û‡πâ‡πÄ‡∏•‡∏∑‡∏≠‡∏Å‡∏ï‡∏±‡πâ‡∏á‡∏Å‡πá‡∏à‡∏á‡∏û‡∏≤‡∏Å‡∏±‡∏ô‡∏û‡∏•‡∏≠‡∏î‡∏£‡∏±‡∏Å‡∏ï‡πà‡∏≤‡∏á‡∏õ‡∏£‡∏∞‡πÄ‡∏ó‡∏®‡πÑ‡∏î‡πâ‡πÄ‡∏•‡∏¢‡∏ô‡∏∞‡∏ó‡∏±‡πâ‡∏á‡∏Ñ‡∏π‡πà ‡∏≠‡∏¢‡πà‡∏≤‡∏•‡∏∑‡∏°‡∏´‡∏≤‡∏ô‡∏≤‡∏¨‡∏¥‡∏Å‡∏≤‡∏´‡∏£‡∏π‡πÉ‡∏´‡πâ‡∏õ‡πâ‡∏≠‡∏°‡∏î‡πâ‡∏ß‡∏¢‡πÄ‡∏û‡∏£‡∏≤‡∏∞‡πÄ‡∏û‡∏∑‡πà‡∏≠‡∏ô‡∏ó‡∏µ‡πà‡πÄ‡∏Ñ‡∏¢‡∏¢‡∏∑‡∏°‡∏ô‡∏∞‡∏ï‡∏≤‡∏¢‡πÅ‡∏•‡πâ‡∏ß
166,2019-03-20 04:43:35+00:00,@Thairath_News ‡∏Ç‡∏≠‡∏≠‡∏ß‡∏¢‡∏û‡∏£‡πÉ‡∏´‡πâ‡∏ï‡∏≤‡∏¢‡πÑ‡∏ß‡πÜ‡∏ô‡∏∞‡∏•‡∏∏‡∏á ‡∏≠‡∏¢‡πà‡∏≤‡∏≠‡∏¢‡∏π‡πà‡πÄ‡∏õ‡πá‡∏ô‡∏†‡∏≤‡∏£‡∏∞‡∏õ‡∏£‡∏∞‡πÄ‡∏ó‡∏®‡πÄ‡∏•‡∏¢ ‡πÄ‡∏≠‡∏≤‡πÑ‡∏≠‡πâ‡∏õ‡πâ‡∏≠‡∏°‡πÑ‡∏õ‡∏ï‡∏≤‡∏¢‡πÄ‡∏õ‡πá‡∏ô‡πÄ‡∏û‡∏∑‡πà‡∏≠‡∏ô‡∏Å‡πá‡∏î‡∏µ‡∏ô‡∏∞ ‡πÄ‡∏•‡∏ß‡∏ó‡∏±‡πâ‡∏á‡∏Ñ‡∏π‡πà
167,2019-03-13 07:44:26+00:00,‡∏•‡∏∏‡∏á‡∏õ‡πâ‡∏≠‡∏°‡∏≠‡∏ß‡∏¢‡∏û‡∏£‡∏ú‡∏°‡∏ó‡∏µ‡∏Ñ‡∏£‡∏±‡∏öüò≠
168,2019-03-04 11:40:01+00:00,‡πÑ‡∏î‡πâ‡∏¢‡∏¥‡∏ô‡∏ä‡πà‡∏≠‡∏á‡πÄ‡∏ô‡∏ä‡∏±‡πà‡∏ô‡∏≠‡∏ß‡∏¢‡∏ô‡∏≤‡∏¢‡∏Å‡∏≠‡∏¢‡πà‡∏≤‡∏á‡∏ô‡∏±‡πâ‡∏ô‡∏≠‡∏¢‡πà‡∏≤‡∏á‡∏ô‡∏µ‡πâ ‡πÄ‡∏£‡∏µ‡∏¢‡∏Å‡∏•‡∏∏‡∏á‡∏õ‡πâ‡∏≠‡∏°‡πÄ‡∏™‡∏µ‡∏¢‡∏á‡∏≠‡πà‡∏≠‡∏ô‡πÄ‡∏™‡∏µ‡∏¢‡∏á‡∏´‡∏ß‡∏≤‡∏ô‡πÅ‡∏£‡πâ‡∏ß‡∏Å‡∏∏‡πÅ‡∏ö‡∏ö https://t.co/t5ItWTTdGO
169,2019-03-03 08:16:09+00:00,‡∏Ç‡πâ‡∏≠‡∏™‡∏≠‡∏ö‡πÄ‡∏î‡πá‡∏Å‡∏à‡∏∞‡∏≠‡∏ß‡∏¢ ‡∏Ñ‡∏™‡∏ä ‡∏°‡∏≤‡∏Å‡πÑ‡∏õ‡πÑ‡∏´‡∏° ‡∏ô‡∏µ‡πà‡∏à‡∏∞‡∏õ‡∏•‡∏π‡∏Å‡∏ù‡∏±‡πà‡∏á‡πÄ‡∏î‡πá‡∏Å‡πÉ‡∏´‡πâ‡∏Ñ‡∏¥‡∏î‡∏ß‡πà‡∏≤‡∏•‡∏∏‡∏á‡∏ï‡∏π‡πà‡∏Ç‡∏¢‡∏±‡∏ô‡πÄ‡∏´‡∏°‡∏∑‡∏≠‡∏ô‡∏Ñ‡∏ß‡∏≤‡∏¢‡∏Å‡∏±‡∏ô‡πÄ‡∏•‡∏¢‡∏ó‡∏µ‡πÄ‡∏î‡∏µ‡∏¢‡∏ß ‡∏™‡πà‡∏ß‡∏ô‡∏•‡∏∏‡∏á‡∏õ‡πâ‡∏≠‡∏°‡∏Å‡πá‡∏ó‡∏≥‡∏á‡∏≤‡∏ô‡∏ã‡∏∑‡πà‡∏≠‡∏ï‡∏£‡∏á‡πÄ‡∏´‡∏°‡∏∑‡∏≠‡∏ô‡∏ô‡∏≤‡∏¨‡∏¥‡∏Å‡∏≤‡∏≠‡∏ß‡∏¢ ‡πÄ‡∏Å‡∏¥‡∏ô‡πÑ‡∏õ‡πÑ‡∏°‡πä ‡πÑ‡∏°‡πà‡∏Ñ‡∏ß‡∏£‡∏ä‡∏µ‡πâ‡∏ô‡∏≥ ‡πÅ‡∏ö‡∏ö‡∏ô‡∏µ‡πâ‡∏ô‡∏∞ https://t.co/BDnp0SUYaj
170,2019-02-08 14:04:33+00:00,‡πÄ‡∏ö‡∏∑‡πà‡∏≠‡∏ï‡∏£‡∏£‡∏Å‡∏∞‡∏Å‡∏≤‡∏£‡πÄ‡∏°‡∏∑‡∏≠‡∏á‡∏Ç‡∏≠‡∏á‡πÅ‡∏°‡πà‡∏°‡∏≤‡∏Å‡πÜ ‡∏≠‡∏ß‡∏¢‡∏•‡∏∏‡∏á‡∏ï‡∏π‡πà‡∏™‡∏∏‡∏î‡∏§‡∏ó‡∏ò‡∏¥‡πå ‡∏ó‡∏±‡∏Å‡∏Å‡∏µ‡πâ‡∏•‡πâ‡∏°‡πÄ‡∏à‡πâ‡∏≤ ‡∏î‡πà‡∏≤‡∏ò‡∏ô‡∏ò.‡∏´‡πà‡∏ß‡∏¢ ‡πÄ‡∏≠‡∏≤‡πÉ‡∏à‡πÄ‡∏î‡πá‡∏Å‡∏ó‡∏µ‡πà‡πÑ‡∏°‡πà‡∏£‡∏π‡πâ‡∏Å‡∏≤‡∏£‡πÄ‡∏°‡∏∑‡∏≠‡∏á ‡∏Ç‡∏≠‡∏ö‡∏û‡∏£‡∏∞‡∏Ñ‡∏∏‡∏ì‡∏ó‡∏µ‡πà‡πÑ‡∏°‡πà‡∏≠‡∏ß‡∏¢‡∏≠‡∏¥‡∏•‡∏∏‡∏á‡∏õ‡πâ‡∏≠‡∏° ‡πÅ‡∏•‡∏∞‡πÑ‡∏°‡πà‡∏î‡πà‡∏≤‡∏Ñ‡∏∏‡∏ì‡∏ô‡∏¥‡∏ä‡∏≤
171,2019-01-30 12:06:25+00:00,"‡∏•‡∏∏‡∏á‡∏ï‡∏π‡πà‡∏Å‡πá‡∏ä‡πà‡∏≤‡∏á‡∏Ñ‡∏¥‡∏î ‡∏•‡∏∏‡∏á‡∏õ‡πâ‡∏≠‡∏°‡∏Å‡πá‡∏ä‡πà‡∏≤‡∏á‡∏≠‡∏ß‡∏¢
#‡∏ù‡∏∏‡πà‡∏ôPM25"
172,2019-01-25 14:46:40+00:00,‡πÄ‡∏≠‡∏≤‡∏à‡∏£‡∏¥‡∏á‡πÜ‡πÑ‡∏°‡πà‡πÑ‡∏î‡πâ‡∏≠‡∏ß‡∏¢‡∏ó‡∏±‡∏Å‡∏©‡∏¥‡∏ì ‡πÅ‡∏ï‡πà‡πÄ‡∏£‡∏≤‡πÑ‡∏õ‡∏≠‡πà‡∏≤‡∏ô good monday ‡∏Ç‡∏≠‡∏á‡πÄ‡∏Ñ‡πâ‡∏≤‡∏°‡∏≤ ‡∏û‡∏π‡∏î‡∏ñ‡∏∂‡∏á‡πÄ‡∏£‡∏∑‡πà‡∏≠‡∏á‡∏ù‡∏∏‡πà‡∏ô ‡∏Ñ‡∏∑‡∏≠‡∏û‡∏π‡∏î‡∏ñ‡∏π‡∏Å‡∏à‡∏∏‡∏î ‡∏°‡∏µ ref ‡∏û‡∏£‡πâ‡∏≠‡∏° ‡πÅ‡∏•‡πâ‡∏ß‡∏î‡∏π‡∏•‡∏∏‡∏á‡∏ö‡∏≤‡∏á‡∏Ñ‡∏ô‡∏ï‡∏≠‡∏ö‡∏Ñ‡∏≥‡∏ñ‡∏≤‡∏°‡∏î‡∏¥ ‡πÅ‡∏°‡πà‡∏á‡∏ö‡∏≠‡∏Å ‡πÄ‡∏û‡∏£‡∏≤‡∏∞‡∏™‡∏£‡πâ‡∏≤‡∏á‡∏£‡∏ñ‡πÑ‡∏ü‡∏ü‡πâ‡∏≤ ‡∏ù‡∏∏‡πà‡∏ô‡πÄ‡∏•‡∏¢‡πÄ‡∏¢‡∏≠‡∏∞ ‡∏≠‡∏¥‡∏Ñ‡∏ß‡∏≤‡∏¢ ‡πÄ‡∏°‡∏∑‡πà‡∏≠‡πÑ‡∏£‡πÄ‡∏°‡∏¥‡∏á‡∏à‡∏∞‡∏≠‡∏≠‡∏Å‡∏à‡∏≤‡∏Å‡∏ï‡∏≥‡πÅ‡∏´‡∏ô‡πà‡∏á‡∏ß‡∏∞ ‡πÑ‡∏£‡πâ‡∏™‡∏≤‡∏£‡∏∞ ‡∏´‡∏≤‡∏Ñ‡∏≥‡∏ï‡∏≠‡∏ö ‡∏ß‡∏¥‡∏ò‡∏µ‡πÅ‡∏Å‡πâ‡πÅ‡∏ö‡∏ö‡∏ô‡∏µ‡πâ‡∏î‡∏¥‡∏ß‡∏∞ ‡∏Ç‡∏≠‡πÉ‡∏´‡πâ‡πÅ‡∏°‡πà‡∏á‡∏ä‡∏¥‡∏ö‡∏´‡∏≤‡∏¢ #‡∏õ‡πâ‡∏≠‡∏° https://t.co/QZkcSxDxbH
173,2019-01-18 08:03:08+00:00,@T3Thee @actions34 @aunarisk @KM_2520 @mintraX5 ‡πÄ‡∏£‡∏≤‡∏Ñ‡∏ß‡∏£‡πÄ‡∏≠‡∏≤‡∏≠‡∏¢‡πà‡∏≤‡∏á‡πÄ‡∏Ñ‡πâ‡∏≤‡∏ö‡πâ‡∏≤‡∏á‡∏ô‡∏∞‡∏Ñ‡∏∞ ‡∏≠‡∏ß‡∏¢‡∏ó‡∏∏‡∏Å‡πÄ‡∏£‡∏∑‡πà‡∏≠‡∏á‡∏ö‡πâ‡∏≤‡∏á ‡∏î‡∏µ‡∏ä‡∏±‡πà‡∏ß‡∏ä‡πà‡∏≤‡∏á‡∏°‡∏±‡∏ô‡∏Ñ‡πà‡∏∞ ‡∏ô‡∏µ‡πà‡∏à‡∏∞‡πÄ‡∏õ‡∏•‡∏µ‡πà‡∏¢‡∏ô‡∏ä‡∏∑‡πà‡∏≠‡πÅ‡∏•‡πâ‡∏ß‡∏Ñ‡πà‡∏∞ Green apple love ‡πÄ‡∏ú‡∏î‡πá‡∏à‡∏Å‡∏≤‡∏£ ‡∏•‡∏∏‡∏á‡∏õ‡πâ‡∏≠‡∏°‡∏î‡∏µ‡∏°‡∏≤‡∏Å ‡∏™‡∏∏‡∏î‡∏¢‡∏≠‡∏î‡∏Ñ‡πà‡∏∞
174,2019-01-17 14:09:01+00:00,‡πÄ‡∏≠‡∏≤‡∏à‡∏£‡∏¥‡∏á‡∏ô‡∏∞ ‡πÅ‡∏°‡πâ‡∏ß ‡∏õ‡∏π ‡∏°‡∏≤‡∏£‡πå‡∏Ñ ‡πÄ‡∏ó‡∏û ‡∏•‡∏∏‡∏á‡∏ï‡∏π‡πà ‡∏´‡∏£‡∏∑‡∏≠‡πÉ‡∏Ñ‡∏£‡πÜ‡∏Å‡πá‡∏ï‡∏≤‡∏° ‡πÄ‡∏ß‡∏•‡∏≤‡∏≠‡∏≠‡∏Å‡∏°‡∏≤‡∏û‡∏π‡∏î‡∏≠‡∏∞‡πÑ‡∏£‡∏≠‡∏µ‡∏´‡∏¢‡∏±‡∏á‡∏ß‡∏∞ ‡∏¢‡∏±‡∏á‡∏°‡∏µ‡∏Å‡∏≠‡∏á‡∏≠‡∏ß‡∏¢‡πÄ‡∏Ç‡πâ‡∏≤‡∏Ç‡πâ‡∏≤‡∏á‡∏Ñ‡∏≠‡∏¢‡πÄ‡∏ä‡∏µ‡∏¢‡∏£‡πå‡∏ô‡∏∞ ‡πÅ‡∏ï‡πà‡∏õ‡πâ‡∏≠‡∏°‡∏ô‡∏µ‡πà‡∏î‡∏¥ ‡πÄ‡∏´‡∏°‡∏∑‡∏≠‡∏ô‡πÑ‡∏°‡πà‡∏°‡∏µ‡πÉ‡∏Ñ‡∏£‡∏£‡∏±‡∏Å‡∏≠‡∏∞
175,2019-01-17 03:46:35+00:00,‡∏Ç‡∏ô‡∏≤‡∏î‡πÅ‡∏°‡πà‡πÄ‡∏£‡∏≤‡∏ó‡∏µ‡πà‡∏≠‡∏ß‡∏¢‡∏•‡∏∏‡∏á‡∏ï‡∏π‡πà‡∏°‡∏≤‡∏Å‡∏¢‡∏±‡∏á‡∏ö‡∏≠‡∏Å‡∏ß‡πà‡∏≤‡∏õ‡πâ‡∏≠‡∏°‡πÄ‡∏õ‡πá‡∏ô‡∏à‡∏∏‡∏î‡∏≠‡πà‡∏≠‡∏ô‡∏≠‡∏∞ 55555555555555555555555555555
176,2019-01-11 23:54:20+00:00,@2168oStvoXGkJFb @prayutofficial ‡∏ß‡∏¥‡∏à‡∏≤‡∏£‡∏ì‡πå‡πÅ‡∏•‡∏∞‡∏ï‡∏£‡∏ß‡∏à‡∏™‡∏≠‡∏ö‡∏£‡∏±‡∏ê‡∏ö‡∏≤‡∏• ‡πÄ‡∏õ‡πá‡∏ô‡∏´‡∏ô‡πâ‡∏≤‡∏ó‡∏µ‡πà‡∏ó‡∏µ‡πà‡∏î‡∏µ‡πÅ‡∏•‡πâ‡∏ß‡∏Ç‡∏≠‡∏á‡∏õ‡∏ä‡∏ä‡∏ó‡∏µ‡πà‡∏ï‡πâ‡∏≠‡∏á‡∏Å‡∏≤‡∏£‡∏£‡∏±‡∏Å‡∏©‡∏≤‡∏ú‡∏•‡∏õ‡∏£‡∏∞‡πÇ‡∏¢‡∏ä‡∏ô‡πå‡∏Ç‡∏≠‡∏á‡∏õ‡∏£‡∏∞‡πÄ‡∏ó‡∏® ‡∏ß‡∏±‡∏ô‡πÜ‡πÄ‡∏≠‡∏≤‡πÅ‡∏ï‡πà‡∏≠‡∏ß‡∏¢ ‡πÄ‡∏≠‡∏≤‡πÅ‡∏ï‡πà‡∏°‡∏≠‡∏á‡∏Ç‡πâ‡∏≠‡∏î‡∏µ‡∏Ç‡∏≠‡∏á‡∏•‡∏∏‡∏á‡∏ï‡∏π‡πà ‡πÅ‡∏•‡πâ‡∏ß‡∏õ‡∏£‡∏∞‡πÄ‡∏ó‡∏®‡∏ä‡∏≤‡∏ï‡∏¥‡πÄ‡∏à‡∏£‡∏¥‡∏ç‡πÄ‡∏´‡∏£‡∏≠ ‡∏Ñ‡∏¥‡∏î‡∏ß‡πà‡∏≤‡∏î‡∏µ ‡πÅ‡∏ï‡πà‡πÑ‡∏°‡πà‡πÉ‡∏ä‡πà‡∏Ñ‡∏ß‡∏≤‡∏°‡∏à‡∏£‡∏¥‡∏á ‡∏´‡∏•‡∏≠‡∏Å‡∏ï‡∏±‡∏ß‡πÄ‡∏≠‡∏á‡∏ß‡πà‡∏≤‡πÅ‡∏ö‡∏ö‡∏ô‡∏µ‡πâ‡∏î‡∏µ‡∏Å‡∏ß‡πà‡∏≤‡∏ô‡∏±‡∏Å‡∏Å‡∏≤‡∏£‡πÄ‡∏°‡∏∑‡∏≠‡∏á ‡∏õ‡∏£‡∏∞‡πÄ‡∏ó‡∏®‡∏ä‡∏¥‡∏ö‡∏´‡∏≤‡∏¢‡πÑ‡∏°‡πà‡∏™‡∏ô ‡∏´‡∏≤‡∏Ç‡πà‡∏≤‡∏ß‡∏≠‡πà‡∏≤‡∏ô‡∏ö‡πâ‡∏≤‡∏á ‡∏≠‡∏µ‡∏•‡∏∏‡∏á‡∏ï‡∏π‡πà‡∏Å‡∏∞‡∏•‡∏∏‡∏á‡∏õ‡πâ‡∏≠‡∏°‡πÄ‡∏ô‡∏µ‡πà‡∏¢‡∏ó‡∏≥‡∏ä‡∏´‡πÄ‡∏ó‡πà‡∏≤‡πÑ‡∏£‡πÅ‡∏•‡πâ‡∏ß
177,2018-12-30 09:07:00+00:00,‡∏•‡πà‡∏≤‡∏™‡∏∏‡∏î‡∏Ñ‡∏∑‡∏≠‡∏•‡∏≠‡∏á‡πÑ‡∏õ‡∏î‡∏π‡πÇ‡∏û‡∏™‡πÉ‡∏ô‡πÄ‡∏û‡∏à‡πÄ‡∏´‡∏µ‡πâ‡∏¢‡∏•‡∏∏‡∏á‡∏õ‡πâ‡∏≠‡∏°‡∏õ‡∏£‡∏∞‡∏ß‡∏¥‡∏ï‡∏£‡πÅ‡∏•‡πâ‡∏ß‡∏î‡∏π‡∏Ñ‡∏ô‡∏ó‡∏µ‡πà‡∏°‡∏≤‡∏≠‡∏ß‡∏¢‡∏Å‡πá‡πÄ‡∏Ç‡πâ‡∏≤‡πÑ‡∏õ‡∏™‡πà‡∏≠‡∏á‡∏Ñ‡∏ô‡∏ô‡∏∂‡∏á‡∏ã‡∏∂‡πà‡∏á‡∏î‡∏π‡∏°‡∏µ‡∏ä‡∏µ‡∏ß‡∏¥‡∏ï‡∏à‡∏£‡∏¥‡∏á‡πÜ‡πÑ‡∏°‡πà‡πÉ‡∏ä‡πà‡πÅ‡∏≠‡∏Ñ‡∏õ‡∏•‡∏≠‡∏°‡πÜ ‡πÅ‡∏ö‡∏ö‡∏°‡∏µ‡∏£‡∏π‡∏õ2-shot‡∏Å‡∏±‡∏öbnk ‡πÄ‡∏£‡∏µ‡∏¢‡∏ô‡∏°‡∏´‡∏¥‡∏î‡∏• ‡∏Å‡πá‡πÑ‡∏°‡πà‡∏£‡∏π‡πâ‡πÄ‡∏ä‡∏∑‡πà‡∏≠‡∏ñ‡∏∑‡∏≠‡πÑ‡∏î‡πâ‡πÑ‡∏´‡∏°‡πÅ‡∏ï‡πà‡∏Å‡πá‡∏°‡∏≤‡∏ô‡∏±‡πà‡∏á‡∏Ñ‡∏¥‡∏î‡∏ß‡πà‡∏≤‡∏≠‡∏µ‡πÄ‡∏´‡∏µ‡πâ‡∏¢‡∏°‡∏±‡∏ô‡∏°‡∏µ‡∏Ñ‡∏ô‡∏ó‡∏µ‡πà‡∏™‡∏ô‡∏±‡∏ö‡∏™‡∏ô‡∏∏‡∏ô‡∏à‡∏£‡∏¥‡∏á‡πÜ‡∏≠‡∏¢‡∏π‡πà‡∏î‡πâ‡∏ß‡∏¢‡∏´‡∏ß‡∏∞
178,2018-12-29 10:06:18+00:00,‡∏Ç‡πà‡∏≤‡∏ß springnews ‡∏°‡∏∂‡∏á‡∏≠‡∏¢‡πà‡∏≤‡∏°‡∏±‡πà‡∏ß‡πÄ‡∏Ç‡∏µ‡∏¢‡∏ô ‡πÄ‡∏û‡∏µ‡∏¢‡∏á‡πÄ‡∏û‡∏£‡∏≤‡∏∞‡∏ú‡∏π‡πâ‡∏ö‡∏£‡∏¥‡∏´‡∏≤‡∏£‡∏Ç‡∏≠‡∏á‡∏Ñ‡∏∏‡∏ì ‡∏•‡∏á‡∏™‡∏°‡∏±‡∏Ñ‡∏£‡∏û‡∏£‡∏£‡∏Ñ‡∏û‡∏•‡∏±‡∏á‡∏õ‡∏£‡∏∞‡∏ä‡∏≤‡∏£‡∏±‡∏ê ‡∏Ñ‡∏£‡∏±‡∏ö  ‡∏Ñ‡∏∞‡πÅ‡∏ô‡∏ô‡πÑ‡∏°‡πà‡πÑ‡∏î‡πâ‡∏™‡∏π‡∏™‡∏µ‡πÄ‡∏•‡∏¢‡∏™‡∏±‡∏Å‡∏ô‡∏¥‡∏î ‡∏•‡∏∏‡∏á‡∏ï‡∏π‡πà‡∏Ñ‡∏∞‡πÅ‡∏ô‡∏ô‡∏î‡∏¥‡πà‡∏á‡∏•‡∏á‡πÜ ‡∏¢‡∏¥‡πà‡∏á ‡πÑ‡∏≠‡πâ‡∏õ‡πâ‡∏≠‡∏° ‡∏£‡∏≠‡∏î‡πÄ‡∏£‡∏∑‡πà‡∏≠‡∏á‡∏ô‡∏≤‡∏¨‡∏¥‡∏Å‡∏≤ ‡∏Ñ‡∏ô‡∏ï‡∏≤‡∏¢  ‡∏Ñ‡∏∞‡πÅ‡∏ô‡∏ô‡∏¢‡∏¥‡πà‡∏á‡∏•‡∏á‡πÄ‡∏´‡∏ß  ‡∏£‡∏±‡∏Å‡∏à‡∏∞‡∏≠‡∏ß‡∏¢ ‡∏ä‡πà‡∏ß‡∏¢‡∏≠‡∏ß‡∏¢‡πÉ‡∏´‡πâ‡∏ô‡πà‡∏≤‡πÄ‡∏ä‡∏∑‡πà‡∏≠‡∏ñ‡∏∑‡∏≠‡∏î‡πâ‡∏ß‡∏¢‡∏Ñ‡∏£‡∏±‡∏ö
179,2018-12-21 06:43:35+00:00,"‡∏õ‡∏µ‡πÉ‡∏´‡∏°‡πà ‡∏ô‡∏µ‡πâ‚Äù‡∏•‡∏∏‡∏á‡∏õ‡πâ‡∏≠‡∏°‚Äù ‡πÑ‡∏°‡πà‡πÅ‡∏ß‡πâ‡∏ö ...‡∏ô‡∏∞‡∏Æ‡∏∞

‡πÑ‡∏°‡πà‡πÑ‡∏õ‡πÑ‡∏´‡∏ô ‡πÑ‡∏°‡πà‡πÑ‡∏õ‡∏ï‡πà‡∏≤‡∏á‡∏õ‡∏£‡∏∞‡πÄ‡∏ó‡∏® ‡∏¢‡∏±‡∏ô‡∏≠‡∏¢‡∏π‡πà‡∏î‡∏π‡πÅ‡∏•‡∏™‡∏ñ‡∏≤‡∏ô‡∏Å‡∏≤‡∏£‡∏ì‡πå‡πÉ‡∏´‡πâ ‡∏Ç‡∏≠‡∏õ‡∏£‡∏∞‡∏ä‡∏≤‡∏ä‡∏ô‡πÑ‡∏õ‡πÄ‡∏ó‡∏µ‡πà‡∏¢‡∏ß‡∏≠‡∏¢‡πà‡∏≤‡∏á‡∏°‡∏µ‡∏Ñ‡∏ß‡∏≤‡∏°‡∏™‡∏∏‡∏Ç  ‡πÅ‡∏•‡∏∞ ‡∏Ç‡∏≠‡∏≠‡∏ß‡∏¢‡∏û‡∏£‡πÉ‡∏´‡πâ ‡∏°‡∏µ‡∏Ñ‡∏ß‡∏≤‡∏°‡∏™‡∏∏‡∏Ç‡∏ï‡∏•‡∏≠‡∏î‡∏õ‡∏µ‡πÉ‡∏´‡∏°‡πà ‡πÅ‡∏•‡∏∞‡∏°‡∏µ‡∏™‡∏∏‡∏Ç‡∏†‡∏≤‡∏û‡πÅ‡∏Ç‡πá‡∏á‡πÅ‡∏£‡∏á 

‡∏ù‡∏≤‡∏Å‡∏ö‡πâ‡∏≤‡∏ô ‡πÑ‡∏ß‡πâ‡∏Å‡∏±‡∏ö ‚Äú‡∏•‡∏∏‡∏á‡∏õ‡πâ‡∏≠‡∏°‚Äù ‡∏Å‡πá‡πÑ‡∏î‡πâ‡∏ô‡∏∞! ‡∏≠‡∏¥‡∏≠‡∏¥! https://t.co/frLvzqg7is"
180,2018-11-15 08:42:14+00:00,‡πÄ‡∏°‡∏∑‡πà‡∏≠‡∏•‡∏∏‡∏á‡∏õ‡πâ‡∏≠‡∏°‡∏ü‡∏¥‡∏ß‡∏™‡πå‡∏Ç‡∏≤‡∏î‡∏ä‡∏µ‡πâ‡∏´‡∏ô‡πâ‡∏≤‡∏ó‡πâ‡∏≤‡∏ä‡∏Å‡∏ô‡∏±‡∏Å‡∏Ç‡πà‡∏≤‡∏ß‡∏≠‡∏ß‡∏¢‡∏ó‡∏´‡∏≤‡∏£‡∏™‡∏≤‡∏¢‡∏°‡∏∂‡∏ô‡∏≠‡∏¢‡πà‡∏≤‡∏á‡πÄ‡∏à‡πä‡∏ß‡∏≤‡∏™‡∏ô‡∏≤ ‡πÄ‡∏à‡πä‡πÅ‡∏Å‡∏ñ‡∏≤‡∏°‡∏≠‡∏∞‡πÑ‡∏£‡∏•‡∏∏‡∏á‡∏õ‡πâ‡∏≠‡∏°‡∏ñ‡∏∂‡∏á‡∏ü‡∏¥‡∏ß‡∏™‡πå‡∏Ç‡∏≤‡∏î ü§£ü§£ü§£ https://t.co/upG42YVSke
181,2018-10-29 11:57:22+00:00,@_tkngnit ‡∏ô‡∏µ‡πà‡∏Å‡πá‡∏≠‡∏ß‡∏¢‡πÄ‡∏ß‡πà‡∏≠‡∏£‡πå‡πÑ‡∏õ ‡πÄ‡∏û‡∏•‡∏á‡πÑ‡∏£‡πâ‡∏™‡∏≤‡∏£‡∏∞‡∏ö‡πâ‡∏≤‡πÜ‡∏ö‡∏≠‡πÜ ‡∏ü‡∏±‡∏á‡πÅ‡∏•‡πâ‡∏ß‡∏°‡∏µ‡∏õ‡∏£‡∏∞‡πÇ‡∏¢‡∏ä‡∏ô‡πå‡∏≠‡∏∞‡πÑ‡∏£‡∏Å‡∏±‡∏ö‡∏ä‡∏µ‡∏ß‡∏¥‡∏ï? ‡∏ô‡∏±‡πà‡∏á‡∏î‡∏π‡∏Ç‡πà‡∏≤‡∏ß‡∏•‡∏∏‡∏á‡∏õ‡πâ‡∏≠‡∏°‡∏Ñ‡∏∑‡∏ô‡πÇ‡∏â‡∏ô‡∏î‡∏Ñ‡∏ô‡∏à‡∏ô‡∏à‡∏≤‡∏Å‡πÄ‡∏à‡πâ‡∏≤‡∏´‡∏ô‡∏µ‡∏ô‡∏≠‡∏Å‡∏£‡∏∞‡∏ö‡∏ö‡πÄ‡∏Å‡∏∑‡∏≠‡∏ö3 ‡∏´‡∏°‡∏∑‡πà‡∏ô‡πÑ‡∏£‡πà ‡∏ü‡∏¥‡∏ô‡∏Å‡∏ß‡πà‡∏≤
182,2018-08-28 14:06:32+00:00,"‡∏°‡∏µ‡∏î‡πâ‡∏ß‡∏¢‡πÄ‡∏´‡∏£‡∏≠ ‡∏°‡∏∏‡∏°‡∏°‡∏≠‡∏á‡∏ô‡πà‡∏≤‡∏£‡∏±‡∏Å ‡∏Å‡∏π‡πÄ‡∏´‡πá‡∏ô‡∏°‡∏µ‡πÅ‡∏ï‡πà‡∏°‡∏∏‡∏°‡∏°‡∏≠‡∏á‡∏ô‡πà‡∏≤‡∏ñ‡∏µ‡∏ö
-------
‡πÄ‡∏ü‡∏£‡∏ô‡∏î‡πå‡∏≠‡∏≠‡∏ü‡∏õ‡πâ‡∏≠‡∏°' ‡∏£‡∏∏‡∏Å‡πÇ‡∏ã‡πÄ‡∏ä‡∏µ‡∏¢‡∏•‡∏Ø‡∏ú‡∏∏‡∏î‡πÄ‡∏û‡∏à '‡∏°‡∏∏‡∏°‡∏ô‡πà‡∏≤‡∏£‡∏±‡∏Å‡∏Ç‡∏≠‡∏á‡∏•‡∏∏‡∏á‡∏õ‡πâ‡∏≠‡∏°' ‡∏≠‡∏ß‡∏¢‡πÑ‡∏™‡πâ‡πÅ‡∏ï‡∏Å!
‡∏ú‡∏π‡πâ‡∏™‡∏∑‡πà‡∏≠‡∏Ç‡πà‡∏≤‡∏ß‡∏£‡∏≤‡∏¢‡∏á‡∏≤‡∏ô‡∏ß‡πà‡∏≤‡∏°‡∏µ‡∏Å‡∏≤‡∏£‡πÅ‡∏ä‡∏£‡πå‡∏Ç‡πâ‡∏≠‡∏Ñ‡∏ß‡∏≤‡∏° ‡πÅ‡∏•‡∏∞‡∏•‡∏¥‡∏á‡∏Ñ‡πå‡∏Ç‡∏≠‡∏á‡πÄ‡∏û‡∏à‡∏ó‡∏µ‡πà‡∏ä‡∏∑‡πà‡∏≠‡∏ß‡πà‡∏≤... https://t.co/qiiP3mqjNZ"
183,2018-08-28 07:34:14+00:00,'‡πÄ‡∏ü‡∏£‡∏ô‡∏î‡πå‡∏≠‡∏≠‡∏ü‡∏õ‡πâ‡∏≠‡∏°' ‡∏£‡∏∏‡∏Å‡πÇ‡∏ã‡πÄ‡∏ä‡∏µ‡∏¢‡∏•‡∏Ø‡∏ú‡∏∏‡∏î‡πÄ‡∏û‡∏à '‡∏°‡∏∏‡∏°‡∏ô‡πà‡∏≤‡∏£‡∏±‡∏Å‡∏Ç‡∏≠‡∏á‡∏•‡∏∏‡∏á‡∏õ‡πâ‡∏≠‡∏°' ‡∏≠‡∏ß‡∏¢‡πÑ‡∏™‡πâ‡πÅ‡∏ï‡∏Å! https://t.co/pXiODmXVPk
184,2018-08-11 09:50:14+00:00,"11 ‡∏™.‡∏Ñ. ‡πÄ‡∏õ‡πá‡∏ô‡∏ß‡∏±‡∏ô‡πÄ‡∏Å‡∏¥‡∏î‡∏Ç‡∏≠‡∏á Chris Hemsworth ‡πÅ‡∏•‡∏∞‡∏•‡∏∏‡∏á‡∏õ‡πâ‡∏≠‡∏° ‡πÄ‡∏•‡∏¢‡∏Ç‡∏≠‡∏≠‡∏ß‡∏¢‡∏û‡∏£‡∏ß‡∏±‡∏ô‡πÄ‡∏Å‡∏¥‡∏î‡∏Ñ‡∏£‡∏±‡∏ö

HBD ‡∏Ñ‡∏£‡∏±‡∏ö‡∏Ñ‡∏£‡∏¥‡∏™ ‡∏Ç‡∏≠‡πÉ‡∏´‡πâ‡∏™‡∏∏‡∏Ç‡∏†‡∏≤‡∏û‡πÅ‡∏Ç‡πá‡∏á‡πÅ‡∏£‡∏á ‡πÑ‡∏°‡πà‡∏°‡∏µ‡πÇ‡∏£‡∏Ñ‡∏†‡∏±‡∏¢‡πÄ‡∏ö‡∏µ‡∏¢‡∏î‡πÄ‡∏ö‡∏µ‡∏¢‡∏ô
HBD ‡∏Ñ‡∏£‡∏±‡∏ö‡∏•‡∏∏‡∏á‡∏õ‡πâ‡∏≠‡∏° ‡∏Ç‡∏≠‡πÉ‡∏´‡πâ‡∏™‡∏∏‡∏Ç‡∏†‡∏≤‡∏û‡πÅ‡∏Ç‡πá‡∏á ‡πÅ‡∏£‡∏á‡πÑ‡∏°‡πà‡∏°‡∏µ ‡πÇ‡∏£‡∏Ñ‡∏†‡∏±‡∏¢‡πÄ‡∏ö‡∏µ‡∏¢‡∏î‡πÄ‡∏ö‡∏µ‡∏¢‡∏ô https://t.co/fLdsDVCfMq"
185,2018-08-05 03:04:40+00:00,"‡πÇ‡∏ú‡∏ó‡∏´‡∏≤‡∏£ ‡∏â‡∏ö‡∏±‡∏ö‡∏•‡∏∏‡∏á‡∏õ‡πâ‡∏≠‡∏°-‡∏ï‡∏π‡πà ....

‚Äò‡∏ö‡∏¥‡πä‡∏Å‡∏ï‡∏π‡πà‚Äô‡∏û‡∏•.‡∏≠.‡∏õ‡∏£‡∏∞‡∏¢‡∏∏‡∏ó‡∏ò‡πå ‡∏ô‡∏≤‡∏¢‡∏Å‡∏Ø ‡πÇ‡∏ß‡∏¢‡∏™‡∏∑‡πà‡∏≠‡πÄ‡∏Ç‡∏µ‡∏¢‡∏ô‡∏Ç‡πà‡∏≤‡∏ß ‚Äò‡πÇ‡∏ú‡πÇ‡∏¢‡∏Å‡∏¢‡πâ‡∏≤‡∏¢‡∏ô‡∏≤‡∏¢‡∏ó‡∏´‡∏≤‡∏£‚Äô ‡∏ä‡∏µ‡πâ‡πÄ‡∏õ‡πá‡∏ô‡∏´‡∏ô‡πâ‡∏≤‡∏ó‡∏µ‡πà ‡∏Å.‡∏Å‡∏•‡∏≤‡πÇ‡∏´‡∏° - ‡∏ô‡∏≤‡∏¢‡∏Å‡∏Ø ‡∏´‡∏•‡∏±‡∏á‡∏≠‡∏ß‡∏¢‡∏û‡∏£ ‡∏ô‡∏≤‡∏¢‡∏ó‡∏´‡∏≤‡∏£ ‡∏ó‡∏ö. ‡πÉ‡∏´‡πâ‡∏°‡∏µ‡∏Ñ‡∏ß‡∏≤‡∏°‡∏™‡∏∏‡∏Ç ‡∏õ‡∏£‡∏∞‡∏™‡∏ö‡∏Ñ‡∏ß‡∏≤‡∏°‡∏™‡∏≥‡πÄ‡∏£‡πá‡∏à ‡∏á‡∏≤‡∏ô‡∏ß‡∏±‡∏ô‡∏û‡∏£‡∏∞‡∏£‡∏≤‡∏ä‡∏ó‡∏≤‡∏ô‡∏Å‡∏≥‡πÄ‡∏ô‡∏¥‡∏î ‡∏£.‡∏£.‡∏ô‡∏≤‡∏¢‡∏£‡πâ‡∏≠‡∏¢ ‡∏à‡∏õ‡∏£. ‡∏Ñ‡∏£‡∏ö‡∏£‡∏≠‡∏ö 131 ‡∏õ‡∏µ ‡∏à.‡∏ô‡∏Ñ‡∏£‡∏ô‡∏≤‡∏¢‡∏Å https://t.co/M9RF0AsBBZ"
186,2018-07-29 15:49:13+00:00,"‡∏ï‡∏Å‡∏≠‡∏Å...‡∏ï‡∏Å‡πÉ‡∏à !!!...
‡∏°‡∏µ‡∏Ñ‡∏ô‡∏ö‡∏≠‡∏Å‡∏ß‡πà‡∏≤ ""‡πÅ‡∏´‡∏°‡∏°‡∏°‡∏°‡∏°‡∏° ‡∏•‡∏∏‡∏á‡∏õ‡πâ‡∏≠‡∏° ‡∏°‡∏µ‡πÅ‡∏ï‡πà‡∏Ñ‡∏ô‡∏≠‡∏ß‡∏¢‡∏û‡∏£"" ‡∏ä‡πà‡∏ß‡∏¢‡∏Å‡∏±‡∏ô‡πÑ‡∏õ‡∏≠‡∏ß‡∏¢‡∏û‡∏£‡πÄ‡∏û‡∏¥‡πà‡∏°‡∏î‡πâ‡∏ß‡∏¢‡∏Ñ‡∏£‡∏±‡∏ö 
https://t.co/rodmrl7T1X https://t.co/bwk2SFPp2k"
187,2018-06-14 06:03:35+00:00,‡πÄ‡∏´‡∏°‡∏∑‡∏≠‡∏ô‡∏û‡∏ß‡∏Å‡∏≠‡∏ß‡∏¢‡∏•‡∏∏‡∏á‡∏ï‡∏π‡πà ‡∏•‡∏∏‡∏á‡∏õ‡πâ‡∏≠‡∏° ‡∏ä‡∏¥‡∏°‡∏¥ https://t.co/WuTWL5uCg1
188,2018-04-01 02:52:49+00:00,"‡∏£‡∏±‡∏Å‡∏•‡∏∏‡∏á‡∏ï‡∏π‡πà‡∏™‡∏∏‡∏î‡∏´‡∏±‡∏ß‡πÉ‡∏à
‡πÄ‡∏õ‡πá‡∏ô‡πÑ‡∏õ‡πÑ‡∏î‡πâ‡∏Ç‡∏≠‡πÉ‡∏´‡πâ‡∏≠‡∏¢‡∏π‡πà‡∏ô‡∏≤‡∏ô‡πÜ
‡πÄ‡∏®‡∏£‡∏©‡∏ê‡∏Å‡∏¥‡∏à‡∏ä‡πà‡∏≤‡∏á‡∏ä‡∏∑‡πà‡∏ô‡∏ö‡∏≤‡∏ô
‡∏à‡∏∏‡πä‡∏ö‡∏´‡∏±‡∏ß‡∏•‡πâ‡∏≤‡∏ô‡∏ö‡∏¥‡πä‡∏Å‡∏õ‡πâ‡∏≠‡∏°‡πÅ‡∏•‡πâ‡∏ß‡∏≠‡∏ß‡∏¢‡∏û‡∏£‡πÉ‡∏´‡πâ‡πÇ‡∏ä‡∏Ñ‡πÄ‡∏î!
#AprilFoolsDay"
189,2018-03-31 14:54:48+00:00,‡∏≠‡∏ß‡∏¢‡∏•‡∏∏‡∏á‡∏õ‡πâ‡∏≠‡∏°‡∏Ñ‡∏á‡∏≠‡∏¢‡∏≤‡∏Å‡πÉ‡∏´‡πâ‡∏•‡∏∏‡∏á‡∏õ‡∏≠‡∏°‡∏û‡∏≤‡πÄ‡∏ó‡∏µ‡πà‡∏¢‡∏ß ‡∏Æ‡∏≤‡∏ß‡∏≤‡∏¢‡∏ö‡πâ‡∏≤‡∏á‡∏°‡∏±‡πâ‡∏á ‡∏•‡∏∏‡∏á‡πÅ‡∏Å‡∏ö‡∏≠‡∏Å‡πÇ‡∏™‡∏î‡πÄ‡∏•‡∏¢‡∏≠‡∏¢‡∏≤‡∏Å‡∏´‡∏ß‡∏±‡∏á‡πÑ‡∏õ‡πÄ‡∏õ‡πá‡∏ô‡πÄ‡∏î‡πá‡∏Å‡∏•‡∏∏‡∏á‡∏õ‡πâ‡∏≠‡∏°‡∏ö‡πâ‡∏≤‡∏á https://t.co/1Vlf0k5HFJ
190,2018-02-26 14:05:51+00:00,‡∏Ç‡∏≥ ‡∏ó‡∏≥‡∏™‡∏á‡∏Ñ‡∏£‡∏≤‡∏°‡πÑ‡∏ã‡πÄ‡∏ö‡∏≠‡∏£‡πå ‡∏î‡πâ‡∏ß‡∏¢‡∏Å‡∏≤‡∏£ ‡∏™‡∏£‡πâ‡∏≤‡∏á‡πÄ‡∏ß‡πá‡∏ö‡πÑ‡∏ã‡∏ï‡πå‡∏Ç‡∏∂‡πâ‡∏ô‡∏°‡∏≤‡∏≠‡∏ß‡∏¢‡∏•‡∏∏‡∏á‡∏õ‡πâ‡∏≠‡∏° + ‡∏õ‡∏±‡πà‡∏ô‡∏¢‡∏≠‡∏î‡πÇ‡∏´‡∏ß‡∏ï‡πÄ‡∏ä‡∏µ‡∏¢‡∏£‡πå‡∏•‡∏∏‡∏á‡∏õ‡πâ‡∏≠‡∏°  ‡πÑ‡∏£‡∏á‡∏µ‡πâ https://t.co/Fm70VP2Wyt
191,2018-01-15 15:45:30+00:00,‡∏≠‡∏µ‡∏´‡πà‡∏≤‡∏≤ ‡∏Ñ‡∏ß‡∏≤‡∏¢‡πÅ‡∏î‡∏á‡∏Ñ‡∏ß‡∏≤‡∏¢‡∏™‡∏•‡∏¥‡πà‡∏°‡∏¢‡∏±‡∏á‡∏≠‡∏ß‡∏¢‡∏ô‡∏≤‡∏¨‡∏¥‡∏Å‡∏≤‡∏•‡∏∏‡∏á‡∏õ‡πâ‡∏≠‡∏°‡∏≠‡∏¢‡∏∏‡πà‡πÄ‡∏´‡∏•‡∏¢
192,2017-12-28 02:58:50+00:00,"""‡∏õ‡πã‡∏≤‡πÄ‡∏õ‡∏£‡∏°"" ‡πÄ‡∏ï‡∏∑‡∏≠‡∏ô ""‡∏ö‡∏¥‡πä‡∏Å‡∏ï‡∏π‡πà"" ‡∏Å‡∏≠‡∏á‡∏´‡∏ô‡∏∏‡∏ô ‡∏Å‡∏≥‡∏•‡∏±‡∏á‡∏à‡∏∞‡∏´‡∏°‡∏î 

‡∏ö‡∏¥‡πä‡∏Å‡∏ï‡∏π‡πà ‡∏ö‡∏¥‡πä‡∏Å‡∏õ‡πâ‡∏≠‡∏° ‡∏ö‡∏¥‡πä‡∏Å‡∏õ‡πä‡∏≠‡∏Å ‡∏ô‡∏≥ ‡∏Ñ‡∏£‡∏°. ‡∏ú‡∏ö.‡πÄ‡∏´‡∏•‡πà‡∏≤‡∏ó‡∏±‡∏û ‡∏≠‡∏ß‡∏¢‡∏û‡∏£‡∏õ‡∏µ‡πÉ‡∏´‡∏°‡πà  ‡∏û‡∏•‡πÄ‡∏≠‡∏Å‡πÄ‡∏õ‡∏£‡∏° ...

‡∏õ‡πã‡∏≤ ‡πÄ‡∏ï‡∏∑‡∏≠‡∏ô""‡∏ô‡∏≤‡∏¢‡∏Å‡∏Ø‡∏•‡∏∏‡∏á‡∏ï‡∏π‡πà""‡∏Å‡∏≠‡∏á‡∏´‡∏ô‡∏∏‡∏ô‡∏Å‡∏≥‡∏•‡∏±‡∏á‡∏à‡∏∞‡∏´‡∏°‡∏î ‡πÅ‡∏ï‡πà‡∏Ç‡∏≠‡πÉ‡∏´‡πâ‡∏î‡∏≥‡∏£‡∏á‡∏Ñ‡∏ß‡∏≤‡∏°‡∏°‡∏∏‡πà‡∏á‡∏´‡∏°‡∏≤‡∏¢ ‡πÉ‡∏ô‡∏Å‡∏≤‡∏£‡∏ó‡∏≥‡πÄ‡∏û‡∏∑‡πà‡∏≠‡∏ä‡∏≤‡∏ï‡∏¥‡∏ö‡πâ‡∏≤‡∏ô‡πÄ‡∏°‡∏∑‡∏≠‡∏á  ‡πÅ‡∏•‡∏∞‡∏™‡∏£‡πâ‡∏≤‡∏á‡∏Ñ‡∏ß‡∏≤‡∏°‡∏™‡∏∏‡∏Ç‡πÉ‡∏´‡πâ‡∏õ‡∏£‡∏∞‡∏ä‡∏≤‡∏ä‡∏ô ‡∏ï‡∏≤‡∏°‡∏ó‡∏µ‡πà‡πÑ‡∏î‡πâ‡∏õ‡∏£‡∏∞‡∏Å‡∏≤‡∏®‡πÑ‡∏ß‡πâ ‡πÄ‡∏î‡∏µ‡πâ‡∏¢‡∏ß‡∏Å‡∏≠‡∏á‡∏´‡∏ô‡∏∏‡∏ô‡∏Å‡πá‡∏°‡∏≤‡πÄ‡∏≠‡∏á https://t.co/P0tPSdJYdG"
193,2017-12-20 13:47:31+00:00,@YingNuiC9 ‡∏≠‡∏ß‡∏¢‡∏•‡∏∏‡∏á‡∏õ‡πâ‡∏≠‡∏°‡∏´‡∏ô‡πà‡∏≠‡∏¢ ‡πÄ‡∏ú‡∏∑‡πà‡∏≠‡∏à‡∏∞‡πÉ‡∏à‡∏î‡∏µ‡πÅ‡∏à‡∏Å‡∏ô‡∏≤‡∏¨‡∏¥‡∏Å‡∏≤‡πÄ‡∏´‡∏•‡∏∑‡∏≠‡πÉ‡∏ä‡πâ‡∏ö‡πâ‡∏≤‡∏á‡πÑ‡∏£‡∏ö‡πâ‡∏≤‡∏á
194,2017-12-20 01:58:53+00:00,@botza69 ‡∏à‡∏∞‡∏≠‡∏ß‡∏¢‡πÄ‡∏Å‡∏¥‡∏ô‡πÑ‡∏õ‡πÅ‡∏•‡πâ‡∏ß ‡∏≠‡∏¢‡πà‡∏≤‡∏•‡∏∑‡∏°‡∏ö‡∏¥‡πä‡∏Å‡∏õ‡πâ‡∏≠‡∏° ‡πÅ‡∏•‡∏∞‡∏•‡∏∏‡∏á‡∏°‡∏µ‡∏ä‡∏±‡∏¢‡∏ô‡∏∞‡∏Ñ‡∏£‡∏±‡∏ö
195,2017-07-13 02:50:43+00:00,"‡∏ï‡∏¥‡∏î‡∏ï‡∏≤‡∏°‡∏•‡∏∏‡∏á‡πÑ‡∏û‡∏®‡∏≤‡∏• ‡πÅ‡∏ö‡∏ö‡πÅ‡∏ü‡∏ô‡∏û‡∏±‡∏ô‡∏ò‡πå‡πÅ‡∏ó‡πâ‡πÑ‡∏õ‡πÅ‡∏•‡πâ‡∏ß üò±

‡∏ó‡∏≥‡πÑ‡∏°‡πä ‡∏•‡∏∏‡∏á‡πÅ‡∏Å ‡∏≠‡∏ß‡∏¢ aiib ‡∏ô‡∏±‡∏Å‡∏´‡∏ô‡∏≤ 
‡∏¢‡πâ‡∏≥‡πÜ ‡∏î‡πâ‡∏ß‡∏¢‡∏ß‡πà‡∏≤ aiib ‡∏Ç‡∏≠‡∏ö‡∏Ñ‡∏∏‡∏ì‡∏•‡∏∏‡∏á‡∏õ‡πâ‡∏≠‡∏° ‡∏ó‡∏µ‡πà‡∏ï‡πâ‡∏≠‡∏ô‡∏£‡∏±‡∏ö‡∏≠‡∏¢‡πà‡∏≤‡∏á‡∏î‡∏µ #‡∏à‡πâ‡∏≤ ‡πÑ‡∏î‡πâ‡∏¢‡∏¥‡∏ô‡∏Å‡∏±‡∏ô‡∏ó‡∏±‡πà‡∏ß‡πÅ‡∏•‡πâ‡∏ß"
196,2017-05-22 14:11:06+00:00,"‡∏•‡∏∏‡∏á‡∏õ‡πâ‡∏≠‡∏°‡πÄ‡∏Ç‡πâ‡∏≤‡πÇ‡∏£‡∏á‡∏û‡∏¢‡∏≤‡∏ö‡∏≤‡∏•‡∏ú‡πà‡∏≤‡∏ï‡∏±‡∏î‡∏≠‡∏≤‡∏Å‡∏≤‡∏£‡πÄ‡∏™‡πâ‡∏ô‡πÄ‡∏•‡∏∑‡∏≠‡∏î‡∏´‡∏±‡∏ß‡πÉ‡∏à‡∏ï‡∏µ‡∏ö ‡∏û‡∏µ‡πà‡∏ô‡πâ‡∏≠‡∏á‡∏ä‡∏≤‡∏ß‡πÑ‡∏ó‡∏¢‡∏ä‡πà‡∏ß‡∏¢‡∏Å‡∏±‡∏ô‡∏≠‡∏ß‡∏¢‡∏û‡∏£‡πÉ‡∏´‡πâ‡∏•‡∏∏‡∏á‡∏õ‡πâ‡∏≠‡∏°‡∏´‡∏≤‡∏¢‡πÑ‡∏ß‡πÜ
‡∏Ç‡πà‡∏≤‡∏ß: https://t.co/wQQP4FWMGZ cr:‡∏Ñ‡∏ô‡∏î‡∏µ‡∏ï‡πâ‡∏≠‡∏á‡∏°‡∏µ‡∏ó‡∏µ‡πà‡∏¢‡∏∑‡∏ô https://t.co/DNNbhHiMNd"
197,2017-03-21 00:12:26+00:00,"‡∏≠‡∏£‡∏∏‡∏ì‡∏™‡∏ß‡∏±‡∏™‡∏î‡∏¥‡πå ‡∏≠‡∏†‡∏¥‡∏°‡∏´‡∏≤‡∏ó‡∏ß‡∏¥‡∏ô‡∏ä‡∏ô‡∏Ñ‡∏ô‡∏Å‡∏±‡∏ô‡πÄ‡∏≠‡∏á‡∏ó‡∏∏‡∏Å‡πÜ‡∏ó‡πà‡∏≤‡∏ô
‡∏Å‡∏≤‡∏£‡∏≠‡∏¢‡∏π‡πà‡πÉ‡∏´‡πâ‡πÄ‡∏õ‡πá‡∏ô‡πÉ‡∏ô‡∏Å‡∏∞‡∏•‡∏≤‡πÅ‡∏•‡∏ô‡∏î‡πå‡∏Ö‡∏≠‡πÅ‡∏´‡∏•‡∏ô‡∏µ‡πâ ‡∏ï‡πâ‡∏≠‡∏á‡∏≠‡∏ß‡∏¢‡∏•‡∏∏‡∏á‡∏ï‡∏π‡πà‡∏ï‡∏≤‡∏°‡πÉ‡∏à‡∏•‡∏∏‡∏∏‡∏á‡∏õ‡πâ‡∏≠‡∏°‡πÅ‡∏•‡πâ‡∏ß‡∏à‡∏∞‡∏™‡∏ö‡∏≤‡∏¢‡πÄ‡∏õ‡πá‡∏ô‡∏Ñ‡∏ô‡∏î‡∏µ‡∏®‡∏£‡∏µ‡∏Å‡∏∞‡∏•‡∏≤."
198,2016-12-29 03:39:26+00:00,"‡πÄ‡∏û‡∏∑‡∏µ‡πà‡∏≠‡∏ô‡∏û‡πâ‡∏≠‡∏á‡∏ô‡πâ‡∏≠‡∏á‡∏û‡∏µ‡πà
‡∏™‡∏≤‡∏°‡∏±‡∏Ñ‡∏Ñ‡∏µ‡∏û‡∏£‡πâ‡∏≠‡∏°‡πÉ‡∏à
‡∏≠‡∏ß‡∏¢‡∏û‡∏£‡∏õ‡∏µ‡πÉ‡∏´‡∏°‡πà‡∏•‡∏∏‡∏á‡∏õ‡∏±‡∏≠‡∏°
‡∏•‡∏∏‡∏á‡∏õ‡πâ‡∏≠‡∏°‡∏ö‡∏≠‡∏Å‡∏Ç‡∏≠‡∏ö‡∏Ñ‡∏∏‡∏ì‡∏ó‡∏∏‡∏Å‡∏Ñ‡∏ô
‡∏Ç‡∏≠‡πÉ‡∏´‡πâ‡∏£‡πà‡∏ß‡∏°‡πÉ‡∏à‡∏£‡∏±‡∏ö‡πÉ‡∏ä‡πâ‡∏ä‡∏≤‡∏ï‡∏¥
‡∏£‡∏±‡∏ö‡πÉ‡∏ä‡πâ‡∏õ‡∏£‡∏∞‡∏ä‡∏≤‡∏ä‡∏ô... https://t.co/inrjC9WCyY"
199,2016-10-20 06:18:40+00:00,"‡∏≠‡∏¥‡∏•‡∏∏‡∏á‡πÑ‡∏û‡∏®‡∏≤‡∏•‡∏¢‡∏±‡∏á‡πÄ‡∏•‡πà‡∏ô‡∏≠‡∏¢‡∏π‡πà ‡πÄ‡∏£‡∏∑‡πà‡∏≠‡∏á‡∏à‡∏∏‡∏î‡πÑ‡∏°‡πà‡∏ï‡∏¥‡∏î ‡∏Ñ‡∏≤‡∏£‡πå‡∏ö‡∏≠‡∏°‡∏ö‡πå ‡∏ó‡∏µ‡πà‡∏õ‡∏π‡∏î‡∏Å‡∏±‡∏ô‡πÄ‡∏≠‡∏á‡πÄ‡∏á‡∏µ‡∏¢‡∏ö‡∏Å‡∏±‡∏ô‡πÄ‡∏≠‡∏á‡πÅ‡∏•‡πâ‡∏ß‡∏ö‡∏≠‡∏Å‡πÄ‡∏ô‡∏µ‡πà‡∏¢‡∏ú‡∏•‡∏á‡∏≤‡∏ô‡∏Ñ‡∏ß‡∏≤‡∏°‡πÄ‡∏´‡∏ô‡∏∑‡πà‡∏≠‡∏¢‡∏Ç‡∏≠‡∏á ‡∏•‡∏∏‡∏á‡∏õ‡πâ‡∏≠‡∏° 

#‡∏Ñ‡∏∑‡∏≠‡∏Å‡∏•‡∏ö‡∏≠‡∏≤‡∏¢+‡∏≠‡∏ß‡∏¢‡∏•‡∏∑‡∏°‡∏Æ‡∏≤‡∏ß‡∏≤‡∏¢"
200,2016-01-25 11:38:05+00:00,‡∏≠‡πâ‡∏≤‡∏ß ‡∏ô‡∏±‡∏Å‡∏Ç‡πà‡∏≤‡∏ß‡πÄ‡∏õ‡πá‡∏ô‡∏Ñ‡∏ô‡∏ñ‡∏≤‡∏° ‡∏ö‡∏¥‡πä‡∏Å‡∏õ‡πâ‡∏≠‡∏° ‡πÄ‡∏£‡∏∑‡πà‡∏≠‡∏á‡∏ö‡∏£‡∏¥‡∏´‡∏≤‡∏£ ‡∏à‡∏∂‡∏á‡∏ï‡∏≠‡∏ö‡∏ß‡πà‡∏≤ ‡∏•‡∏∏‡∏á‡∏ô‡∏≤‡∏¢‡∏Å‡∏Ø‡∏Å‡πá‡∏ó‡∏≥‡πÑ‡∏î‡πâ‡∏î‡∏µ‡πÅ‡∏•‡πâ‡∏ß ‡∏ö‡πâ‡∏≤‡∏ô‡πÄ‡∏°‡∏∑‡∏≠‡∏á‡∏™‡∏á‡∏ö ‡∏ï‡∏ä.‡πÄ‡∏Ç‡πâ‡∏≤‡πÉ‡∏à ‡πÅ‡∏•‡πâ‡∏ß‡∏ó‡∏≥‡πÑ‡∏°‡∏™‡∏∑‡πà‡∏≠‡∏ï‡∏±‡∏ß‡πÄ‡∏î‡∏¥‡∏° ‡πÉ‡∏ä‡πâ‡∏Ñ‡∏≥‡∏ß‡πà‡∏≤ ‡∏≠‡∏ß‡∏¢‡∏Å‡∏±‡∏ô‡πÄ‡∏≠‡∏á
201,2015-08-10 00:35:38+00:00,‡πÄ‡∏û‡∏∑‡πà‡∏≠‡∏ô‡∏û‡πâ‡∏≠‡∏á‡∏ô‡πâ‡∏≠‡∏á‡∏û‡∏µ‡πà‡∏ó‡∏±‡πâ‡∏á‡πÉ‡∏ô-‡∏ô‡∏≠‡∏Å‡∏Å‡∏≠‡∏á‡∏ó‡∏±‡∏û ‡∏≠‡∏ß‡∏¢‡∏û‡∏£‡∏ß‡∏±‡∏ô‡πÄ‡∏Å‡∏¥‡∏î‡∏£‡∏≠‡∏á‡∏ô‡∏≤‡∏¢‡∏Å‡∏•‡∏∏‡∏á‡∏õ‡πâ‡∏≠‡∏°‡πÄ‡∏ä‡πâ‡∏≤‡∏ô‡∏µ‡πâ
202,2015-01-15 06:52:47+00:00,@aorwiki ‡∏ô‡πâ‡∏≠‡∏á‡∏ï‡∏±‡πä‡∏ô ‡πÄ‡∏Ñ‡∏¢‡πÄ‡∏•‡πà‡∏≤‡∏ô‡∏¥‡∏ó‡∏≤‡∏ô‡∏ö‡∏ô‡πÄ‡∏ß‡∏ó‡∏µ‡∏ß‡πà‡∏≤ ‡∏≠‡∏ß‡∏¢‡∏û‡∏£‡∏ß‡∏±‡∏ô‡πÄ‡∏Å‡∏¥‡∏î ‡∏•‡∏∏‡∏á‡∏õ‡πâ‡∏≠‡∏° ‡∏¢‡∏±‡∏á‡πÑ‡∏á / ‡πÄ‡∏Ñ‡πâ‡∏≤‡∏ã‡∏µ‡πâ‡∏Å‡∏±‡∏ô‡∏ï‡∏±‡πâ‡∏á‡πÅ‡∏ï‡πà‡∏û‡πà‡∏≠‡∏¢‡∏±‡∏ô‡∏•‡∏π‡∏Å‡∏Ñ‡πà‡∏∞
