text,label
สิ่งที่รักที่สุด ไม่จำเป็นต้องอยู่กับคนที่รักมากที่สุด เเต่บางที่สิ่งที่รักมากที่สุด ต้องอยู่กับคนที่รักษาดีที่สุด,0
น่ารักมากเลย ทั้งคุณอาและคุณหลานทั้งสองจ้า,0
วันนี้อาจารย์ทุกท่านออกมาให้ความรู้ได้อย่างยอดเยี่ยมมาก ขอบคุณอาจารย์ทุกท่าน พี่หนุ่มและทีมงานทุกท่านค่ะ เป็น EP ที่มีคุณภาพมากค่ะ,0
เวลามีเหตุการณ์ใหญ่ ก็พูดแบบนี้ตลอด ไม่ต้องกังวล ไม่ต้องแตกตื่น ประเทศไทยไม่เคยกลัวอะไรครับ รอให้มันเป็นเรื่องใหญ่ก่อน ค่อยออกมาขอโทษทีหลัง,0
ขอบคุณรายการ พี่หนุ่ม และทุกท่านที่อยู่ในรายการนี้นะคะ ที่นำเสนอสิ่งดี ๆ เพื่อเป็นความรู้ให้ปชช.ได้รับชมกันค่ะ,0
ร้ายแรงขนาดนี้นายกไม่สนใจอะไรเลย โบ๊ยไปให้คนอื่นอย่างเดียวเลย ถ้าเกิดท่านหรือครอบครัวท่านได้รับผลกระทบจากเรื่องนี้จะรู้สึกยังไง พฤติกรรมแบบนี้หวังว่าจะไม่มีคนไทยคนไหนโง่เลือกมันอีกนะ,1
อย่างน้อยประชาชนก็สบายใจขึ้นมาได้หน่อย ประชาชนที่ไม่เกี่ยวข้อง ก็ปลอดภัย แต่คนที่กระทำผิดไปจับเอามันออกมารู้ทั้งรู้เอามาขาย ทั้งตัวคุณและครอบครัวคุณ รับเวรรับกรรมไปเถอะกับคนที่ทำ,0
ขอบคุณอาจารย์ทุกๆท่านครับ วันนี้นักเรียนเเละชาวบ้านทุกๆคนที่ดูรายการโหนกระเเส ได้ความรู้มากๆเลยครับ,0
ประเด็นที่ประชาชนสนใจมาก และหวาดกลัวคือ หน่วยงานใหญ่ๆที่เกี่ยวข้องไม่ค่อยมีแอคชั่นอะไรกับเรื่องนี้เท่าไหร่ตั้งแต่แรก พอมีข่าวมีประเด็นก็ให้ความมั่นใจประชาชนไม่ได้ ว่าประชาชนควรปฏิบัติอย่างไร เพราะอย่าลืมมันคือสารพิษอันตรายต่อชีวิตนะครับ,0
นักแสดงหน้าใหม่งั้นๆๆๆละหล่อสวยกะงั้นๆๆๆละเฉยๆๆๆ,0
ทำไมคนที่อยู่รอบข้างพี่เบียร์เก่งกันมากเลย พี่ซิมดูดีขึ้นแบบบอกไม่ถูก,0
ดูแล้วไม่เบื่อเลยสองคนนี้ ยิ้มไม่หยุดดด,0
ขนาดเป็นผู้หญิงด้วยกัน ยังละลายเลย น่ารักมากก สาวไทยแบบเราสู้ไม่ได้แล้ว,0
ขอบคุณน้องซิมที่ดู แลเค้าดีมากๆ ครับ ตัวแทนคนไทยเลย ดูแลดีแบบนี้เค้าประทับใจ ประเทศเราแน่นอน เหมือนเป็นตัวแทนหมู่บ้าน ฮ่าๆ,0
หมานุษย์ มักหาเหตุผล ว่าเราคือฝ่ายธรรมมะ และรุมประชาฑัณ คนที่คิดต่าง ไม่ต่าง กับ คุณเทือก บักกี้ หรือใครต่อใครที่มันเล่นกีฬาสี,1
แมวเป็นสัตว์ที่อยากรู้อยากเห็น ทุกอย่างที่คาบได้เอาเข้าบ้านหมด กระต่าย หนู นก และไข่นก แมวทึ่บ้านไม่ขึ้นโต๊ะทานข้าวและโต๊ะทำอาหาร แต่เรื่องเอาสัตว์อื่นเข้าบ้านห้ามไม่ได้ คนเลี้ยงจะรู้ว่าแมวตัวเองเป็นอย่างไร เป็นกำลังใจให้ทุกฝ่ายค่ะ,0
กัมพูชาผ่านอะไรมาเยอะจริงๆ สงสารเราก็สงสารแต่ความผิดมันก็คือความผิด มันคนละเรื่องกัน ปล.อยากรู้ว่ากัมพูชาเขาไม่มีลิขสิทธิ์หรืออะไรประมาณนั้นกันเลยเหรอ นี่ขนาดระดับรัฐบาลยังเป็นซะขนาดนี้ วานผู้รู้มาตอบที นี่อยากรู้เผือกมากๆ,1
กุนขะมวยหัวควย,1
ลอะเทอะจัดไปเคลมว่าเขาเป็นคนประเทศตัวเอง และพอเขาปฏิเสธก็ไปโกรธเขาอีก งงจัดๆ,0
นิสัยแบบนี้ทั้งชาติเลยเหรอ ทำไมไม่มีชาวกัมพูชาที่มีความคิดเหลือในชาติเลยซักคนหรือไง,0
ก้อยเป็นผู้หญิงที่ไม่งี่เง่าเลยนะ เข้าใจนิกกี้ด้วยซ้ำว่าเป็นงาน ทำงานกับผู้หญิงบ่อย แต่เรื่องการถึงเนื้อถึงตัวนุ่นเราว่ามันเกินไปจริงๆอะ ทั้งหอมหัว หอมตัว จับนั้นจับนี้จนเราอึดอัด ในขณะที่ก้อยก็ทำงานกับผู้ชายเยอะเหมือนกัน แต่ไม่มีกรณีแบบนิกกี้เลย,0
ทีมรอดูผลค่ะ เผื่อเป็นหมา แต่ก้อยหาผช.ได้ดีกว่านี้นะ ไม่ได้เชียร์ให้เลิกเลยนะ แต่ก้อย เธอมีความสามารถที่จะหาผช.ที่ดีกว่านี้จริงๆ อย่ายึดติดกับแค่ว่าเค้าดีอย่างนั้นอย่างนี้ ไอ่ที่เค้าไม่ดีก็มีค่ะ มันหักล้างไม่ได้ค่ะ แต่ไม่ได้เชียร์ให้เลิกเลยจริงๆ เคารพการตัดสินใจของก้อยค่ะ,0
พูดยากมันเป็นเรื่องภายใน พวกเราคนนอก อาจมีหลายอย่างที่เราไม่รู้ มันอาจจะไม่แย่กว่าที่เราคิด หรือ โครตแย่กว่าที่เราคิดเราก็ไม่รู้ แต่ในมุมที่นิ๊กกี้แสดงให้ คนดูเห็นมันก็ไม่แปลกเลย ที่ทำให้คนคิดไปทางนัน ส่วนนั้นนิ๊กกี้ก็ต้องยอมรับคำวิจารณ์ การวิจารณ์ก็ควรอยู่ในขอบเขต เชนกัน ไม่ว่าเรื่องมันจะเป็นยังไง มันก็เรื่อวคนสองคนอยู่ดี ชาวเน็ตแบบเรา รอดูผลสรุปดีกว่า ถ้าเชียก้อยไม่ว่าก้อยจะติดสินใจยังไงก็ให้กำลังใจเขา ถ้าเชียนิกกี้ ก็ให้กำลังใจเขา ถ้ารักทั้งคู่ก็ให้กำลังใจทั้งคู่,1
พูดยากมันเป็นเรื่องภายใน พวกเราคนนอก อาจมีหลายอย่างที่เราไม่รู้ มันอาจจะไม่แย่กว่าที่เราคิด หรือ โครตแย่กว่าที่เราคิดเราก็ไม่รู้ แต่ในมุมที่นิ๊กกี้แสดงให้ คนดูเห็นมันก็ไม่แปลกเลย ที่ทำให้คนคิดไปทางนัน ส่วนนั้นนิ๊กกี้ก็ต้องยอมรับคำวิจารณ์ การวิจารณ์ก็ควรอยู่ในขอบเขต เชนกัน ไม่ว่าเรื่องมันจะเป็นยังไง มันก็เรื่อวคนสองคนอยู่ดี ชาวเน็ตแบบเรา รอดูผลสรุปดีกว่า ถ้าเชียก้อยไม่ว่าก้อยจะติดสินใจยังไงก็ให้กำลังใจเขา ถ้าเชียนิกกี้ ก็ให้กำลังใจเขา ถ้ารักทั้งคู่ก็ให้กำลังใจทั้งคู่,0
คอนเท้นก็เกินไปกุเป็น ผช ยังรู้สึกเลยลับหลังจะเป็นไง กุเห็นพี่น้องนี่แหละท้องมาหลายรายละ รอดูกันต่อไป,1
คิดตามง่ายๆเลย ผู้ชายมันจะมีความเกรงใจแฟนระดับหนึ่งรู้ตัวเองดีว่าไม่ควรทำอะ อย่างนิกกี้อะ คอนเท้นที่ถ่ายก็ไม่ได้สด มึงพูดกับนุ้นก็ได้ว่า แบบนี้ไม่ได้แบบนี้ไม่ ok นะ พี่เกรงใจแฟนพี่ เนี่ย แค่เนี่ย รายการก็อัดเทป นิกกี้เอ้ย มึงไม่รู้หรือมึงแกล้งไม่รู้,1
คนเจ้าชู้ ยังไงก็แก้ไม่หาย จนกว่าจะรู้ตัวเอง,1
ผมว่ามันเป็นเรื่อง ส่วนตัวของเขาน่ะครับ ว่าเขาจะทะเลาะหรืออะไรกันก็ตาม ส่วนคนที่ว่าเขานั่นนี่ เรื่องบ้างเรื่องเขาไม่บอกเพราะไม่อยากให้ใครเสือกไง บ้างครั้งพูดได้ บ้างครั้งพูดไม่ได้ ถ้าต่างคนต่างคิดกันดีแล้ว ก็ให้เขาได้คุยกันเองเถอะครับ อย่าไปยุเขาจะดีกว่า ถ้าวันนึงมันเกิดกับตัวเอง ,1
ตั้งแต่ผมรู้จักนิกกี้ผมไม่ชอบขี้หน้ามันเลยสันดานเจ้าชู้มันทิ้งไม่ได้หรอก,1
นิกนี้ตัวจริงโคตรหยิ่งบอกให้ก่อนมีบ้านอยู่คอนโดย่านทองหล่อ เก็กชิหายและตึงมาก ต่างจากน้องชายมาก,1
ไอ่นิกกี้มันเกินไปครับ ทั้งมุขการแสดง การเล่น ใครชอบไม่ชอบไม่รู้ ผมคนนึงที่ไม่โอเคร กับการทำอะไร หลายๆอย่างที่มันทำ สงสารก่อนหว่ะ,1
คิดจะเลือกไอ้นิกกี้แล้ก็ต้องทำใจเมียมันเยอะ,1
จะไม่พูดแรงนะครับ แต่มันมีเส้นบางๆระหว่าง นิสัย กับ สันดาน ,1
จริงๆ ไม่ใช่เงินมันแล้วจะมาบ่นทำไมเงินก็ไม่ได้หาเอง,0
ผมเป็นคนไม่สนับสนุน แต่ที่คุณว่ามาทั้งหมดนี้ ผมไม่ได้ทำเรื่องที่ว่ามานี้เลยนะ ผมก็อยู่เฉยๆ เล่นเกมและทำงานไปวันๆ ไม่ได้มาด่ามาว่าคนเห็นต่าง ไม่ได้ยุ่งเรื่องของคนอื่นเพราะต่างคนต่างอยู่ เพราะชีวิตคนเรามันไม่เหมือนกัน โปรดฝากเอาไว้ด้วย,0
หมายถึงคนที่ทำแบบที่กล่าวมาไงครับ ถ้าไม่ได้ทำ ก็แปลว่าคุณไม่ได้ไปเบียดเบียนสิทธิคนอื่นที่เขาจะเล่นเกม ซึ่งดีแล้วครับ ผมว่าประเด็นเลยนะ สำหรับเรื่องที่เกิดขึ้นนี้ มันไม่ได้อยู่ที่เกลียดเจเคหรือไม่เกลียด เห็นด้วยหรือไม่สนับสนุน,0
ใส่นัวเริ่มจะเป็นบริษัทและมีทีมงานอย่างเป็นจริงเป็นจังแล้วครับ แกน่าจะรักษาสิทธิ์และชื่อเสียงของตัวเองและบริษัทเอาไว้ แกน่าจะฟ้องจริงจังแล้ว,0
ที่ผ่านมาผมไม่เคยสนใจเรื่องรสนิยมทางเพศหรือเพศสภาพของคนรอบข้างเลย แต่ตอนนี้เริ่มรู้สึกกลัว LGBTQ+ เหมือนพวกเขานี่แหละที่คิดมากกับเรื่องเพศของตัวเอง ใครพูดอะไรนิดหน่อยหรือแตะต้องไม่ได้เลย,0
นิสัย3กีบ ก็เป็นแบบนี้ อยากให้คนอื่นครบสิทธิ ของตัวเอง แต่ตัวเองไม่เคารพสิทธิของคนอื่น เป็นกำลังใจให้พี่เอกครับ,1
คนแบบนี้ต้องใช้ศาลเตี้ยเท่านั้น มันตบมา เราตบกลับ,1
ถ้าเป็นเรา เราก็อายนะโดนตบต่อหน้าคนเยอะแยะ จะเจ็บมากเจ็บน้อยแต่ที่แน่ๆเจ็บใจแน่ๆ,0
ทนายตั้มบอกแก่เพราะกินข้าว นึกว่าแก่เพราะกินหญ้า5555,1
ไปทำแบบนึ้ไม่ได้มันเกินไป ถ้าเป็นคนเอาเรื่องเขาชกกลับแล้ว แบบนี้เขาเรียกว่าสาระเลวเลย,1
มันจะไปรู้สึกอะไรครับ ก็สันดานมันเป็นแบบนี้,1
ไม่เกี่ยวกับดวงเกี่ยวกับสันดาน,1
ไม่ว่าจะผ่านไปกี่ปี ลุงท่านนี้ก็ยังคงคอนเซ็ป ฝีปากกล้า ประชดเก่ง สันดานเดิม คงเส้นคงวาจริงๆ และคงเปลี่ยนไม่ได้แล้ว,1
ตบเห็นๆมาบอกว่าไม่ตบได้ไงครับ,0
คนที่ไปชกคนอื่นแล้วยังมีพวกไปบริจากเงินให้แบบนั้นเรียกว่าสนับสนุนคนเลวมั้ย,0
นที่ไปร้องเรียนแกล้งคนอื่น แต่สมาคมตัวเองตั้งขึ้นมาหลอกเค้าชื่อคนอื่นมาใส่โดยไม่ได้รับอนุญาติสมควรโดนตีนไหมครับ,1
ทั้งนี้ ได้มีหลายคนสอบถามเข้ามาด้วยความตั้งใจที่จะขอซื้อไก่กลายพันธุ์ตัวนี้ แต่เจ้าของยืนยันว่ายังไม่มีความคิดจะขาย แต่ก็ยังมีคนพยายามไปที่บ้านของเขาเพื่อขอดูไก่ ถึงขนาดพร้อมจ่ายเงินซื้อ 50 ล้านดอง (ประมาณ 7.2 หมื่นบาท) แต่เขาก็ยังยืนยันว่าไม่ขาย,0
เมื่อเด็กมาถึงครูนับได้ 18 แต่ลดให้เหลือ 13 ครั้ง ก่อนที่ครูจะใช้ไม้เรียวตีที่ก้นอย่างรุนแรงสลับกันจนครบคนละ 13 ครั้ง นอกจากนี้ครูยังท้าให้ไปฟ้องผู้ปกครองได้เลย เพราะไม่กลัว,0
ล่าสุด เจ้าของยังเปิดเผยด้วยว่า เขาได้ทดลองผสมพันธุ์ไก่ไม่มีขนตัวนี้และประสบความสำเร็จในการขยายพันธุ์ไก่ไม่มีขนอีกตัว เขาหวังว่านี่จะเป็นโอกาสให้เขาได้พัฒนาไก่สวยงามชนิดนี้เพื่อหารายได้มาเลี้ยงดูครอบครัว,0
ไม่ใช่แค่ นาราเครปกะเทย แต่อาหารเสริมลดน้ำหนักดังๆ เกือบทั้งหมดในอดีต ก็ตรวจเจอสารที่ส่งผลกับประสาท หนังเรื่องเดิมแต่เปลี่ยนคนแสดงเฉยๆ ใครอยากลดน้ำหนัก อย่าหวังพึ่งยาเลย ออกกำลังกาย คุมอาหาร เข้าวงการเบเบ้เถอะ ถ้ามันมีทางลัด แอนทอง แต้ว คิมเบอรี่ ไม่ออกกำลังกายหนักขนาดนี้หรอก,0
มึงงงง มันไม่ได้ป่ะ ทัศนคติเค้าติดลบไปหมดเลย ตอนแรกก็งงนะจากแม่ค้าขายเครป ดังขึ้นมา มีโอกาส มึคนรักตั้งเยอะ ทำไมยังเอาตัวเองไปลงหลุม ตอนนี้กระจ่างแล้วจ้าา,0
ความพยายามอยู่ที่ไหน คุกอยู่ที่นั่น,0
มันก็วนลูปออกมาร้องไห้ ขอโทษ วนไปแบบนี้ถ้ารอบนี้ยังไม่โดนอะไรหนักเค้าก็จะออกมาทำแบบเดิม เพราะดูท่าแล้วคงไม่สำนึก เพราะถ้าสำนึกไม่ร้องเพลง ฝากขายของระหว่างถูกจับหรอก,0
นารายอมรับกับชุดจัดกุมว่าไม่ได้ใส่ทองลงไปในกล่องตามที่โฆษณาไว้ จนท.ขอยึดทองเป็นของกลางไว้ ,0
ขอมอบเพลงนี้ให้ทุกคู่ที่เลิกรากันไปนะคะ ใครที่กำลังหมดหวังเรื่องความรัก หันมาไล่ไอ้แม้ว พรรคเพื่อควาย แล้วเลือกพลเอกประยุทธ์ เป็นนายกต่ออีก 4 สมัยค่ะ ,1
พูดจากใจ รู้สึกสมน้ำหน้านารามาก นางไม่ใช่คนขยันทำมาหากิน แต่นางคือคนที่ขยันหาช่องทางแบบรวยทางลัด ตั้งแต่พยายามยัดตัวเองเข้าแก๊งหิ้วหวี วิ่งหาแสงแบบไม่สนวิธีการใดๆ เพียงเพราะอยากได้อยากมี อยากอวดรวย,0
ยังคงอยากถามพระเจ้าว่าทำไมถึงส่งกุมาเกิดในประเทศเฮงซวยที่บริหารด้วยคนโง่ ,1
ทำไมไทย ถึงไม่ควรมีโรงไฟฟ้านิวเคลียร์ ผลกระทบสิ่งแวดล้อมไม่ใช่ปัญหาหลักหรอก ปัญหาหลักคือ รัฐไทย แม่งชุ่ย ทั้งระบบ เรื่องด่วนเรื่องตายของปชชหมู่มาก คือไม่ด่วนชนะตามเวลาราชการหรอก เว้นแต่รัฐจะต้องการให้ด่วน นี่แค่ระดับโรงไฟฟ้าเล็ก ๆ นะเนี่ย,1
แล้วมาบอกนักข่าวให้ช่วยตรวจสอบ อะไรวะ สรุปมันหน้าที่ใคร แถมมาอวยโรงงานให้ฟัง กุฟังอะไรอยู่ ,1
ลมในชั้นบรรยากาศช่วงนี้พัดขึ้นเหนือ,0
สิ่งที่ไม่ชอบที่สุดในการแถลงนอกจากจะพูดไม่เข้าประเด็นแล้ว ยังมีการถามว่านักข่าวมาจากช่องไหน เป็นคำถามที่แบบถามเพื่ออะไรอ่ะ จะไปทำอะไรเค้าหรอ,0
ขอเนื้อๆเลยได้ไหมคะ ว่าสรุปมันหลอมไปแล้วหรือยัง แล้วมาตราการป้องกันจากคืออะไร หนูไม่ได้อยากทราบว่าคุณพี่ขับรถกลับบ้านกี่โมงค้าาา โอ้ยยยยยจะตายห่ากันหมดแล้ว,1
อันนี้ทวิตเตอร์พี่คิมจริงๆตัวจริงเสียงจริง จะจำพาสได้ก็เวลาละครออน แซวเล่น ไปกดฟอโล่ฟอใจ เป็นกำลังใจให้ชีบัวกันได้น้า,0
อ้ยยยอันนี้น่ารักกกกก เหมือนพุงคิมจะออกป้ะ คิมเลยลุกขึ้นมาแล้วพูดว่า พุงหรอ ละดึงเสื้อมาปิดแล้วทำหน้าน่ารักน่าหมั่นเขี้ยวสุด งึ้ยยยย,0
รื่องนี้ต้องเป็นแพทคิมจริงๆแหละ,0
ล่มทุกวัน วีคละ 3-4รอบ สงสัยต้องเปลี่ยนจริงๆและ ไม่งั้นเวลาออกมากินข้าว ไม่มีเงินสด สงสัยต้องล้างจานใช้เขา,0
ขับเคลื่อนด้วยการด่าจริงๆอิสัส,1
เหมือนพูดใส่หูแล้วออกเลย แต่อน่กได้เวินนะ ศิลปินโปรโมทฝ่ายเดียวก็ไม่ได้ไหม ค่ายควรทำเป็นหลักค่ะ อีโก้หัดลดบ้างก็ดีนะคะ,0
นี่ถ้าไม่มีเงินจากแบงก์อื่นก็ชิบหายละนะเนี่ย,1
งานที่ระยอง คอนเสิร์ตไทเท ทำไมแอทมินไม่ลงงานของอิงฟ้าคะ,0
โดนบล็อคจากด้อมต้าวแล้ว ขอหม่ามี้เป็นที่พึ่งสุดท้าย หวังว่ามี้จะได้เห็น และส่งต่อถึงต้าวต่อไปนะคะ ,0
นี่คือตยจากงานล่าสุดที่ไปค่ะ ผลพวงมาจากการทำงานที่ไม่มีระบบระเบียบขาดมาตรฐาน ออกตั๋วที่นั่งซ้ำกันถ้าวันนั้นคนเต็มเราจะทำไงคะ ยังไม่นับงานวันเกิด อฟ ที่ไปถึงแล้วไม่มีที่นั่งแพงสุดแต่หาที่นั่งไม่ได้เพราะปล่อยขายเกินจำนวนรึอะไรไม่รู้เลยต้องยืนรอเก้าอี้ไปก่อน,0
ไขข้อสงสัยละทำไมเขาถึงใช้การยุบสภาทั้งๆ ที่มันจะหมดวาระพฤหัสนี้,0
4 ปีแห่งความภาคภูมิใจ ทีได้รับใช้ประชาชน,0
อ่าวไปอยู่แม่กลอง เลย ถ้าปลาทูจะขายดีขนาดนี้,0
ถึงจะเล็กนิดเดียว แต่ก็มากมาย,0
จะมีเยอะไปทำมัยมีแต่ปัญหาหนักอกหนักใจ,0
เสียงเอกฉันท์ขนาดนี้ถ้าสินค้าหรือนักการเมืองคนไหนกล้าออกหน้ามาสปอนเซอร์หรือสนับสนุนการถ่ายทอด ก็เตรียมรับผลกระทบด้วยนะคะ,0
ร่วมแบนสินค้าที่เป็นผู้สนับสนุนถ่ายทอดสดซีเกมส์,0
ถ้ามันกวนตีนก็ไม่ดู กลับมาเอางบมาพัฒนากีฬาเราถ้าอยากดูเดี๋ยวหาลิ้งค์เถื่อนดูเอง,1
ครั้งนี้ไร้คุณภาพมาก ไม่เสียเวลาดูครับ,0
ถามคนไทยทุกคนยังอยากแลไหม,0
เก็บเงินไว้ดีกว่าคะ คนไทยส่วนใหญ่ไม่โอเคกับพฤติกรรมของเจ้าภาพที่มีต่อไทย,0
ยังจะเจรจาทำไม่อีกอ่ะ ประชาชนส่วนใหญ่ เขามีมติกันแล้ว ว่าไม่ดู ไม่ซื้อ ไม่ยอมเอาเงินภาษีของเราไปให้เขมร ไม่รู้เรื่องหรือไง กะอีแค่เขมร ไปให้ความสำคัญอะไรกะมันนักหนา,1
จะซื้อให้ได้เลยใช่มั้ย ทั้งที่เสียงคนไทยส่วนมากไม่ต้องการดู,0
เป็นการบ่นที่มีประโยชน์สุดๆกับลูกเพจค่ะ ขอบคุณคุณลุงมากๆค่ะ บ่นแบบนี้บ่อยๆนะคะ อยากเก่งเหมือนลุงค่ะ ,0
แงงตะเองเช่าชุดร้านไหนคะเนี้ย วาปได้ไหมคะ ,0
เข้าใจละ ทำใหม่ โดนตกกัน น่ารักมากๆค่ะ,0
ถ้าจ้างมาเล่นแพงไหมครับถามแบบไม่รู้จริง,0
พี่แจ๊สโกนหัวอีกและ อย่างนี้ก็มันมืออาจารย์นุ้ยเลยสิ,0
พี่แจ๊สโกนหัวแล้วหรอโกนทำไมพี่ไว้ผมดูหล่อกว่าตั้งเยอะ,0
ยิ่งเห็นแกออกรายการบ่อยๆยิ่งหลงรักทัศนคติแกนะครับ,0
ขโมยขึ้นบ้านจะรู้จักเห่าไหมเนี้ย หรือว่ากระดิกหางยินดีต้อนรับ ทั้งกลางวันและกลางคืน,0
เห็นมีแต่ข่าว ตามหา ตรวจวัดรังสี แต่ไม่เห็นมีการสอบสวน หาตัวคนที่แอบเอาออกมาจากโรงงานไฟฟ้าเลย ทำไมอะ คนในโรงไฟฟ้ามันเป็นหลานประยุดรึไง ถึงไม่มีใครกล้าแตะ หรือเรียกมาสอบเค้นไรเลย,0
เคลียร์ตั้งแต่เมื่อวานในทวิต เมื่อทราบปริมาณ ความอันตรายในระยะไหน,0
กรูว่าหาไม่เจอ ทำทรงเจอรอข่าวเงียบเเล้วก็ปล่อยไม่มีปัญหาตามหรอกสภาพ หายไปยังไม่รู้เลย,1
คนเก็บของเก่าเข้าไปโรงงานไฟฟ้าได้ง่ายขนาดนั้นเลยเหรอ ใครเข้าไปพนักงานรักษาความปลอดภัยต้องทราบอยู่แล้ว,0
ควรโดนคดีทั้งหมดทั้งไอ้โรงานกับไอ้คนรับซื้อ,1
ดูสภาพน็อตแล้วก็น่าจะหล่นหายอยู่แล้ว เกลียวแทบไม่มี ไม่ได้ช่อมบำรุงมาเป็นสิบปีละมั้ง,0
ตะกี้เหมือนจะป่วย บ้านอยู่เชียงราย พอดูโหนกะแสจบ ตอนนี้หายหล่ะ,0
เราชอบเสียงโจริญมาก มันเพราะแบบมีเอกลักษณ์ละมุน มาร้องอีกบ่อย ๆ น๊าาา,0
ใจเย็นๆคับไม่หายหรอกคับแค่เก็บไว้ในที่ปลอดภัย ข่าวลุงยุบสภาเงียบเลยคับ,0
ก่อนกระเพาะจะทะลุน่าจะเบาหวาน ความดัน กระดูกพังก่อนค่ะ,0
ถ้าจำไม่ผิดแค่กะเพราะเราจะบางขึ้นครับแต่น้ำอัดลมมีผลกับกระดูกครับทำให้กระดูกเปาะง่าย,0
ผมดูช่องเซียนหรั่งบ่อยมากครับ มันทำให้ผมคิดถึงบ้าน มาทำงานในกรุงเทพนานจนบางสิ่งบางอย่างลืมๆไปบ้าง ขอบคุณที่ทำคลิบวีถีอีสานบ้านเฮ้าเด้อครับ,0
เซียนหรั่งเจ้าคือจ๊าบแท้เสื้อม่วงกางเกงแดง,0
หาเหาใส่หัว หาเรื่องใส่ตัวเอง คราวนี้แหละคงต้องออกมาปฏิเสธรายวันว่าไม่ใช่คนนั้นคนนี้กันให้จ้าละหวั่น คนที่โดนพาดพิงจากการเดาสุ่มก็พากันเดือดร้อนไปหมด ,0
นางไม่ลบคลิปตัวปัญหาออกไปน่ะ นางยังเก็บไว้ดู มันคือความสุขของนาง,0
ความดังที่คนถวิลหา ช่วยให้หาเงินง่ายขึ้น มีโอกาส ช่องทางต่างๆในชีวิต แต่สิ่งที่แลกมา ก็แลกด้วยชีวิตเช่นกัน,0
ชมเชยได้ ติชมได้แต่อย่าลามปามจะดีกว่าถ้าไม่อยากมีหมายศาลมาที่บ้านนะจ๊ะ,1
นั้นนะ ดูไว้ทุกคน แบบนี้เขาเรียก ไอ้พวก อิจฉา อิจฉาคนอื่นจนร้อนไปทั่วร่างกายเขาเลย,0
คนไทยที่ไม่เคยพอใจอะไรสักอย่าง..ไอ้พวกที่ว่าเขา ไม่เหมาะสมเคยดู Content เขาหรือเปล่า,0
เอาเลื่อยมาหันแบ่งกันไปก็จบเฮ้อไอ้มนุษย์ขี้เหม็น,1
คอนเทนท์เหมือนกันไม่เท่าไหร่นะ แต่ก็อปยันหน้าปกคลิป แสดงให้เห็นถึงเราไม่มีไอเดียอะไรเลย ขนาดปกยังก็อป,0
เขาได้ สาขา วาไรตี้ นิ มันก็เหมาะสมด้วยประการทั้งปวง,0
ป็นเรื่องปกติครับพี่เนทมีคนรักต้องมีคนเกลียด ตัวผมผมชอบดูพี่ แต่ผมไม่เคยเกลียดยูทูปเบอไหนสักนิด,0
เหมาะสมเเล้วค่ะ ยินดีด้วยค่ะ อย่าไปแคร์ ต่างคนต่างคิด,0
คนที่เชียร์ช่องอื่นก็อยากให้ช่องที่ตัวเองชอบได้มันเลยเป็นดราม่า เดี๋ยวก็เงียบ,0
มันขี้ก็อปเล่นพิเรน เคยเอาเหรียญไปวางบนรางรถไฟ,1
ไอพวกที่ดราม่าก็แฟนคลับอีกช่องนึงนั่นแหละที่มันไม่เห็นด้วย,1
อย่างว่าแหละครับ เห็นอ่ะไรนิดๆหน่อย แซะกันฉิบหาย,1
เราเป็นคนแยกแยะระหว่างเรื่องงานกับเรื่องส่วนตัวนะ ถ้าเราชอบผลงาน เราก็ดู ส่วนนิสัยส่วนตัวของเขาจะเป็นยังไงก็ช่าง,0
เบลเป็นคนฉลาดรู้จักวางตัว แต่ก็ร้ายลึกแหล่ะเคยได้ยินมานานแล้ว,0
กูขำเกือบตายตอนเห็นเม้นนี้ เปโดจัดๆ,1
เบียวไม่ใช่เรื่องแปลกเเต่ถ้าทำแบบนี้เขาเรียกภัยสังคม,0
วหนูก็โดนเขาถามเหมือนกันค่ะว่ามีแฟนหรือยัง หนูตอบไปว่ามีแล้วเขาก็บอกว่าอย่าทำแบบนี้นะใส่ใจแฟนมากกว่านี้เป็นพี่พี่ก็ไม่ชอบอยู่ดีๆก็มาว่าหนูเฉยเลย,0
ผมว่าไม่ใช่ภาพยนตร์ไม่ควรฉายแต่คนทำงานในกองเซ็นเซอร์ต่างหากที่ไม่ควรมี เมื่อไหร่ประเทศนี้มันจะเลิกใช้งานคนแก่สักที ก๊ะเตี๋ยว ทำไมชอบพูดอะไรที่มันน่ารักเนี่ย,0
หุ่นพยนต์แบนฉากเณรลูกกอดแม่ แต่ในขณะเดียวกันหนังเรื่องขุนพันธ์พระทำคลอดได้ไม่โดนแบน คณะกรรมการใช้หัววว หรือหัวแม่ตีนตัดสินคะ อย่าง งง,1
เซ็งรอดูเรื่องนี้จริงๆนะ เป็นเรื่องที่อยากไปดูที่โรงหนัง,0
จริงๆ คนยุคใหม่ เข้าใจอะไรง่ายขึ้นเยอะนะครับ ไม่ลองทำหนังในลักษณะที่ ครีเอทชื่อประเทศ ชื่อศาสนาขึ้นมาใหม่ ให้คนดูไปตีความเอาเอง เชื่อสิ พวกที่ทำหน้าที่ตรวจสอบมัน งง แน่นอน มันซื่อบื้อ เถรตรงจะตาย อะไรที่ไม่ตรงกับที่เค้าใส่ชุดคำสั่งไว้ มันประยุกต์หรือคิดอะไรต่อไม่เป็นแล้ว ดูอย่างตอนนี้ผมก็กำลังพูดถึงประเทศเงินทอนด์แลนด์ อยู่นี่ไง,0
ปกติหนิสำหรับประเทศเผด็จการ,0
อิแม่นี่ ไม่เคยทำให้ใครผิดหวังจริงๆ,1
ก็ดีนะคะ ถ้ามองอีกมุม ว่า ถ้าเงินมันทำให้คนผิดในประเทศสมมติ ไม่ผิดได้บ่อยๆ ก็ให้เงินก่อกวนจิตใจแบบนี้ไปเรื่อยๆ จะได้เหนื่อยใจกันเป็นปีๆ ไป,0
ฉันไม่เชื่อว่าไม่เชื่อว่าไม่รู้ว่ากล้องอัดเสียงได้ มีแต่รุ่นยายขึ้นไปเท่านั้นแหละที่ไม่รู้,0
คุณเเม่ปรสิตดีเด่นประจำปี65เเละคาดว่าปี66ก็น่าจะได้,1
เวรกรรมระหว่างคนโลภมากกับคนสร้างปัญหาทั้ง 6,0
พอเห็นนางออกมาเรียกร้อง ในใจคิดละ เงินนางหมดสินะ,0
เคยดูหนังเรื่องโตเกียวโซนาต้า พระเอกถูกไล่ออกจากงานเพราะ ค่าแรงที่จ้างคนญี่ปุ่น 1 คน สามารถจ้างคนจีนวัยหนุ่มสาวไฟแรงได้ถึง 3 คน เป็นหนังที่ดีและให้ข้อคิดหลากหลาย,0
มันก็เหมือนการคอมเม้นต์ ในเน็ตมันมีทั้งจริงทั้งเท็จ หากไม่มีกฎกติกาใครจะพูดอะไรแล้วไม่ต้องรับผิดชอบมันได้เหรอ แบบนี้ทั้งโลกก็วุ่นวายตายห่า,1
ผมไม่สนหรอกว่ารับงานใครมาไหม สนใจว่าเป็นเรื่องจริงไหมมากกว่า,0
สมน้ำหน้า มั่นนักไอ้สัสหน้าแบบผิดๆเจอ ผญ.มั่นกว่าเททิ้งกลางทางดีแล้วที่ก้อยรักตัวเองมากกว่า,1
กูคนหนึ่งแหละที่ไม่ชอบเรื่องเหี้ยๆแบบนี้เอาสมองส่วนไหนคิดไม่ให้เกียจแฟนตัวเองเลย,1
รักกันแต่เลิกกันได้ ถุย โคตรปลอม กูคนนึงล่ะที่ไม่เชื่อ มันมีแค่ฝ่ายเดียวที่ยังรัก อย่าใช้คำว่ายังรักกัน,1
แฟนใหม่เธอหน้าคุ้นๆ เหมือนคนที่คุณบอกว่าไม่มีอะไร แน่นอน,0
คือตอนผญเอามือจกหรรมผช กุไม่โอเคเลยค่ะ โคตรแย่,1
ถ้านิสัยมันกลายเป็นสันดานแก้ไม่ได้แล้วก็จบ ก้อยเลิศ,1
ไม่แปลกที่ไม่เจริญสักทีไอ้เหี้ย,1
ผ่านทั้งโควิด อยู่ในช่วงสงครามตระวันตก ถ้าบ้านเมืองกลับไปวุ่นวายเราคงพังกันจริงๆ,0
เปิดโอกาสให้คนใหม่ๆเขาเข้ามาทำงานบ้างเถอะ เผื่ออะไรๆจะดีขึ้น,0
พรุ่งนี้เข้าวัดทำบุญ กรวดน้ำให้ ไปแล้วไปลับ อย่ามาหลอกหลอนกันอีกเลยในชาตินี้และชาติหน้าครับ,0
ปซะทีเถอะประยุทธ์8ปีมานี่บอกโปร่งใสแต่ตรวจสอบไม่ได้นี่มันย้อยแย้งมานานแล้วรวยยังไงตาบไปเอาไปใช้ในนรกไม่ได้อยุ่แล้วจะโลภอัไรนักวะ,1
ตลอด4ปีชิบหายหมดทุกด้าน,1
จำนำข้าวยกฟ้องแล้วยุคตูบเอาข้าดีไปขายเป็นข้าวเน่าให้จำนำข้าวเสียหายมากขึ้นล่ะ,0
8ปีที่ผ่านมากูไม่มีแเดกเลย,1
พักผ่อน​ได้แล้วครับในโลกนี้ไม่มีอะไรแน่นอนครับไม่นานก็ตายจากโลกนี้ไปแล้วสงสารลุกหลานนะลุงอย่ายึดติดครับตายไปลุกหลานจะได้จดจำนะลุงฝากไปบอกลุงป้อมด้วยอย่าฝืนนะ,0
เมื่อไหร่ตะไสหัวไป ข้าวของโคตรแพงเลย เเก้...เห้ไรไม่ได้,1
หมดอำนาจเมื่อไหร่ แล้วจะรู้สึกครับว่ามิตรแท้ไม่มีในหมู่โจรนะจ้ะ555,0
ยุบไม่ยุบแล้วแต่ใจท่าน อยู่มานานจนไม่อยากจะยุบ,0
คนไทยได้สาระมากกับการแถลงของลุงไหม,0
รีบๆไปประชาชนเบื่อมีแต่ความจนความลำบาก,0
ไม่เข้าใจปากบอกรักประเทศแต่ทำไหมไม่ยุบจะได้เดินนากันต่อไปจะถ่วงเวลาแบบนี้ประเทศไทยจะไปแบบไหนกันวะจังไรจริงๆพวกมึง,1
ทำให้ถึงวินาทีสุดท้ายเลย ยังไง ไอ้ตูปก็คงไม่ได้เป็นอีกตลอดชาติ,1
เสพติดอำนาจจนไม่อยากยุบกลัวได้ไปนั่งเกาไข่เล่นไม่มีใครเหลียวแล,1
ขอไห้เพื่อไทยชนะ อย่าเล่นวิธีสกปรกนะบังตูบ,0
ออกไปตายชะอยู่ไปก็หนักโลกทำให้บ้านแตกค้าขายก็แย่เงินก็ไม่มีชื้อของขายหนี้ก็เยอะ,1
อยู่ไปเลยว่าคุณจะอยู่ค้ำฟัาอยู่ให้สะใจคุณไปเลยตั้งแต่คุณเป็นนายกมาธุระกิจผมขายดีมากสมบัติที่ผมมีขายหมดแล้ว,0
กู​ทำเบาะ​แต่​ไม่​มีงานอาทิตย์​ได้​เบาะ​มอเตอร์​ไซต์​1เดียว​แต่​ราย​จ่ายมีทุก​วัน​เศรษฐกิจ​บริหาร​ไม่​ได้​ยัง​ด้าน​ขอ​อยู่​ต่อ​อีก​ค.​,1
9ปีแล้วมึงยังไม่พอรึ,1
จะยุบต่อเมื่อตัวเองได้เปรียบเท่านั้น เล่นแบบนี้เลย ไม่งั้นก็อยู่กันไปแบบดื้อๆด้านๆใครจะทำไม,1
ทำไมต้องให้ค่าคนพันธุ์นี้สันดานทรราชและทหารเลวระยำแบบนั้นยุบไม่ยุบช่างมัน,1
ไม่ต้องไปสนจัยมันหรอกจะยุบรึไม่ยุบ  สุดท้ายวาระมันก็มาถึงอยุ่ดีให้มันรุ้สัจจะธรรมช่ะบ้าง,0
มึงไปแล้วไปลับอย่ากลับมาอีกนะไอ้นายกที่หน้าด้านที่สุด,1
มันไม่ยุบหลอกเพราะมันห้วงอำนาจอยู่เพราะมันรู้ว่าประชาชนจะไม่เลือกมันเข้ามาอีกมันบ้าอำนาจ,0
รอคำสั่งหมาจะยุบหรือไม่ยุบ,0
เข้ามาก็วุ่นวายจะออกก็วุ้นวายคนบ้าอำนาจไอ้สัสนรกเอ้ยยย,1
เสมอไม่ยุบสภาถ้ายุบเมื่อไรเจอขุดขุ้ยสาระพัดที่ทำกับเขาทหารบ้าอำนาจกลุ่มนี้ไว้ได้เลย,0
ไมต้องไปรอมันดอกครับวามันจะยุบสภาวันใหนคือประชาชนบอกประยุทธไปเลยเดียวมันจะไมได้กับมาเป็นพาลโรงอิกนะ,0
มองไม่เห็นผลงานของประยุทธ์ที่เป็นรูปประธรรมเลยเห็นชัดอยู่อย่างเดียวสร้างหนี้ให้ประเทศอย่างมหาศาลที่สำคัญไม่มีความโปร่งใสในรัฐบาลนี้,0
เป็นระดับผู้นำพูดอยู่กับร่องกับรอยหน่อยนะครับ วันไหนก็วันนั้นนะ ไม่ใช่บิลลี่นะครับ วันนี้วันนั้นวันไหน,0
"มันคงช่วยกันเต็มที่แหละข้าราชการ ได้ข่าวหลายกุ่มขึ้นเงินเดือนให้แล้วนี่,ชาวบ้านถูกลอยแพตามระเบียบ,",0
การเลือกตั้งครั้งนี้หวังว่าคงโปร่งใสนะไม่ใช่บัตรคะแนนหายหรือว่าบัตรออกลูกได้อีกนะจ๊ะหวังว่าคงไม่มีตังค์ดาวน์ใช้บัตรปลอมบัตรสวนมาลงคะแนนให้นะจ๊ะองคุลีมาลกลับใจก่อนที่มันจะสายเกินไปคนไทยไม่ชอบประยุทธ์,0
ผมยังจำได้ขอเวลาอีกไม่นาน,0
"ผมคงจะมีความสุขมาก,ที่จะไม่ต้องเห็นคนแก่มาหรอกชาวบ้านอีก,",0
ยุบสภาไปเลยประชาชนรอวันนี้มาตั้ง 8 ปีกว่าเบื่อขี้หน้าประยุทธ์จันทร์โอชาเบื่อ 3 ปทรราช,0
ประกาศไม่ประกาศไม่สนหน้าด้านอยู่ได้ก็อยู่ไป,1
มันต้องการได้เปรียบตลอดไม่เคยสู้แบบแฟร์ๆไอ้เลว,1
เรื่องมากตาแก่นี้ยุบก็ยุบไปเลยรีรอรำคาญ..ไปไหนก็ไปเลยไม่เอาแล้ว,1
ลุง8เปื้อนขืนอยู่ต่อไประชาชนทั้งประเทศจะอดตายกันอยู่แล้วรีบรีบยุบสภาไปเลยจะได้หานายยกคนใหม่เข้ามาแก้ปากท้องของประชาชนทั้งเทศได้จะบอกให้,0
โอ้ยดูหน้าตามันสิดูแล้วมันคงไม่อยากยุบสภาเลยดูแล้วๆมันคงเสียดายว่ามันหมดอายุไวเกินไปสภามันยังคิดว่าประชาชนชอบมันอยู่เหรอไอ้ห่า,1
รออยธ่นี่นะ จะประกาศยุบหรือยัง อย่าทำตัวเมื่อพุดอย่าง วันนี้มาพูดอีกอย่างหละมันเชื่อถืออะไรไม่ไ้ดสักอย่างนะ แกแล้วด้วย อย่าพูดจาพล่อย ๆ ไปวันวันหละ,0
จะยุบทำไมจะหมดสมัยอยู่แล้ว,0
มึงอยู่ครบวาระไปเลยเดี๋ยวจะไม่มีโอกาศไอ้คคคคคคต,1
อยากเป็นนายกของปชช..ควรมีศักดิ์ศรี..ไปไม่ได้.ความสามารถแค่นี้.อย่าคิดเป็นเลย.ปล่อยให้ประเทศเจริญก้าวไปขัางหน้า.อย่ามาถ่วงความเจริญเลย..,0
ชวนได้หัวโขนเป็นประทานรัฐสภาเลยลืมวันที่หนีเข้าป่าตุลาคม...,0
อยากยุบวันใหนก็ยุบเถอะไม่ได้ตื่นเต้นอะไรพรรคอื่นเขาเตรียมความพร้อมไว้หมดแล้ว,0
ตราบใดที่ยังมี​  ส.ว250 เสียงร่วมโหวดนายก​ ลุงก็จะยังไม่หายหน้าไปไหน เว้นเสียจากฝ่ายประชาธิประไตยจะได้คะแนนเสียงท่วมท้น​ เกินโหวดนายกของ.ส.ส.และ.ส.ว.รวมกันในสภา​ ก็คือ​376​เสียงขึ้นไป​  ลุงจึงจะร่วงหล่น​และรับวิบากกรรมที่เคยสร้างมา,0
ยุบสภาเมื่อไหร่ประชาชนจะแห่เลือกลุงตู่ถล่มทลายมืดฟ้ามัวดินอย่างไม่เคยปรากฏมาก่อนยิ่งได้แรมโบ้กลับมาผนึกกำลังกับท่านธนากรบวกกับตัวแม่เหล็กอย่างท่านประยุทธ์รับรองแลนด์สไลด์ทั่วแผ่นดินแน่นอนตั้งรัฐบาลพรรคเดียวได้เลยไม่ต้องง้อพรรคร่วมให้วุ่นวาย,0
มึงเอาให้เต็มที่ไปเลยต่อไปจะเป็นหมาตัวหนึ่งเท่านั้น5555,1
ยุบไม่ยุบ มันก็ใกล้หมดครบเทอมอยู่แล้วไม่ใช้หรอ,0
ถ้าเขาอยากจะอยู่ต่ออีก 10 ปี ใครจะทำไม พวกคุณคิดว่า จะได้เลือกตั้งหรอ?,0
พรรคพี้อย่าสะตอเบอรี่เลย ไม่เอาลุงแต่ขานชื่อลุงเสียงดังฟังชัด รอบนี้ก็เช่นกันมีวันนี้เพราะลุง ลุง แล้วก็ลุงจัดให้,0
สุ้เพื่อให้มีชัยปากาเก่ญอเชิดชูความยุติธรรม,0
นักวิชาการส่วนใหญ่ไม่เคยหิว ไม่เคยลำบาก อย่างน้อยเงินเดือนครึ่งแสน เงินประจำตำแหน่งครึ่งแสน ยังอื่นอีกมาก จึงไม่รู้ว่าแปดปีที่ผ่านมาประชาชนน้ำตาล่วง บ้านแตกสาแหรกขาด ฆ่าตัวตาย ไร้บ้านขาดงาน ทุกข์ยากขนาดนี้ยังจะมาวิเคราะห์อะไรกัน  ที่ผ่านมามีพรรคเดียวเท่านั้นที่ทำได้ตามประกาศนโยบาย,0
ขอให้ประชาชนคนไทยเลือเพื่อไทยแลนด์ไสลด์ค่ะ เราต้องการ การเปลี่ยนแปลงและไม่ต้องการ ส . ว และนายกที่มาจาก ส.ว เลือกมาค่ะ,0
งานนี้แก้ปัญหาเฉพาะหน้า.. อย่างไรก็ให้เพื่อไทยชนะขาดลอยสูงสุดไปก่อน  สำหรับก้าวไกล ยังมีโอกาสในสมัยหน้า.. เพราะ รัฐธรรมนูญมันมีปัญหา มันเอา สว.250 มาขวางกั้นไว้  ต้องชนะเกิน 375 ยิ่งดีในจำนวน ส.ส.500 คน ประชาชนจะได้เหยียบหน้า สว. งี่เง่า..ไร้ความคิดเป็นของตัวเองเหล่านั้น,0
คนไทยอยากหนีจากฝันร้ายจากแปดปีที่ผ่านมา  ถือว่าเป็นฝันร้าย,0
อ.สุรนันทร์พูดเข้าใจง่ายรู้เรื่องเข้าใจความรู้สึกคนในยุคนี้ เพื่อไทย,0
ประชาธิปไตย  เพื่อไทย ก้าวไกล ต้องช่วยกันนะคะ ไม่อย่างนั้นเราจะได้นายกคนเดิมกลับมา,0
ประชาชนสนใจพรรดเพื่อไทย100%ครับเพราะว่าเข็ดแล้วพวกพูดแล้วทำไม่ได้,0
ต่างก็คุมเชิงกัน ก็อยู่กันไปแบบยักแย่ยักยันแบบนี้ต่อไป เมื่อต่างฝ่ายต่างใจแคบ น่าเศร้านะครับ,0
ขอบคุณล่วงหน้าชาวอีสานทุกคนนะจ๊ะ เพื่อไทยเท่านั้นเพื่อไทยเท่านั้น อนาคตเราเปลี่ยน,0
ปี48เพื่อไทยได้19ล้านเสียงกว่าๆยังได้377เลยภาคใต้คนยังไม่ชอบเหมือนปี66เลย  ปีนี้ภาคใต้เพื่อไทยได้  สส.บัญชีรายชื่อจะมากแน่นอนเพราะนโยบายช่วยนักศึกษาคือเงินดิจิตอล  อายุ16ขึ้นไปได้6เดือนคนเฮกันสนั่น  เขาเลือกเพื่อไทยเพื่อตัวเขาเองมิใช่เพื่อตู้   อ  ธนพรกะล่อนไปฟังโพธรักษ์ มาถึงพูดขณะนี้,0
"เอาง่ายๆผมเลือกตั้งมา5-6ครั้งเปลี่ยนไปตามบริบท และ ครังนี้ผมจะกา ""เพื่อไทย""100%",0
"อาจารย์เหล่านี้รับประกันเลยไม่แม่น แต่ถ้าอาจารย์ทางฝั่งดำเนินรายการ voice ,นั่นแหละของจริงแม่นจริงไรจริงแม่นชัวร์ เพราะเป็นฝั่งประชาธิปไตยและที่ผ่านมาพิสูจน์ผลออกมาแล้วหลายๆเรื่อง",0
จะอย่าไรใหญ่โตแค่ไหนมียศพลเอกนำหน้า กะเสียณแก่แล้ว ถัาเป็นคนพูดปากกับใจไม่ตรงกัน เย่อหยิ่ง จองหอง ใจแคบ ดีแต่พูดรู้ทุกเรื่อง ทำงานผิดพลาดไม่เคยรับผิด,0
ชอบอะไรเลย ใครมีพฤติกรรมอย่างนี้ ทำนายคาดเดาว่าคนนิยมน้อยลง ไม่ยอมรับ หากได้ไปต่อบ้านเมืองจะมีความขัดแย้งมากขึ้นกว่าเดิม ใครจะลอกขั้ว ผกด. หรือเลือก,0
ขั้วฝ่าย ปชต. เป็นสิทธิชองปงวชนชาวไทย จะชอบแบบไหน เลือกเอาตามสบาย เป็นเสรีภาพของท่าน,0
ไชโยๆๆๆๆๆหลุดพ้นเวรกรรมสักที   ประชาธิปไตย จงเจริญ,0
ธนพรมั่นใจ100% ควรจะยอมรับว่ารอบนี้ธนพรหน้าแตก 100%เหมือนกัน,0
ผมดูจากสีหน้าผู้วิเคาะห์ผมก็รู้แล้วว่าลุงตู่แลนด์สไลด์แน่นอน  บางครั้งคนที่รักกันแต่ก็ไม่ได้แต่งงานกัน  ขึ้นอยู่กับเนื้องานและความเหมาะสมเลือกลุงตู่ขับเคลื่อนนโยบายได้เลย  ฝากไว้ให้คิด  ให้โอกาสลุงตู่อีก 10 ปีมีความเสี่ยงน้อยสุดในบรรดาแคนดิเดตนายก,0
เพื่อไทยค่ะเท่านั้นตอนนี้ไม่แรงแล้วค่ะสู้เพื่อไทยไม่ได้หรอก,0
คนไทยมีหัวใจ เสรี  ครั้งนี้จะเป็น สิ่งที่คนไทยส่วนใหญ่แสดงออก,0
ใม่เชื่ออ ธนพรวิเคราะห์  ครังนี้ซิเคราะผิดเพี่ยนแน้10000%ครับ,0
ขอให้เพื่อไทยแลนด์ไสลด์ ค่ะ  เราต้องการการเปลี่ยนแปลงค่ะ,0
อย่าไปเชื่อมาก.   เราไปเลือกพรรคเพื่อไทยกับก้าวไกลให้มากๆ.   คนไม่เอาแล้วชุดตู่.   มีแต่รอวันเผาอย่างเดียว.   ประชาชนไม่ได้กินหญ้านะจะบอกให้.    คนเค้าตาสว่างกันทั่วบ้านทั่วเมือง,0
ขอให้ พท ชนะแบบขาดลอยสุดๆๆๆไปเลยมันจะอ้างอะไรอีกหรือหาเรื่องอะไรเขาอีก,0
สิ่งที่น่ากลัวคือการนับคะแนนของกกต.ต่างหาก,0
ไหนบอกสมศักดิไม่ย้าย วิเคราะหฺซะยังกับเป็นพยาธิในท้องสมศักดิ์ หน้าแหกไปดิ ไม่มีราคาว่ะ เอามาทำไม ธนพร,1
ไม่มีใครหรือพรรคไหนดีครบพร้อมสมบูรณ์แบบ 100% หรอกค่ะ แต่ขอให้เข้ามามีความจริงใจกับพี่น้องประชาชนและประเทศชาติมากกว่า ทำให้ประชาชนและประเทศ,0
ชาติมีชีวิตอยู่ดีมีสุข ความเจริญรุ่งเรือง ทั้งทางด้านเศรษฐกิจ ลดความเลื่อมล้ำ ให้อยู่ดีมีสุขกันกระจาย ทั่วประเทศ.!ไม่ใช่รวยแบบกระจุกบน แต่จนกระจายที่พื้นฐานล่าง,0
ค่ะ .ชาวบ้านตาดำลำบากยากเข็น คอรัปชั่น ทุจริต ทุกสี อย่างที่เป็นข่าวเน่าเฟะฟะ,0
62เพื่อไทยได้คะแนนเยอะสุดนะครับส่วนตัวมองว่าตู่ป้อมไม่อยู่ในสมการของการเลือกตั้งครั้งนี้ครับส่วนตัวมองว่าเป็นการแข่งขันของ ก้าวไกลกับเพื่อไทย เพราะประชาชนส่วนใหญ่ตาสว่างแล้ว,0
ตามไปให้ส.สและเขตเพื่อไทย,0
8ปีกับความยากลำบากของประชาชนจากการบริหารของประยุทธ ผมมันใจในประชาชนยุค5Gประชาชนกลัวประยุทธแน่นอน เพราะฉะนั้น อจ.ชัชชาติ โมเดลทั่วประเทศ เพื่อไทยแลนด์สไลน์แน่นอน299+,0
จะแบ่งเขตแบบไหนพ.ท.เหมือนเดิม,0
ถ้าอ.ธนพรวิเคราะห์ผิดต้องเลิกทำโพ,0
อาจารย์ครับไปปุกป่าช้าผีก็ลุกไม่ขึ้นหลอกครับความแค้นใจของประชาชนที่ถูกประยุทธทำไว้เลือกตั่งนี้พวกมันจะตายหมู่ครับ,0
ยังไงเลือกเพื่อไทย2ใบยกครอบครัว,0
อ.สุรนันท์ คุยสนุกดี เข้าใจง่าย ไม่ทันตอนเป็นโฆษกไทยรักไทย,0
สรุปง่ายๆเพื่อไทยน้อยสุด310มันน้อยไปค่ะ,0
อ.สุรนนท์พูดบ่ฟังได้แต่อ.ธนพรพูดรับไม่ได่เลยึ่ะ,0
อาจารย์บางคนแรกๆๆกิดียูแต่เดียวนี้หมาไม,0
ผมจะบอกให้นะครับ6ล้านก้าวไกลอยู่ครบไม่มีแตก..นเวโหวตเตอรอีกสี่ล้านเค้าถูมือรอกาให้ก้าวไกลทั้งหมด..10ล้านเสียงมีแต่เกิน..ยิ่แก้ให้พวกเค้ารู้สึกว่าถูกสุทหัวเอา,0
เปรียบพวกเด็กก็จะยิ่งเหนียวแน่น..ครั้งที่แล้วโดนเด็กเมื่อวานซืนคว่ำไปกี่คน..ครั้งนี้จะยิ่งหนักกว่าเก่า..จะไม่มีพรรคไหนได้เสียงมากกว่าเดิม..ไม่เชื่อคอยดู,0
อ.ธนพร พูด เอียนเอียงมากเกินไป แต่ก่อนชอบท่าน ทุกวันนี้เริ่มไม่น่าเชื่อถือ,0
จะทำให้ข้อมูล Valid จะต้องนำข้อมูล สว. มาหาค่าสภาวะความเป็นไปได้ตามความเป็นจริงว่าจิตใจแปรเปลี่ยนไปอย่างไรบ้าง ผมเห็นว่ากลุ่มสว. 250 เสียงเหลือเวลาเสวยอำนาจได้ไม่เกิน ปีเศษ จึงต้องคิดอาณาคตจะกลับเข้ามาได้อีกต้องวางยาขนานใด,0
เขาตัดสันใจมานานแล้วรอแต่จะเอาปลายปากกาจิ้มลงใสกระดาษเท่านั้น,0
เลือกเพื่อไทยแลนด์สไลด์ไปทั่วประเทศ,0
ตอนนี้เป็นนักวิชาการหลังเลือกตั้งจะเป็นนักไม่ได้การ.นะพร,0
ไม่ชอบเลยที่มีบัตรเขย่ง.และมีกฎหมายอภินิหารและให้เืลือก.กกต.ไปด้วยถึงจะดี,0
ครอบครัวผมไม่เลือกฝ่ายรัฐบาลครั้งที่แล้วแน่นอนเราคิดดีแล้ว..เพื่ออนาคตชาติไทยปี66นี้ต้องเลือก เพื่อไทย ทั้งครอบครัวเท่านั้นชาติไทยจะรอดครับ,0
พูดอะไรไว้ช่วยออกมารับผิดชอบด้วยนะอาจารย์ธนพรเคยพูดไว้ว่าสมศักดิ์ไม่ย้ายพรรค,0
ผมค่อนข้างเชื่อนิด้าโพลว่ะ อาจารย์ม.เกษตรเนี่ยวิเคราะห์ไม่ตรงหลายครั้งแล้วรวมถึงบอกว่าคุณสมศักดิ์ไม่ย้ายพรรคแน่นอนไงล่ะ,1
ประเทศมีปัญหาประชาชนลำบากยากจนต้องเพื่อไทยเท่านั้นถึงจะแก้ปัญหาได้ถ้าไม่เลือกเพื่อไทยก็ลำบากต่อไป,0
ใครเอาพวกอยู่ต่อต้องไปเช็คประสาทเช็คสมองว่าปกติอยู่รึป่าว รู้จักผิดชอบชั่วดีมั๊ย นึกถึงอนาคตของลูกหลานว่าจะอยู่จะกินกันยังไงไม่ใช่เอาแค่เศษเงินเล็กๆน้อยๆแล้วประเทศชาติเสียหายเป็นหนี้บานเบอะท่วมหัว,0
ครังนันมันบัตรใบเดวแต่ปีนี้มันบัตรสองใบกูจะบอกให้เพื่อไทยทั้งแผนดิน,1
อจ.ธนพร สมศักย้ายไปพท.ว่ายังไงคะเหนมั่นใจว่าไม่ย้าย,0
เบอร์พรรคกับเบอรผู้สมัคใช้เบอรเดียวเพื่อไทยเกิน310แน่นอน,0
อยู่ต่อเพื่ออะไร เท่าพังยังไม่พออีกหรือ,0
คือไม่ละไม่รู้ไม่รู้จะรู้ได้ยังไง,0
รอวันลงคะแนนเสียงเลือกตั้งดีกว่าไหม ประชาชนเป็นผู้ตัดสินในคูหาเลือกตั้ง,0
พรมั่ว ใหนบอก3มิตรไม่ย้าย เลือกตั้งกทม.มั่วมาทีนึงแล้ว หน้าแตกยังไม่พอเหรอ?,0
แทบจำไม่ได้ คุณสุรนันทน์ ไม่เหลือเค้าเดิมเลย อ้วนจัง 555,0
ไปดีน่ะไอ้ตู่หวังว่าเราจะไม่เจอกันอีกในชาตินี้นะไอ้นรก,1
ประชาชน!!! เราจะให้ใครมาบริหารประเทศพวกเราดีโปรดคิดๆๆๆ ดีๆๆนะ ประเทศอยู่ในมือพวกเราแล้ว,0
อาจารย์ ธนพร เชียลุงอยู่นะมองออก ที่ออกมานี้ ออกมาบอกลุงต่างหาก,0
จัมได้บ่500 กับ100 แล้วกับมาเอา100 แล้วจำได้บ่พาสีหมาพาสีแมวคิดสักหน่อยนะคับ,0
ส่วนมากไอ้พวกที่วิจารณ์จะรู้ดีไปทุกอย่าง,0
คนพวกนี้เชื้อยาก.หมอดู.คู่.หมอเดา.คนนั่งร้านกาแฟทุกวันหน้าเชื้อกว่า,0
ให้ลุงตู่ได้ ส.ส ถึง25คนก่อนนะจารค่อยมาลุ้นเป็นนายกละกัน,0
ถ่าจิงใจรับเลือกตั่งคะแนนผลออกมาจะได้รุ้ว่าใครได้.แน่จิงเอา.สว.ออกแร่วมาเลือกตั่งกันไหม่ถึงจะแฟๆๆๆ,0
ข้อมูลมีจิตใจส่วนตัวเจือปนมากไหม๊หนอหน้าตาคล้ายจตุพรมากๆๆๆๆ,0
เลือดเพื่อไทย จะได้ทุกอย่าง ประเทศเจริญ สยามเมืองยิ้ม อยู่เย็นเป็นสุข ไม่มียาเสพติด นะจ๊ะ ประชาชนทุกๆ ท่าน,0
8ปีหนี้สินเพิมพูนขอให้พ่อแม่พี่น้องเลื่ิกอย่างฉลาด,0
ท่านอาจารย์ทั้ง 3ท่านช่วยพูดแสดงความคิดเห็นหน่อยครับผู้สมัครพรรคไหนได้เบอร์อะไรเขตก็ต้องมีเบอร์เดียวกันครับผู้สมัครพรรคนี้เบอร์นี้แต่เบอร์พักไม่ตรงกันครับสร้างความสับสนให้กับประชาชนครับ,0
อนาคตใหม่ทำคนทึ่งมาแล้ว เพื่อไทยคือคำตอบ ถ้าอยากออกนอกมะพร้าว,0
จารไม่วิเคราะตามความเป็นจริงบ้างล่ะเอาแต่วิชาการไม่น่าจะใช่ละ,0
จาน..ถ้าเพื่อไทยแลนด์สไลด์จานจะหยุดทานข้าวกี่วันครับ,0
เพื่อไทยมาแน่นอนครับ แต่ต้องมาแก้ปัญหาด้วยทีมงานที่มีคุณภาพ พวก สส. ที่มาเกาะกระแสต่อไปหากไม่มีผลงานหรือทำงานไม่เข้าตาไม่ยึดโยงประชาชนจริง เข้ามา,0
เพื่อต่อรองผลประโยชน์ทำให้ทีมเสียหายก็ต้องขับออกไป แล้วจัดแถลงข่าวให้ชัดเจนแบบไม่ต้องไว้หน้า แม้จะมีตำแหน่งในคณะรัฐบาล พูดง่ายๆ ต้องตรวจสอบและ,0
สแกนคนในก่อน และอื่นๆ อีกมากมายที่ต้องทำ ถ้าเพื่อไทยยังคงรักษามาตรฐานดีไว้ได้ ประชาชนยังพอเข้าใจ ในการแก้ปัญหาบางอย่าง แต่ถ้าไม่เด็ดขาดในการจัดการ,0
กับทีมงานที่ไร้คุณภาพ ก็มีสิทธิค่อยๆ เสื่อมและสูญพันธ์ุในที่สุด เหมือนบางพรรคที่เห็นๆกันอยู่ ส่วนก้าวไกลถ้ารักษามาตรฐานและอุดมการณ์ไว้ได้ อย่างนักแน่น รับรอง,0
ยิ่งใหญ่แน่นอนช่วงนี้ก้าวไกลต้องรอเวลาอีกนิดครับ เวลาเท่านั้นที่จะทำให้คนได้เห็นอะไรที่ชัดเจนขึ้น รัฐบาลมีวาระแค่ 4 ปี ใครก็ตามเข้ามาบริหารก็จัดให้เต็มที่ไปเลย,0
ไม่ต้องกั๊ก ผลงานประจักษ์ก็อาจอยู่ต่อได้ ผลงานย่ำแย่ก็ร่วงแน่นอน ประชาชนจะเป็นผู้คัดสรรเองครับ (ไม่ต้องใจร้อนทำรัฐประหารไม่จำเป็นมันหมดยุกต์แล้ว ถอยหลังลงคลอง ทำให้ประเทศชาติและประชาชนส่วนใหญ่เสียโอกาส),0
เป็นกำลังใจให้นะเพื่อไทย ชาวอีสาน กุ้งอย่างเดียวแรงสไลด์,0
งั้นนักการเมืองคนไหนที่พูดว่า '' ประชาชนเป็นเจ้าของประเทศ ''  หมายความว่า โกหกทั้งเพสินะครับ พวกเราคงทำได้แค่เดินเข้าไปพร้อมกับข้อมูลที่นักการเมือง และนักวิชาการพูดใส่หูพวกเรา ก่อนจะมีการเลือกตั้งไม่กี่เดือน พอเลือกตั้งจบก็หมดหน้าที่ประชาชน วนลูปอยู่แบบนี้ใช่มั้ยครับ,0
เขาดูถูกคนอีสานคนเหนือว่าเราโง่..พวกเราช่วยกันเลือกพรรคเพื่อไทยเข้ามาเย๊อะๆให้มันรู้กันไปเลยว่าใครโง่ใครฉลาดกว่ากัน,0
าผัวทำตัวเป็นภาระขนาดจนต้องหาเลี้ยงผัว เอามาทำขี้เกลืออะไรล่ะ เลิกกกจ่ะ ไม่ให้เกียรติ แถมทำไรไม่เกรงใจ อย่าเอามาทำแนว ทำพันธุ์เลยอีดอก,1
ทุกองกรของกูหมด ไม่เลื่อกกูกูก็ชนะ,1
ท่าน ธนพร พูดฟังๆแล้ว เหมือนดูถูกประชาชน  แล้วจะรู้สึกว่าตัวเองออกมาพูดเพื่ออะไร,0
กูไม่เชื่อใครทั้งนั้นหละ วิเคราะห์ วิจารณ์กันไปพวกอนาจาร พวกนักวิชาเกินทั้งหลาย นักวิจารณ์วิจารณ์ตัวเองมั้งนะ,1
ถ้าไอ่ตูบอยู่ต่ออีกสมัยจะลาจากงานประจำไปเลี้ยงควายดีกว่า,1
โพลสลิ่มตอแหลมากกว่าไปไหนประชาชนเค้าด่ามันทั้งประเทศแล้วผลโพลมามาสำรวจแบบนี้มันโกหกทดเท็จชักอวยๆๆไอ้ตู่แบบไม่เห็นหัวประชาขน,1
ไอ้ดอกเตอรธนมรึงอย่าลืมย้อนมาดูคลิปนี้นะที่มรึงทำโพบนี้กูรอวันเลือกตั้งมือมันสั่นละอยากเบือกตั้งละ,1
เอาไอ้ตู่ควายโง่มาปล้นชาติปูทางให้พวกมิจฉาชีพให้พวกธุระกิจมืดธุระกิจตำรวจมาเฟียหากินกับยาเสพติดซะงั้น,1
ใครคิดเอาตู่ต่อก็ควายถ้าคิดไม่ได้8ปีที่ผ่านมาจะแบ่งเขตอย่างไงใครเาต่อตู่ก็ควาย,1
บื่อจังไอ้พวกหมอเดาประชาชนเขาตัดสินเองคุณ ใครก็ทำได้ถ้าคาดเดาอย่างพวกคุณ อย่าเป็นเทวดาตาทิพย์เลย เบื่อหวะ,1
เอาด็อกเตอร์มาเลียไอ้ตุบกลางรายการเลยนะพวกมึงสลิ่มเอ้ยน่าสมเพสพวกมึงจริงๆ,1
