,Date,Tweet
0,2022-10-03 13:02:18+00:00,р╕Чр╕лр╕▓р╕гр╕лр╕╖р╣Ир╕Щр╕кр╕▒р╕Ър╕кр╕▓р╕зр╕Эр╕гр╕▒р╣Ир╕Зр╕кр╣Ир╕Зр╕вр╕▓р╕Ър╣Йр╕▓р╕Вр╣Йр╕▓р╕бр╕Кр╕▓р╕вр╣Бр╕Фр╕Щ р╕Бр╕▒р╕Ър╣Бр╕Бр╣Йр╕Ьр╣Йр╕▓р╕Др╕Щр╕Хр╕▒р╕зр╣Бр╕ер╣Йр╕зр╕гр╕╕р╕бр╣Вр╕Чр╕гр╕бр╕Бр╕ер╕▓р╕Зр╣Бр╕Ир╣Йр╕З https://t.co/Ai0uCj2nU6
1,2022-10-02 04:19:08+00:00,р╕гр╕Ър╕бр╕▓р╕Щр╕▓р╕Щр╕Бр╣Зр╕нр╕вр╕▓р╕Бр╕Ыр╕ер╕Фр╕Ыр╕ер╣Ир╕нр╕вр╕Щр╣Йр╕│р╣Ар╕Зр╕╡р╣Ир╕вр╕Щр╕Ър╣Йр╕▓р╕З р╕лр╕Щр╕▒р╕Зр╣Вр╕Ыр╣Кр╕Чр╕лр╕▓р╕гр╕лр╕╖р╣Ир╕Щ   р╣Ар╕лр╕бр╕▓р╕Бр╕гр╕░р╕лр╕гр╕╡р╣Ир╕бр╕╕р╕кр╕ер╕┤р╕бр╕бр╕▓р╣Ар╕вр╣Зр╕Фр╣Гр╕лр╣Йр╕лр╕Щр╕│р╣Гр╕И р╕вр╕╖р╕Щр╕Бр╕гр╕░р╣Ар╕Фр╣Йр╕▓р╕Ыр╕▓р╕Бр╕Ир╕▒р╕Ър╕Бр╕Фр╕лр╕▒р╕зр╕Ир╕Щр╕бр╕┤р╕Фр╣Вр╕Др╕Щ р╣Др╕бр╣Ир╣Др╕Фр╣Йр╣Ар╕лр╣Зр╕Щр╕лр╕╡р╕Щр╕▓р╕Щр╕Др╕зр╕вр╣Бр╕Вр╣Зр╕Зр╕кр╕╣р╣Йр╣Вр╕Др╕Хр╕гр╕Фр╕╡ https://t.co/JRQYbBprUz
2,2022-10-01 02:19:44+00:00,р╕Ьр╕╣р╣Йр╕Бр╕нр╕Зр╕Чр╕лр╕▓р╕гр╕лр╕╖р╣Ир╕Щр╕кр╕▒р╣Ир╕Зр╣Гр╕лр╣Йр╕ер╕╣р╕Бр╕Щр╣Йр╕нр╕Зр╕Ьр╕╣р╣Йр╕Др╕╕р╕бр╕Др╕╕р╕Б р╕Щр╕│р╕Хр╕▒р╕зр╕Щр╕▒р╕Бр╣Вр╕Чр╕йр╕кр╕▓р╕зр╣Ар╕Юр╕┤р╣Ир╕Зр╣Ар╕Вр╣Йр╕▓р╣Гр╕лр╕бр╣Ир╕бр╕▓р╣Ар╕Ыр╣Зр╕Щр╕Чр╕▓р╕кр╕Ър╕│р╣Ар╕гр╕нр╕Бр╕▓р╕бр╕Ър╕│р╕Ър╕▒р╕Фр╕Др╕зр╕▓р╕бр╣Ар╕Зр╕╡р╣Ир╕вр╕Щ https://t.co/iYLjpNUSVa
3,2022-09-29 13:03:01+00:00,#р╕Ьр╕Щр╕Зр╕гр╕Ир╕Хр╕Бр╕б #р╣Др╕бр╣Ир╣Ар╕лр╣Зр╕Щр╕лр╕▒р╕зр╕Ыр╕Кр╕К #р╕Юр╕нр╣Ар╕Юр╕╡р╕вр╕З  #р╣Др╕Фр╣Вр╕Щр╣Ар╕кр╕▓р╕гр╣М #р╕гр╕▒р╣Йр╕зр╕Ьр╕╕ #р╕Чр╕лр╕▓р╕гр╕лр╕╖р╣Ир╕Щ https://t.co/gNznwGaTsH
4,2022-09-26 13:35:16+00:00,р╣Вр╕нр╣Кр╕вр╕вр╕вр╕гр╕▒р╕вр╣Др╕бр╣Ир╣Др╕Фр╣Й р╕нр╕вр╣Ир╕▓р╣Ар╕нр╕▓р╕Щр╣Йр╕нр╕Зр╣Др╕нр╕Ър╕╢р╣Др╕Ыр╣Гр╕лр╣Йр╕нр╕╡р╕Чр╕лр╕▓р╕гр╕лр╕╖р╣Ир╕Щр╕Бр╕▓р╕бр╕Фр╕╣р╣Ар╕ер╕вЁЯШнЁЯШнЁЯШн
5,2022-09-23 14:41:57+00:00,@MatichonOnline р╣Ар╕лр╣Йр╕в р╣Др╕зр╣Др╕Ыр╕бр╕╕р╣Йр╕вр╕вр╕вр╕в р╣Бр╕Лр╕Зр╕Др╕Фр╕╡р╕Чр╕лр╕▓р╕гр╕лр╕╖р╣Ир╕Щр╕Чр╕╡р╣Ир╕бр╕▓р╕Бр╣Ир╕нр╕Щр╕нр╕вр╣Ир╕▓р╕Зр╣Др╕з!!!
6,2022-09-20 18:09:20+00:00,"р╕Хр╕▓р╕бр╕лр╕▓р╕Ьр╕╣р╣Йр╕Кр╕▓р╕в р╕Д.р╣Гр╕лр╕Нр╣И р╕Д.р╕Чр╕│ 54-56 р╕кр╕Щр╣Гр╕Ир╕Чр╕▒р╕Бр╕бр╕▓р╣Др╕Фр╣Йр╕Др╕░р╕Др╕▒р╕Фр╕Юр╕┤р╣Ар╕ир╕й р╕Вр╕нр╕Др╕Щр╕ер╕░ 1 р╕гр╕╡р╕Чр╕зр╕┤р╕Х р╕Щр╕░ 
#р╕Щр╕▒р╕Фр╣Ар╕вр╣Зр╕Фр╕лр╕▒р╕зр╕лр╕┤р╕Щ #fwb #р╣Ар╕Фр╣Зр╕Бр╕Вр╕╡р╣Йр╣Ар╕Зр╕╡р╣Ир╕вр╕Щ #р╕Чр╕лр╕▓р╕гр╕лр╕╖р╣Ир╕Щ"
7,2022-09-18 17:04:42+00:00,р╕Чр╕лр╕▓р╕гр╕лр╕╖р╣Ир╕Щр╕кр╕▒р╕Ър╕кр╕▓р╕зр╕Эр╕гр╕▒р╣Ир╕Зр╕кр╣Ир╕Зр╕вр╕▓р╕Ър╣Йр╕▓р╕Вр╣Йр╕▓р╕бр╕Кр╕▓р╕вр╣Бр╕Фр╕Щ р╕Бр╕▒р╕Ър╣Бр╕Бр╣Йр╕Ьр╣Йр╕▓р╕Др╕Щр╕Хр╕▒р╕зр╣Бр╕ер╣Йр╕зр╕гр╕╕р╕бр╣Вр╕Чр╕гр╕бр╕Бр╕ер╕▓р╕Зр╣Бр╕Ир╣Йр╕З https://t.co/Ai0uCjkx8e
8,2022-09-18 10:50:17+00:00,р╕Ьр╕╣р╣Йр╕Бр╕нр╕Зр╕Чр╕лр╕▓р╕гр╕лр╕╖р╣Ир╕Щр╕кр╕▒р╣Ир╕Зр╣Гр╕лр╣Йр╕ер╕╣р╕Бр╕Щр╣Йр╕нр╕Зр╕Ьр╕╣р╣Йр╕Др╕╕р╕бр╕Др╕╕р╕Б р╕Щр╕│р╕Хр╕▒р╕зр╕Щр╕▒р╕Бр╣Вр╕Чр╕йр╕кр╕▓р╕зр╣Ар╕Юр╕┤р╣Ир╕Зр╣Ар╕Вр╣Йр╕▓р╣Гр╕лр╕бр╣Ир╕бр╕▓р╣Ар╕Ыр╣Зр╕Щр╕Чр╕▓р╕кр╕Ър╕│р╣Ар╕гр╕нр╕Бр╕▓р╕бр╕Ър╕│р╕Ър╕▒р╕Фр╕Др╕зр╕▓р╕бр╣Ар╕Зр╕╡р╣Ир╕вр╕Щ https://t.co/iYLjpNDPTa
9,2022-09-18 04:32:49+00:00,6я╕ПтГг cc: @johnwinyu @fuxsuxlux @sirotek @virotali @Noom_Kanchai @prachatai @redcurry1966 @RangsimanRome @MFPThailand #р╕кр╣Ир╕нр╕Зр╕Чр╕зр╕┤р╕Хр╕вр╕▓р╕бр╣Ар╕Кр╣Йр╕▓ #р╣Ар╕гр╕╖р╣Ир╕нр╕Зр╣Ар╕ер╣Ир╕▓р╣Ар╕Кр╣Йр╕▓р╕Щр╕╡р╣Й #р╕Вр╣Ир╕▓р╕зр╕Кр╣Ир╕нр╕З3 #р╕Чр╕лр╕▓р╕гр╕лр╕╖р╣Ир╕Щ
10,2022-09-17 13:50:57+00:00,"р╕ар╕▓р╕Др╕Ыр╕гр╕░р╕Кр╕▓р╕Кр╕Щ р╕Ир╕╡р╣Йр╕лр╕вр╕╕р╕Фр╕кр╕нр╕Зр╕бр╕▓р╕Хр╕гр╕Рр╕▓р╕Щ р╕вр╕Бр╕Др╕Фр╕╡р╕Чр╕лр╕▓р╕гр╕Др╕╕р╕Бр╕Др╕▓р╕бр╕Чр╕▓р╕Зр╣Ар╕Юр╕и р╕Вр╕╢р╣Йр╕Щр╕ир╕▓р╕ер╕Чр╕лр╕▓р╕гр╕лр╕зр╕▒р╣Ир╕Щр╕ер╣Ир╕▓р╕Кр╣Йр╕▓-р╕Кр╣Ир╕зр╕вр╣Ар╕лр╕ер╕╖р╕нр╕Бр╕▒р╕Щ р╕вр╣Йр╕│р╕Хр╣Йр╕нр╕Зр╕Вр╕╢р╣Йр╕Щр╕ир╕▓р╕ер╕Юр╕ер╣Ар╕гр╕╖р╕нр╕Щ р╕Хр╕▒р╣Йр╕Зр╕Бр╕Б.р╣Ар╕нр╕▓р╕Др╕Щр╕Щр╕нр╕Бр╕гр╣Ир╕зр╕бр╕кр╕нр╕Ъ р╕Др╕╖р╕Щр╕Др╕зр╕▓р╕бр╣Ар╕Ыр╣Зр╕Щр╕Шр╕гр╕гр╕бр╣Ар╕лр╕вр╕╖р╣Ир╕н р╕Юр╕гр╣Йр╕нр╕бр╕Ыр╕Пр╕┤р╕гр╕╣р╕Ыр╕Чр╕╕р╕Бр╕Др╕Фр╕╡р╕Чр╕╡р╣Ир╣Ар╕Бр╕╡р╣Ир╕вр╕зр╕Бр╕▒р╕Ър╕Юр╕ер╣Ар╕гр╕╖р╕нр╕Щ

р╕нр╣Ир╕▓р╕Щр╕Вр╣Ир╕▓р╕з : https://t.co/TPuqhgecVP

#р╣Ар╕гр╕╖р╣Ир╕нр╕Зр╣Ар╕ер╣Ир╕▓р╣Ар╕Кр╣Йр╕▓р╕Щр╕╡р╣Й #р╕Вр╣Ир╕▓р╕зр╕Кр╣Ир╕нр╕З3
#р╕Вр╣Ир╕▓р╕зр╕кр╕▒р╕Зр╕Др╕б #р╕Чр╕лр╕▓р╕гр╕лр╕╖р╣Ир╕Щ"
11,2022-09-17 11:29:56+00:00,р╕бр╕▒р╕Щр╕Бр╣Зр╣Ар╕Ыр╣Зр╕Щр╕Лр╕░р╕лр╕вр╕▒р╣Лр╕Зр╣Ар╕Зр╕╡р╣Кр╕вр╕░ #р╕Чр╕лр╕▓р╕гр╕лр╕╖р╣Ир╕Щ #р╕Чр╕лр╕▓р╕гр╕Вр╕╡р╣Йр╣Ар╕Зр╕╡р╣Ир╕вр╕Щ https://t.co/TSrjDRLgTf
12,2022-09-17 10:17:32+00:00,"р╕Чр╕лр╕▓р╕гр╕Др╕ер╕▒р╣Ир╕Зр╕вр╕┤р╕Зр╕Бр╕▒р╕Щр╕Хр╕▓р╕вр╣Гр╕Щр╕Др╣Ир╕▓р╕в р╕гр╕бр╕з.р╕Бр╕ер╕▓р╣Вр╕лр╕бр╣Др╕бр╣Ир╕бр╕╡р╕Др╕зр╕▓р╕бр╣Ар╕лр╣Зр╕Щ  р╕Чр╕лр╕▓р╕гр╕лр╕╖р╣Ир╕Щ р╕Вр╣Ир╕бр╕Вр╕╖р╕Щр╕Чр╕лр╕▓р╕гр╕лр╕Нр╕┤р╕З р╕Ьр╕╣р╣Йр╣Ар╕кр╕╡р╕вр╕лр╕▓р╕вр╕лр╕ер╕▓р╕вр╕гр╕▓р╕в р╕гр╕бр╕з.р╕Бр╕ер╕▓р╣Вр╕лр╕бр╣Др╕бр╣Ир╕бр╕╡р╕Др╕зр╕▓р╕бр╣Ар╕лр╣Зр╕Щ

р╕Щр╣Йр╕│р╕Чр╣Ир╕зр╕бр╕гр╕░р╕вр╕нр╕З р╕гр╕бр╕з.р╕Бр╕ер╕▓р╣Вр╕лр╕б р╕кр╕▒р╣Ир╕Зр╕Бр╕▓р╕гр╣Ар╕Вр╣Йр╕▓р╕Кр╣Ир╕зр╕вр╣Ар╕лр╕ер╕╖р╕нр╕Чр╕▒р╕Щр╕Чр╕╡ р╕Юр╕гр╣Йр╕нр╕бр╕ер╕Зр╕Юр╕╖р╣Йр╕Щр╕Чр╕╡р╣И р╣Ар╕вр╕╡р╣Ир╕вр╕бр╣Ар╕вр╕╡р╕вр╕Щр╕Ыр╕гр╕░р╕Кр╕▓р╕Кр╕Щ р╕кр╣Ир╕зр╕Щ р╕гр╕бр╕з.р╕бр╕лр╕▓р╕Фр╣Др╕Чр╕в р╣Др╕бр╣Ир╕бр╕╡р╕Др╕зр╕▓р╕бр╣Ар╕лр╣Зр╕Щ

р╣Др╕бр╣Ир╕бр╕╡р╣Гр╕Др╕гр╕гр╕╣р╣Йр╕лр╕Щр╣Йр╕▓р╕Чр╕╡р╣Ир╕Хр╕▒р╕зр╣Ар╕нр╕Зр╕Лр╕▒р╕Бр╕Др╕Щ 

#р╕Бр╕╣р╕Фр╣Ир╕▓р╣Др╕Фр╣Йр╕Ыр╣Ир╕▓р╕зр╕зр╕░"
13,2022-09-17 07:23:24+00:00,р╕Чр╕│р╣Ар╕лр╕╡р╣Йр╕вр╕бр╕▓р╕лр╕ер╕▓р╕вр╕зр╕▒р╕Щр╕Юр╕╢р╣Ир╕Зр╣Ар╕Ьр╕вр╕Кр╕╖р╣Ир╕нЁЯШГ  #р╕Чр╕лр╕▓р╕гр╕лр╕╖р╣Ир╕Щ #р╕Ыр╕Ор╕┤р╕гр╕╣р╕Ыр╕Бр╕нр╕Зр╕Чр╕▒р╕Ю
14,2022-09-17 05:44:14+00:00,#р╕Чр╕лр╕▓р╕гр╕лр╕╖р╣Ир╕Щ ЁЯШотАНЁЯТи
15,2022-09-17 05:14:22+00:00,"р╕бр╕╣р╕ер╕Щр╕┤р╕Шр╕┤р╣Ар╕Юр╕╖р╣Ир╕нр╕Щр╕лр╕Нр╕┤р╕З р╕нр╕нр╕Бр╣Бр╕Цр╕ер╕Зр╕Бр╕▓р╕гр╕Ур╣Мр╕Ир╕╡р╣Й р╕гр╕бр╕з.р╕Бр╕ер╕▓р╣Вр╕лр╕б р╕гр╕Ур╕гр╕Зр╕Др╣Мр╕Чр╕лр╕▓р╕г р╣Др╕бр╣Ир╣Гр╕Кр╣Йр╕Др╕зр╕▓р╕бр╕гр╕╕р╕Щр╣Бр╕гр╕Зр╣Гр╕Щр╕Др╕гр╕нр╕Ър╕Др╕гр╕▒р╕з р╕лр╕ер╕▒р╕Зр╕бр╕╡р╕Бр╕гр╕Ур╕╡р╕Чр╕лр╕▓р╕гр╕лр╕╖р╣Ир╕Щ-р╕Хр╕Ър╕Хр╕╡р╕ар╕гр╕гр╕вр╕▓ 
@WassanaNanuam @armypr_news @prayutofficial @PMOC10 @thaigov1 @jomquan @thereportersth @pr_dms @PR_dmh #р╕нр╕┤р╕Зр╕Яр╣Йр╕▓р╕бр╕▓р╕лр╕▓р╕Кр╕Щ 
https://t.co/LXK74S3udv р╕Ьр╣Ир╕▓р╕Щ @MatichonOnline"
16,2022-09-17 05:09:25+00:00,р╕Ыр╕Пр╕┤р╕гр╕╣р╕Ыр╕нр╕Зр╕Др╣Мр╕Бр╕гр╕Щр╕╡р╣Йр╕вр╕▓р╕Бр╕бр╕▓р╕Б р╕Щр╕нр╕Бр╕Ир╕▓р╕Б Starlink р╕Вр╕нр╕З elon musk р╕Ир╕░р╣Ар╕Ыр╣Зр╕Щр╣Бр╕Ър╕Ъ skynet р╣Гр╕Щ terminator р╕нр╣Ир╕░ #р╕Чр╕лр╕▓р╕гр╕Вр╕╡р╣Йр╣Ар╕Зр╕╡р╣Ир╕вр╕Щ #р╕Чр╕лр╕▓р╕гр╕лр╕╖р╣Ир╕Щ #р╕Чр╕лр╕▓р╕гр╕бр╕╡р╣Др╕зр╣Йр╕Чр╣Нр╕▓р╣Др╕б https://t.co/nPDHUijEdY
17,2022-09-17 05:09:14+00:00,р╕бр╕╣р╕ер╕Щр╕┤р╕Шр╕┤р╣Ар╕Юр╕╖р╣Ир╕нр╕Щр╕лр╕Нр╕┤р╕З р╕нр╕нр╕Бр╣Бр╕Цр╕ер╕Зр╕Бр╕▓р╕гр╕Ур╣Мр╕Ир╕╡р╣Й р╕гр╕бр╕з.р╕Бр╕ер╕▓р╣Вр╕лр╕б р╕гр╕Ур╕гр╕Зр╕Др╣Мр╕Чр╕лр╕▓р╕г р╣Др╕бр╣Ир╣Гр╕Кр╣Йр╕Др╕зр╕▓р╕бр╕гр╕╕р╕Щр╣Бр╕гр╕Зр╣Гр╕Щр╕Др╕гр╕нр╕Ър╕Др╕гр╕▒р╕з р╕лр╕ер╕▒р╕Зр╕бр╕╡р╕Бр╕гр╕Ур╕╡р╕Чр╕лр╕▓р╕гр╕лр╕╖р╣Ир╕Щ-р╕Хр╕Ър╕Хр╕╡р╕ар╕гр╕гр╕вр╕▓ https://t.co/UuEeDJrkZU
18,2022-09-17 02:32:36+00:00,"р╕кр╕гр╕╕р╕Ыр╣Гр╕лр╣Йр╕нр╕нр╕Б  #р╕Чр╕лр╕▓р╕гр╕лр╕╖р╣Ир╕Щ
   р╕Хр╕┤р╕Фр╕Хр╕▓р╕бЁЯСЙ  https://t.co/8cAasABWIQ
#р╕Вр╣Ир╕▓р╕зр╕зр╕▒р╕Щр╕Щр╕╡р╣Й #р╕Вр╣Ир╕▓р╕зр╕кр╕Ф #р╣Др╕бр╣Ир╕Хр╣Йр╕нр╕Зр╕бр╕╡р╕зр╕╡р╣Др╕нр╕Юр╕╡р╕Бр╣Зр╣Др╕Фр╣Йр╕Щр╕░ https://t.co/imc8RKIvZN"
19,2022-09-17 01:48:31+00:00,@thaich8news р╕Чр╕│р╣Др╕Фр╣Йр╕нр╕вр╣Ир╕▓р╕Зр╣Др╕Зр╕зр╕░. р╣Ар╕Ыр╣Зр╕Щр╕Др╕Щр╕бр╕╡р╕вр╕ир╕ир╕▒р╕Бр╕Фр╕┤р╣Мр╕Чр╕│р╣Ар╕кр╕╡р╕вр╕кр╕Цр╕▓р╕Ър╕▒р╕Щ р╕Чр╕лр╕▓р╕г р╕лр╕╖р╣Ир╕Щр╣Др╕бр╣Ир╕лр╕▓р╣Ар╕бр╕╡р╕в р╣Др╕Фр╣Йр╣Др╕бр╣Ир╕Др╕╕р╣Йр╕бр╣Ар╕кр╕╡р╕вр╕нр╕▒р╕Ър╕нр╕▓р╕вр╕Вр╕▓р╕вр╕лр╕Щр╣Йр╕▓ЁЯШйЁЯШл р╕зр╣Ир╕▓р╣Бр╕ер╣Йр╕зр╣Ар╕Кр╕╡р╕вр╕з
20,2022-09-16 11:34:21+00:00,"р╕Бр╕нр╕Зр╕Чр╕▒р╕Юр╕Ър╕Б р╕ер╕Зр╕Фр╕▓р╕Ъ р╕Ыр╕ер╕Фр╕Чр╕лр╕▓р╕гр╕лр╕╖р╣Ир╕Щ р╕ер╣Ир╕зр╕Зр╕ер╕░р╣Ар╕бр╕┤р╕Ф р╕Юр╕Щр╕▒р╕Бр╕Зр╕▓р╕Щр╕лр╕Нр╕┤р╕Зр╣Гр╕Щр╕лр╕Щр╣Ир╕зр╕в
#р╕Чр╕лр╕▓р╕гр╕лр╕╖р╣Ир╕Щ #р╕Чр╕лр╕▓р╕г #р╕Бр╕нр╕Зр╕Чр╕▒р╕Юр╕Ър╕Б #р╕нр╕╡р╕Ир╕▒р╕Щ #EJanNews #р╕Вр╣Ир╕▓р╕з
https://t.co/0ppjgOarSf"
21,2022-09-16 11:32:18+00:00,#р╕Ьр╕Щр╕Зр╕гр╕Ир╕Хр╕Бр╕б #р╕Чр╕лр╕▓р╕гр╕лр╕╖р╣Ир╕Щ #р╣Вр╕лр╕Щр╕Бр╕гр╕░р╣Бр╕к https://t.co/ImTZXqTdfT
22,2022-09-16 11:27:02+00:00,р╣Гр╕Др╕гр╕бр╕╡р╕Др╕ер╕┤р╕Ы р╕бр╕╡р╕гр╕╣р╕Ыр╕Ър╣Йр╕▓р╕З #р╕кр╕┤р╕Ър╣Ар╕нр╕Б #р╕Чр╕лр╕▓р╕гр╕лр╕╖р╣Ир╕Щ  DM р╕кр╣Ир╕Зр╣Гр╕лр╣Йр╕лр╕Щр╣Ир╕нр╕в https://t.co/883aAtYkWo
23,2022-09-16 09:50:29+00:00,"р╕лр╕╖р╕бр╕бр╕бр╕бр╕бр╕бр╕Чр╣Ир╕▓р╕Щр╕гр╕нр╕Зр╕Др╕╖р╕нр╕бр╕╢р╕Зр╕Ир╕░р╣Гр╕лр╣Йр╣Ар╕гр╕╖р╣Ир╕нр╕Зр╣Ар╕Зр╕╡р╕вр╕Ъ
р╣Бр╕Ър╕Ър╣Ар╕Йр╕вр╣Жр╣Др╕бр╣Ир╣Др╕Фр╣Й р╕Ьр╕╣р╣Йр╕лр╕Нр╕┤р╕Зр╣Ар╕кр╕╡р╕вр╕лр╕▓р╕в
р╕кр╕╕р╕Фр╕Чр╣Йр╕▓р╕вр╕Бр╕ер╕▓р╕вр╣Ар╕Ыр╣Зр╕Щр╕Ьр╕┤р╕Фр╕Лр╕░р╕Зр╕▒р╣Йр╕Щ
р╣Ар╕нр╕▓р╣Ар╕Зр╕┤р╕Щр╕Яр╕▓р╕Фр╣Ар╕Бр╣Ир╕Зр╕нр╕╡р╕Бр╣Бр╕ер╣Йр╕з р╣Ар╕Зр╕┤р╕Щр╕ар╕▓р╕йр╕╡р╕Ыр╕гр╕░р╕Кр╕▓р╕Кр╕Щр╕гр╕╢р╕Ыр╣Ир╕▓р╕з
#р╣Вр╕лр╕Щр╕Бр╕гр╕░р╣Бр╕к
#р╕Чр╕лр╕▓р╕гр╕лр╕╖р╣Ир╕Щ 
#р╕Ыр╕Пр╕┤р╕гр╕╣р╕Ыр╕Бр╕нр╕Зр╕Чр╕▒р╕Ю https://t.co/uTPLPnDbq5"
24,2022-09-16 09:11:26+00:00,"р╕Чр╕лр╕▓р╕г р╣Др╕бр╣Ир╕Хр╣Йр╕нр╕Зр╕Др╕┤р╕Фр╕бр╕▓р╕Ыр╕Пр╕┤р╕зр╕▒р╕Хр╕┤ р╕Ыр╕Пр╕┤р╕гр╕╣р╕Ыр╣Гр╕Др╕гр╣Ар╕ер╕в р╕нр╕Зр╕Др╣Мр╕Бр╕гр╕бр╕╢р╕Зр╣Ар╕Щр╣Ир╕▓р╕лр╕Щр╕нр╕Щр╕Чр╕╡р╣Ир╕кр╕╕р╕Фр╕ер╕░ р╕нр╕Зр╕Др╣Мр╕Чр╕╡р╣Ир╕Др╕зр╕гр╕Цр╕╣р╕Бр╕Ыр╕Пр╕┤р╕гр╕╣р╕Ыр╕нр╕▒р╕Щр╕Фр╕▒р╕Ъ1р╕Др╕╖р╕нр╕Чр╕лр╕▓р╕г 
#р╕Чр╕лр╕▓р╕гр╕лр╕╖р╣Ир╕Щ"
25,2022-09-16 07:55:25+00:00,р╕Ыр╕ер╕Фр╕Чр╕лр╕▓р╕гр╕лр╕╖р╣Ир╕Щр╕Бр╕▓р╕бр╕нр╕нр╕Бр╕Ир╕▓р╕Бр╕гр╕▓р╕Кр╕Бр╕▓р╕гр╣Бр╕ер╣Йр╕з #р╕Др╕╕р╕Бр╕Др╕▓р╕бр╕Чр╕▓р╕Зр╣Ар╕Юр╕и https://t.co/0ZRnbjAgMI
26,2022-09-16 07:04:21+00:00,"""р╕Бр╕нр╕Зр╕Чр╕▒р╕Юр╕Ър╕Б"" р╕бр╕╡р╕Др╕│р╕кр╕▒р╣Ир╕Зр╕Ыр╕ер╕Ф ""р╕кр╕┤р╕Ър╣Ар╕нр╕Бр╕лр╕╖р╣Ир╕Щ"" р╕Юр╣Йр╕Щр╕гр╕▓р╕Кр╕Бр╕▓р╕г р╕Кр╕╡р╣Йр╕Ьр╕┤р╕Фр╕зр╕┤р╕Щр╕▒р╕вр╕Чр╕лр╕▓р╕г р╕Ыр╕гр╕░р╕Юр╕др╕Хр╕┤р╕Кр╕▒р╣Ир╕зр╕гр╣Йр╕▓р╕вр╣Бр╕гр╕З
р╕нр╣Ир╕▓р╕Щр╕Хр╣Ир╕нр╕Чр╕╡р╣И&gt;&gt;https://t.co/fpj85C3OaY
#siamrath #р╕кр╕вр╕▓р╕бр╕гр╕▒р╕Р #siamrathonline #р╕кр╕вр╕▓р╕бр╕гр╕▒р╕Рр╕нр╕нр╕Щр╣Др╕ер╕Щр╣М #р╕Вр╣Ир╕▓р╕зр╕зр╕▒р╕Щр╕Щр╕╡р╣Й #р╕Вр╣Ир╕▓р╕зр╕Бр╕▓р╕гр╣Ар╕бр╕╖р╕нр╕З #р╕Бр╕▓р╕гр╣Ар╕бр╕╖р╕нр╕З #р╕Бр╕нр╕Зр╕Чр╕▒р╕Юр╕Ър╕Б #р╕Чр╕лр╕▓р╕гр╕лр╕╖р╣Ир╕Щ"
27,2022-09-16 06:29:40+00:00,"р╣Гр╕лр╣Йр╕нр╕нр╕Бр╣Бр╕ер╣Йр╕з!!! р╕Ю.р╕н.р╕лр╕Нр╕┤р╕З р╕ир╕┤р╕гр╕┤р╕Ир╕▒р╕Щр╕Чр╕гр╣М р╕Зр╕▓р╕Чр╕нр╕З р╕гр╕нр╕Зр╣Вр╕Жр╕йр╕Бр╕Чр╕Ъ. р╣Ар╕Ьр╕вр╕кр╕▒р╣Ир╕Зр╕Ыр╕ер╕Фр╕к.р╕н.р╕Бр╕┤р╕Хр╕Хр╕┤р╕ир╕▒р╕Бр╕Фр╕┤р╣М р╕Фр╕зр╕Зр╕Ыр╕гр╕░р╕кр╕▓р╕Ч р╕Чр╕╡р╣Ир╕Цр╕╣р╕Бр╕Бр╕ер╣Ир╕▓р╕зр╕лр╕▓р╕ер╣Ир╕зр╕Зр╕ер╕░р╣Ар╕бр╕┤р╕Фр╕Чр╕▓р╕Зр╣Ар╕Юр╕ир╕Чр╕лр╕▓р╕гр╣Бр╕ер╕░р╕Ир╕Щр╕Ч. р╕лр╕ер╕▒р╕Зр╕Бр╕Б.р╕кр╕гр╕╕р╕Ыр╕Ьр╕ер╕бр╕╡р╕бр╕╣р╕е
.
р╣Вр╕Фр╕вр╕Бр╣Ир╕нр╕Щр╣Ар╕Ыр╣Зр╕Щр╕Вр╣Ир╕▓р╕зр╕Ьр╕╣р╣Йр╣Ар╕кр╕╡р╕вр╕лр╕▓р╕вр╕гр╕░р╕Ър╕╕р╕зр╣Ир╕▓р╕гр╣Йр╕нр╕Зр╣Ар╕гр╕╡р╕вр╕Щр╕лр╕ер╕▓р╕вр╕Др╕гр╕▒р╣Йр╕З р╣Бр╕Хр╣Ир╕Цр╕╣р╕Бр╕нр╣Йр╕▓р╕Зр╕Др╕зр╕▓р╕бр╣Ар╕Ыр╣Зр╕Щр╣Ар╕Фр╣Зр╕Бр╕Щр╕▓р╕вр╣Ар╕Ыр╣Ир╕▓р╕Др╕Фр╕╡р╣Гр╕лр╣Й 
#р╕Чр╕лр╕▓р╕гр╕лр╕╖р╣Ир╕Щ 
#р╕Ыр╕Пр╕┤р╕гр╕╣р╕Ыр╕Бр╕нр╕Зр╕Чр╕▒р╕Ю https://t.co/QXPhOkcvL7"
28,2022-09-16 05:39:44+00:00,'р╣Ар╕лр╕вр╕╖р╣Ир╕нр╕Чр╕лр╕▓р╕гр╕лр╕╖р╣Ир╕Щ' р╕гр╣Йр╕нр╕З р╕Ьр╕Ъ.р╕Чр╕Ъ. р╣Вр╕Фр╕Щр╕Хр╣Йр╕Щр╕кр╕▒р╕Зр╕Бр╕▒р╕Фр╕Лр╣Йр╕│р╣Ар╕Хр╕┤р╕б р╕Хр╕▒р╣Йр╕З р╕Бр╕Б. р╕кр╕нр╕Ър╕Чр╕│р╣Ар╕кр╕╖р╣Ир╕нр╕бр╣Ар╕кр╕╡р╕в https://t.co/vLNwQawYG6
29,2022-09-16 05:24:45+00:00,"ЁЯФ┤р╣Ар╕лр╕вр╕╖р╣Ир╕нр╕Чр╕лр╕▓р╕гр╕лр╕╖р╣Ир╕Щр╕Ър╕╕р╕Бр╕Бр╕нр╕Зр╕Чр╕▒р╕Юр╕Ър╕Б р╕гр╣Йр╕нр╕Зр╕Вр╕нр╕Др╕зр╕▓р╕бр╣Ар╕Ыр╣Зр╕Щр╕Шр╕гр╕гр╕б р╕Ьр╕Ъ.р╕Чр╕Ъ. р╣Ар╕лр╕Хр╕╕р╕Цр╕╣р╕Бр╕Др╕╕р╕Бр╕Др╕▓р╕бр╕Чр╕▓р╕Зр╣Ар╕Юр╕и р╕Лр╣Йр╕│р╕Цр╕╣р╕Бр╕Хр╕▒р╣Йр╕Зр╕Др╕Ур╕░р╕Бр╕гр╕гр╕бр╕Бр╕▓р╕гр╕кр╕нр╕Ър╕Ыр╕ер╣Ир╕нр╕вр╕ар╕▓р╕Юр╕зр╣Ир╕нр╕Щр╣Ар╕Щр╣Зр╕Х р╕Чр╕│р╕лр╕Щр╣Ир╕зр╕вр╣Ар╕кр╕╖р╣Ир╕нр╕бр╣Ар╕кр╕╡р╕в р╣Ар╕Хр╕гр╕╡р╕вр╕бр╕лр╕▓р╕Кр╣Ир╕нр╕Зр╕гр╣Йр╕нр╕Зр╣Ар╕гр╕╡р╕вр╕Щ р╕гр╕бр╕з.р╕Бр╕ер╕▓р╣Вр╕лр╕б

р╕нр╣Ир╕▓р╕Щр╕Хр╣Ир╕нр╕Чр╕╡р╣И https://t.co/Ft3lPTrbJ5

#р╣Ар╕лр╕вр╕╖р╣Ир╕нр╕Чр╕лр╕▓р╕гр╕лр╕╖р╣Ир╕Щ #р╕Бр╕▒р╕Щр╕Ир╕нр╕Зр╕Юр╕ер╕▒р╕З #р╕Бр╕нр╕Зр╕Чр╕▒р╕Юр╕Ър╕Б #TheRoom44 https://t.co/bYO0Hsuduu"
30,2022-09-16 05:21:58+00:00,"р╕нр╣Ир╕▓р╕Щр╕гр╕▓р╕вр╕ер╕░р╣Ар╕нр╕╡р╕вр╕Ф : https://t.co/kmSnH9wfJE

#р╕Др╕Фр╕╡р╕Юр╕вр╕▓р╕вр╕▓р╕бр╕Вр╣Ир╕бр╕Вр╕╖р╕Щ #р╕кр╕┤р╕Ър╣Ар╕нр╕Бр╕лр╕╖р╣Ир╕Щр╕Бр╕▓р╕б #р╕Бр╕▒р╕Щр╕Ир╕нр╕бр╕Юр╕ер╕▒р╕З #р╕кр╕┤р╕Ър╣Ар╕нр╕Бр╕Ыр╕ер╣Йр╕│р╕Шр╕╕р╕гр╕Бр╕▓р╕гр╕кр╕▓р╕з #р╕Юр╕вр╕▓р╕вр╕▓р╕бр╕Вр╣Ир╕бр╕Вр╕╖р╕Щ

р╣Ар╕лр╕вр╕╖р╣Ир╕нр╕Чр╕лр╕▓р╕гр╕лр╕╖р╣Ир╕Щ р╕гр╣Йр╕нр╕Зр╕Вр╕нр╕Др╕зр╕▓р╕бр╣Ар╕Ыр╣Зр╕Щр╕Шр╕гр╕гр╕б р╕Ьр╕Ъ.р╕Чр╕Ъ.  р╕Цр╕╣р╕Бр╕Др╕╕р╕Бр╕Др╕▓р╕бр╕Чр╕▓р╕Зр╣Ар╕Юр╕и р╕Лр╣Йр╕│р╕Цр╕╣р╕Бр╕Хр╕▒р╣Йр╕Зр╕Др╕Ур╕░р╕Бр╕гр╕гр╕бр╕Бр╕▓р╕гр╕кр╕нр╕Ър╕Ыр╕ер╣Ир╕нр╕вр╕ар╕▓р╕Юр╕зр╣Ир╕нр╕Щр╣Ар╕Щр╣Зр╕Х р╕Чр╕│р╕лр╕Щр╣Ир╕зр╕вр╣Ар╕кр╕╖р╣Ир╕нр╕бр╣Ар╕кр╕╡р╕в р╣Ар╕Хр╕гр╕╡р╕вр╕бр╕лр╕▓р╕Кр╣Ир╕нр╕Зр╕гр╣Йр╕нр╕Зр╣Ар╕гр╕╡р╕вр╕Щ р╕гр╕бр╕з.р╕Бр╕ер╕▓р╣Вр╕лр╕б https://t.co/0cHMx0ThkX"
31,2022-09-16 02:56:17+00:00,@MatichonOnline р╕лр╕Щр╣Йр╕▓р╕Чр╕╡р╣Ир╕Бр╕ер╕▓р╣Вр╕лр╕бр╕Др╕╖р╕нр╕нр╕░р╣Др╕г р╣Др╕Ыр╕Ир╕▒р╕Фр╕Бр╕▓р╕гр╣Ар╕гр╕╖р╣Ир╕нр╕Зр╕Чр╕лр╕▓р╕гр╕вр╕┤р╕Зр╕Бр╕▒р╕Щр╣Ар╕нр╕З р╕Чр╕лр╕▓р╕гр╕лр╕╖р╣Ир╕Щр╕Щр╕╣р╣Ир╕Щр╣Др╕Ы
32,2022-09-16 02:55:10+00:00,"ЁЯФ┤ р╕Др╕│р╕ир╕▒р╕Юр╕Чр╣Мр╣Гр╕Щр╕Вр╣Ир╕▓р╕зр╕Др╕Щр╕бр╕╡р╕кр╕╡р╕Кр╣Ир╕зр╕Зр╕Щр╕╡р╣Йр╕Др╕гр╕▒р╕Ъ!! 

р╕Ир╣Ир╕▓р╕Др╕ер╕▒р╣Ир╕З / р╕Чр╕лр╕▓р╕гр╕лр╕╖р╣Ир╕Щ/ р╕кр╕┤р╕Ър╣Ар╕нр╕Бр╕Ър╣Йр╕▓р╕Бр╕▓р╕б/ р╕к.р╕Х.р╕Ч.р╕лр╕Нр╕┤р╕Зр╣Вр╕лр╕Ф / р╕Чр╕лр╕▓р╕гр╕гр╕▒р╕Ър╣Гр╕Кр╣Й /"
33,2022-09-16 01:19:18+00:00,р╕лр╕Щр╕▒р╕Зр╣Вр╕Ыр╣Кр╕Нр╕╡р╣Ир╕Ыр╕╕р╣Ир╕Щр╕Чр╕лр╕▓р╕гр╕лр╕╖р╣Ир╕Щр╕Ир╕▒р╕Ър╕кр╕▓р╕зр╕Щр╕▒р╕Бр╣Вр╕Чр╕йр╕бр╕▓р╣Ар╕вр╣Зр╕Фр╕гр╕┤р╕бр╕лр╕Щр╣Йр╕▓р╕Ьр╕▓ https://t.co/VHrtIqJb27
34,2022-09-15 08:53:26+00:00,"#р╕Чр╕лр╕▓р╕гр╕Др╕ер╕▒р╣Ир╕З
#р╕Чр╕лр╕▓р╕гр╕лр╕╖р╣Ир╕Щ р╕зр╣Ир╕▓р╣Др╕З? https://t.co/aW3NSQKLF7"
35,2022-09-15 08:27:58+00:00,#р╣Вр╕лр╕Щр╕Бр╕гр╕░р╣Бр╕к р╕гр╕нр╕Фр╕╣р╕Чр╕лр╕▓р╕гр╕лр╕╖р╣Ир╕Щр╣Бр╕ер╕░р╕Щр╕▓р╕вр╕Вр╕нр╕Зр╕Юр╕зр╕Бр╣Ар╕Вр╕▓ р╕зр╣Ир╕▓р╕Ир╕░р╕бр╕▓р╣Бр╕Бр╣Йр╕Хр╕▒р╕зр╕вр╕▒р╕Зр╣Др╕З
36,2022-09-15 07:30:47+00:00,р╕Др╕зр╕▓р╕бр╕Чр╕╡р╣Ир╕Ыр╕ер╕▓р╕вр╕╕р╕Ф р╣Ар╕Ыр╣Зр╕Щр╕Др╕Щр╕Чр╕╡р╣Ир╣Др╕бр╣Ир╣Ар╕Др╕вр╕гр╕▒р╕Ър╕Ьр╕┤р╕Фр╕Кр╕нр╕Ър╕нр╕░р╣Др╕гр╕нр╕вр╕╣р╣Ир╣Бр╕ер╣Йр╕з р╣Гр╕Щр╕Рр╕▓р╕Щр╕░р╕Чр╕╡р╣Ир╣Ар╕кр╕гр╣Ир╕нр╣Др╕Ыр╕Щр╕▒р╣Ир╕Зр╕вр╕┤р╣Йр╕бр╣Вр╕Зр╣Ир╣Жр╕Чр╕╡р╣Ир╕Бр╕░р╕ер╕▓р╣Вр╕лр╕бр╣Ар╕гр╕╖р╣Ир╕нр╕З #р╕Чр╕лр╕▓р╕гр╕Др╕ер╕▒р╣Ир╕З #р╕Чр╕лр╕▓р╕гр╕лр╕╖р╣Ир╕Щ р╕Др╕Зр╣Ар╕Зр╕╡р╕вр╕Ър╕Бр╕гр╕┤р╕Ъ
37,2022-09-15 07:28:01+00:00,р╣Ар╕лр╕╡р╣Йр╕вр╣Жр╣Жр╣Жр╕Ир╕гр╕┤р╕Зр╣Жр╣Жр╣Жр╣Жр╣Ж р╣Др╕нр╣Йр╕Ыр╕гр╕░р╕вр╕╕р╕Чр╕Шр╣Мр╕Фр╕╣р╕ер╕╣р╕Бр╕Щр╣Йр╕нр╕Зр╕бр╕╢р╕Зр╕Фр╣Йр╕зр╕в #р╕Чр╕лр╕▓р╕гр╕лр╕╖р╣Ир╕Щ #р╕Бр╕нр╕Зр╕Чр╕▒р╕Юр╕Ър╕Б https://t.co/fYfKtNGb6u
38,2022-09-15 06:03:31+00:00,"р╕Хр╕г.р╣Ар╕нр╕▓р╕Ьр╕┤р╕Ф 4р╕Вр╣Йр╕нр╕лр╕▓ р╕кр╕┤р╕Ър╣Ар╕нр╕Бр╕Ър╕╕р╕Бр╕Ър╣Йр╕▓р╕Щр╕кр╕▓р╕з р╕лр╕зр╕▒р╕Зр╕вр╣Ир╕│р╕вр╕╡ р╣Ар╕Ир╣Йр╕▓р╕Хр╕▒р╕зр╕Ыр╕Пр╕┤р╣Ар╕кр╕Ш р╕Бр╣Ир╕нр╕Щр╣Др╕Фр╣Йр╕гр╕▒р╕Ър╕Бр╕▓р╕гр╕Ыр╕ер╣Ир╕нр╕вр╕Хр╕▒р╕з
#р╕Чр╕лр╕▓р╕гр╕лр╕╖р╣Ир╕Щ 
https://t.co/bDOSO5D5m7"
39,2022-09-15 01:48:07+00:00,"р╕Бр╣Йр╕▓р╕Щр╕Ър╕▒р╕зр╕Ър╕нр╕Бр╕ер╕╢р╕Бр╕Хр╕╖р╣Йр╕Щ р╕Кр╕ер╕Шр╕▓р╕г 
р╕Чр╕лр╕▓р╕гр╕лр╕╖р╣Ир╕Щр╕Ър╕╕р╕Бр╕бр╕▓р╕ер╕зр╕Щр╕ер╕▓р╕б р╕Ър╕нр╕Бр╕Бр╕┤р╕Щр╕Вр╣Йр╕▓р╕зр╕лр╕бр╣Йр╕нр╣Ар╕Фр╕╡р╕вр╕зр╕Бр╕▒р╕Щ ЁЯЦХЁЯП╗"
40,2022-09-15 01:34:33+00:00,р╕Яр╕▒р╕Зр╕Вр╣Ир╕▓р╕зр╕Чр╕лр╕▓р╕гр╕лр╕╖р╣Ир╕Щр╣Бр╕ер╣Йр╕зр╣Ар╕лр╕Щр╕╖р╣Ир╕нр╕вр╣Гр╕И р╕Др╕зр╕▓р╕бр╣Вр╕кр╕бр╕бр╕бр╕▒р╕Щр╕нр╕вр╕╣р╣Ир╕лр╕ер╕▒р╕Зр╕гр╕▒р╣Йр╕зр╕Чр╕лр╕▓р╕гр╕бр╕▓р╕Щр╕▓р╕Щр╣Ар╕Чр╣Ир╕▓р╣Др╕гр╣Бр╕ер╣Йр╕з р╕Ыр╕┤р╕Фр╕лр╕╣р╕Ыр╕┤р╕Фр╕Хр╕▓р╕Бр╕▒р╕Щр╕лр╕бр╕Ф р╕Чр╕│р╣Ар╕лр╕бр╕╖р╕нр╕Щр╕Ьр╕╣р╣Йр╕лр╕Нр╕┤р╕Зр╣Гр╕Щр╕Др╣Ир╕▓р╕вр╕Чр╕лр╕▓р╕гр╣Ар╕Ыр╣Зр╕Щр╣Ар╕Др╕гр╕╖р╣Ир╕нр╕Зр╕гр╕░р╕Ър╕▓р╕вр╕нр╕▓р╕гр╕бр╕Ур╣Мр╕Чр╕▓р╕Зр╣Ар╕Юр╕и р╕Чр╕╕р╣Ар╕гр╕ир╕Чр╕╕р╕гр╕▒р╕З
41,2022-09-14 18:20:50+00:00,"""р╣Гр╕Ир╣Ар╕вр╣Зр╕Щр╣Ж р╕Юр╕╡р╣Ир╕Щр╣Йр╕нр╕Зр╕Бр╕▒р╕Щ р╕Бр╕┤р╕Щр╕Вр╣Йр╕▓р╕зр╕лр╕бр╣Йр╕нр╣Ар╕Фр╕╡р╕вр╕зр╕Бр╕▒р╕Щр╕бр╕▓р╣Бр╕ер╣Йр╕зр╕Чр╕▒р╣Йр╕Зр╕Щр╕▒р╣Йр╕Щ""

""р╣Гр╕Ир╣Ар╕вр╣Зр╕Щр╣Ж р╕Юр╕╡р╣Ир╕Щр╣Йр╕нр╕Зр╕Бр╕▒р╕Щ р╕Бр╕┤р╕Щр╕Вр╣Йр╕▓р╕зр╕лр╕бр╣Йр╕нр╣Ар╕Фр╕╡р╕вр╕зр╕Бр╕▒р╕Щр╕бр╕▓р╣Бр╕ер╣Йр╕зр╕Чр╕▒р╣Йр╕Зр╕Щр╕▒р╣Йр╕Щ""

""р╣Гр╕Ир╣Ар╕вр╣Зр╕Щр╣Ж р╕Юр╕╡р╣Ир╕Щр╣Йр╕нр╕Зр╕Бр╕▒р╕Щ р╕Бр╕┤р╕Щр╕Вр╣Йр╕▓р╕зр╕лр╕бр╣Йр╕нр╣Ар╕Фр╕╡р╕вр╕зр╕Бр╕▒р╕Щр╕бр╕▓р╣Бр╕ер╣Йр╕зр╕Чр╕▒р╣Йр╕Зр╕Щр╕▒р╣Йр╕Щ""

""р╣Гр╕Ир╣Ар╕вр╣Зр╕Щр╣Ж р╕Юр╕╡р╣Ир╕Щр╣Йр╕нр╕Зр╕Бр╕▒р╕Щ р╕Бр╕┤р╕Щр╕Вр╣Йр╕▓р╕зр╕лр╕бр╣Йр╕нр╣Ар╕Фр╕╡р╕вр╕зр╕Бр╕▒р╕Щр╕бр╕▓р╣Бр╕ер╣Йр╕зр╕Чр╕▒р╣Йр╕Зр╕Щр╕▒р╣Йр╕Щ""

#р╕кр╕┤р╕Ър╕Хр╕гр╕╡р╕лр╕╖р╣Ир╕Щ #р╕Чр╕лр╕▓р╕гр╕лр╕╖р╣Ир╕Щ https://t.co/NRq3xlKr9a"
42,2022-09-14 14:49:52+00:00,"р╣Др╕бр╣Ир╕кр╕Ър╕▓р╕вр╣Гр╕И! тАЬр╕Чр╕Ъ.тАЭ р╕гр╕▒р╕Ър╕Чр╕лр╕▓р╕гр╕лр╕╖р╣Ир╕Щр╕Др╕╕р╕Бр╕Др╕▓р╕бр╕Чр╕▓р╕Зр╣Ар╕Юр╕ир╕Чр╕лр╕▓р╕гр╕лр╕Нр╕┤р╕З р╕вр╕▒р╕Щр╕Хр╣Йр╕Щр╕кр╕▒р╕Зр╕Бр╕▒р╕Фр╕Бр╕│р╕ер╕▒р╕Зр╕кр╕нр╕Ър╕нр╕вр╕╣р╣И
https://t.co/6K9X5Uk4AO
#р╕кр╕вр╕▓р╕бр╕гр╕▒р╕Р #р╕кр╕вр╕▓р╕бр╕гр╕▒р╕Рр╕нр╕нр╕Щр╣Др╕ер╕Щр╣М #siamrath #siamrathonline #р╕Вр╣Ир╕▓р╕зр╕зр╕▒р╕Щр╕Щр╕╡р╣Й"
43,2022-09-14 13:50:13+00:00,"р╣Ар╕лр╣Зр╕Щр╕Вр╣Ир╕▓р╕зр╕Чр╕лр╕▓р╕гр╕лр╕╖р╣Ир╕Щр╣Бр╕ер╣Йр╕зр╕Щр╕╢р╕Бр╕Цр╕╢р╕Зр╕Хр╕▒р╕зр╣Ар╕нр╕Зр╕кр╕бр╕▒р╕вр╕Чр╕│р╕Зр╕▓р╕Щр╣Бр╕гр╕Бр╣Жр╕бр╕╡р╕гр╕╕р╣Ир╕Щр╕Юр╕╡р╣Ир╕Др╕Щр╕Щр╕╢р╕Зр╕Чр╕╡р╣Ир╕Чр╕│р╕Зр╕▓р╕Щр╣Бр╕Бр╣Ар╕Ыр╣Зр╕Щр╕Др╕Щр╕нр╕▒р╕Шр╕вр╕▓р╕ир╕▒р╕вр╕Фр╕╡р╣Ар╕Ыр╣Зр╕Щр╕бр╕┤р╕Хр╕гр╕Бр╕▒р╕Ър╣Ар╕Юр╕╖р╣Ир╕нр╕Щр╕гр╣Ир╕зр╕бр╕Зр╕▓р╕Щр╕Чр╕╕р╕Бр╕Др╕Щр╣Бр╕Хр╣Ир╣Бр╕Бр╕Ир╕░р╕Щр╕┤р╕кр╕▒р╕вр╣Ар╕кр╕╡р╕вр╕нр╕вр╣Ир╕▓р╕Зр╕Др╕╖р╕нр╕Кр╕нр╕Ър╣Ар╕нр╕▓""р╕Щр╕┤р╣Йр╕зр╕Ър╕╡р╕Ър╣Гр╕лр╣Йр╕Хр╕░р╕Вр╕нр╣Ар╕кр╕╖р╣Йр╕нр╣Гр╕Щр╕Ьр╕╣р╣Йр╕лр╕Нр╕┤р╕Зр╕лр╕ер╕╕р╕Ф""р╕Хр╕нр╕Щр╣Ар╕гр╕▓р╣Ар╕Ьр╕ер╕нр╣Бр╕ер╣Йр╕зр╣Бр╕Бр╕Ир╕░р╣Бр╕кр╕Фр╕Зр╕Чр╣Ир╕▓р╕Чр╕╡р╕Вр╕│р╕нр╕нр╕Бр╕бр╕▓р╕нр╕вр╣Ир╕▓р╕Зр╕Кр╕нр╕Ър╣Гр╕И.р╕Юр╕нр╣Ар╕гр╕▓р╣Вр╕Фр╕Щр╣Ар╕Чр╣Ир╕▓р╕Щр╕▒р╣Йр╕Щр╣Бр╕лр╕ер╕░р╕Чр╕▒р╣Йр╕Зр╣Ар╕Ир╣Зр╕Ър╣Гр╕Ир╣Бр╕Др╣Йр╕Щр╣Гр╕Ир╣Бр╕ер╕░р╣Ар╕Бр╕ер╕╡р╕вр╕Фр╣Бр╕Бр╕бр╕▓р╕Б!!"
44,2022-09-14 13:07:52+00:00,"р╕Чр╕Ъ.р╣Бр╕Ир╕З р╕Хр╣Йр╕Щр╕кр╕▒р╕Зр╕Бр╕▒р╕Фр╕Хр╕▒р╣Йр╕З р╕Бр╕Б.р╕кр╕нр╕Ъ ""р╕Чр╕лр╕▓р╕гр╕лр╕╖р╣Ир╕Щ"" р╣Бр╕ер╣Йр╕з р╣Бр╕Хр╣Ир╕вр╕▒р╕Зр╣Др╕бр╣Ир╕кр╕гр╕╕р╕Ыр╕Ьр╕е р╕Ьр╕╣р╣Йр╣Ар╕кр╕╡р╕вр╕лр╕▓р╕вр╕гр╣Йр╕нр╕Щр╣Гр╕Ир╕гр╣Йр╕нр╕Зр╕кр╕╖р╣Ир╕н р╕вр╕▒р╕Щр╣Гр╕лр╣Йр╕Др╕зр╕▓р╕бр╣Ар╕Ыр╣Зр╕Щр╕Шр╕гр╕гр╕б

р╕нр╣Ир╕▓р╕Щр╕Хр╣Ир╕н : https://t.co/sZqnTfDORc

#р╕Вр╣Ир╕▓р╕зр╕Кр╣Ир╕нр╕З8 #р╕Вр╣Ир╕▓р╕зр╕нр╕нр╕Щр╣Др╕ер╕Щр╣Мр╕Кр╣Ир╕нр╕З8
#р╕Чр╕лр╕▓р╕гр╕лр╕╖р╣Ир╕Щ #р╕Хр╕▒р╣Йр╕Зр╕Бр╕гр╕гр╕бр╕Бр╕▓р╕гр╕кр╕нр╕Ъ
#р╕Бр╕нр╕Зр╕Чр╕▒р╕Юр╕Ър╕Б #р╕Бр╕▒р╕Щр╕Ир╕нр╕бр╕Юр╕ер╕▒р╕З
#р╕Бр╕▓р╕Нр╕Ир╕Щр╕Ър╕╕р╕гр╕╡ https://t.co/NwGRXlKi3h"
45,2022-09-14 11:52:25+00:00,р╕Эр╕▓р╕Бр╕Чр╣Ир╕▓р╕Щ @prayutofficial р╕гр╕бр╕з.р╕Бр╕ер╕▓р╣Вр╕лр╕б р╕Ир╕▒р╕Фр╕Бр╕▓р╕гр╕Др╕Фр╕╡р╕Чр╕лр╕▓р╕гр╕лр╕╖р╣Ир╕Щр╕Бр╕ер╕╕р╣Ир╕бр╕Щр╕╡р╣Йр╕Фр╣Йр╕зр╕вр╕Щр╕░ https://t.co/atyUOlSUs5
46,2022-09-14 11:26:17+00:00,"р╕Ьр╕╣р╣Йр╣Ар╕кр╕╡р╕вр╕лр╕▓р╕вр╕гр╣Йр╕нр╕З р╕Бр╕▒р╕Щ р╕Ир╕нр╕бр╕Юр╕ер╕▒р╕З р╕Цр╕╣р╕Бр╕Чр╕лр╕▓р╕гр╕лр╕╖р╣Ир╕Щр╕вр╕ир╕кр╕┤р╕Ър╣Ар╕нр╕Бр╕Ър╕╕р╕Бр╕Вр╣Ир╕бр╕Вр╕╖р╕Щр╕Бр╕гр╕░р╕Чр╕│р╕Кр╕│р╣Ар╕гр╕▓р╕Цр╕╢р╕Зр╕Ър╣Йр╕▓р╕Щр╕Юр╕▒р╕Бр╣Бр╕Хр╣Ир╣Др╕бр╣Ир╕кр╕│р╣Ар╕гр╣Зр╕И р╣Бр╕Цр╕бр╕вр╕▒р╕Зр╕ер╕зр╕Щр╕ер╕▓р╕бр╣Гр╕Щр╕Чр╕╡р╣Ир╕Чр╕│р╕Зр╕▓р╕Щр╕нр╕╡р╕Б р╣Бр╕Йр╕Лр╣Йр╕│р╣Ар╕Ыр╣Зр╕Щр╕ер╕╣р╕Бр╣Ар╕Ир╣Йр╕▓р╕Вр╕нр╕Зр╣Вр╕гр╕Зр╕кр╕╡ р╣Ар╕Фр╣Зр╕Бр╕Щр╕▓р╕в р╕Бр╣Ир╕нр╣Ар╕лр╕Хр╕╕р╕ер╕зр╕Щр╕ер╕▓р╕бр╕Ьр╕╣р╣Йр╕лр╕Нр╕┤р╕Зр╕бр╕▓р╣Бр╕ер╣Йр╕зр╣Бр╕Хр╣Ир╣Ар╕гр╕╖р╣Ир╕нр╕Зр╣Ар╕Зр╕╡р╕вр╕Ъ р╕Др╕гр╕▓р╕зр╕Щр╕╡р╣Йр╕Др╕Зр╕вр╣Ир╕▓р╕бр╣Гр╕И р╕гр╕нр╕Ър╕Чр╕╡р╣Ир╣Бр╕ер╣Йр╕зр╕гр╕нр╕Фр╕Хр╕▒р╕з р╕Др╕гр╕▓р╕зр╕Щр╕╡р╣Йр╕Ир╕░р╕гр╕нр╕Фр╣Др╕лр╕б?
.
https://t.co/uBwGn8vfxq https://t.co/nq4rcyci0n"
47,2022-09-14 10:27:59+00:00,"р╕Др╕ер╕┤р╕Ыр╕гр╣Йр╕нр╕З #р╕Ир╣Ир╕▓р╕лр╕╖р╣Ир╕Щр╕Бр╕▓р╕б р╣Гр╕Щр╕лр╕Щр╣Ир╕зр╕вр╕Зр╕▓р╕Щ #р╕Бр╕нр╕Зр╕Чр╕▒р╕Юр╕Ър╕Б р╕Ьр╕╣р╣Йр╕Ър╕▒р╕Зр╕Др╕▒р╕Ър╕Ър╕▒р╕Нр╕Кр╕▓р╕Цр╕╖р╕нр╕лр╕▓р╕З р╕Чр╕│р╕лр╕ер╕▓р╕вр╕Др╕гр╕▒р╣Йр╕З р╕Бр╕ер╕▒р╕Ър╣Ар╕Зр╕╡р╕вр╕Ъ р╕Яр╕╕р╣Йр╕Зр╣Ар╕Ыр╣Зр╕Щр╣Ар╕Фр╣Зр╕Бр╕Щр╕▓р╕в р╣Др╕бр╣Ир╕Хр╣Йр╕нр╕Зр╕Чр╕│р╕Зр╕▓р╕Щр╕Бр╣Зр╕Хр╕┤р╕Фр╕вр╕ир╣Др╕Фр╣Й р╣Др╕бр╣Ир╕бр╕╡р╣Гр╕Др╕гр╕Чр╕│р╕нр╕░р╣Др╕гр╣Др╕Фр╣Й р╕Ир╕Щр╕Хр╣Йр╕нр╕Зр╕Вр╕нр╕Др╕зр╕▓р╕бр╕Кр╣Ир╕зр╕вр╣Ар╕лр╕ер╕╖р╕нр╕Ир╕▓р╕Бр╕Бр╕▒р╕Щ р╕Ир╕нр╕бр╕Юр╕ер╕▒р╕З #р╕Ьр╕Ър╕Чр╕Ъ р╕гр╕╣р╣Йр╕вр╕▒р╕З????
#р╕Бр╕нр╕Зр╕Чр╕▒р╕Юр╕Ър╕Б #р╕Чр╕лр╕▓р╕гр╕лр╕╖р╣Ир╕Щ #р╕Чр╕лр╕▓р╕гр╕Ър╣Йр╕▓р╕Бр╕▓р╕б 
#р╕Вр╣Ир╕бр╕Вр╕╖р╕Щ #р╕Бр╕нр╕Зр╕Чр╕▒р╕Юр╕Юр╕╡р╕Д #р╕Бр╕гр╕░р╕Чр╕┤р╕Зр╕Вр╕╕р╕Щр╕Ур╕гр╕Зр╕Др╣М #р╕ир╕▓р╕ер╕Чр╕лр╕▓р╕г https://t.co/nhRWT5sbLa"
48,2022-09-14 07:25:21+00:00,"р╕Юр╕Щр╕▒р╕Бр╕Зр╕▓р╕Щр╕лр╕Щр╣Ир╕зр╕вр╕Чр╕лр╕▓р╕гр╕зр╕▒р╕в 34 р╕Ыр╕╡р╣Бр╕Ир╣Йр╕Зр╕Др╕зр╕▓р╕бр╕кр╕а.р╕ер╕▓р╕Фр╕лр╕Нр╣Йр╕▓ р╣Ар╕нр╕▓р╕Ьр╕┤р╕Фр╕к.р╕н.р╕лр╕╖р╣Ир╕Щ р╕Ър╕╕р╕Бр╕Ър╣Йр╕▓р╕Щр╕Юр╕▒р╕Бр╕лр╕ер╕зр╕З р╕лр╕зр╕▒р╕Зр╕Вр╣Ир╕бр╕Вр╕╖р╕Щ р╣Бр╕Хр╣Ир╕бр╕╡р╣Ар╕бр╕Щр╣Ар╕ер╕вр╕гр╕нр╕Фр╕бр╕▓р╣Др╕Фр╣Й р╕гр╕▓р╕вр╕Зр╕▓р╕Щр╕Ьр╕╣р╣Йр╕Ър╕▒р╕Зр╕Др╕▒р╕Ър╕Ър╕▒р╕Нр╕Кр╕▓р╕Бр╕ер╕▒р╕Ър╣Ар╕Зр╕╡р╕вр╕Ъ р╣Бр╕Цр╕бр╕Хр╕▒р╣Йр╕Зр╕Бр╕Б.р╕кр╕нр╕Ър╣Ар╕Ър╕╡р╣Ир╕вр╕Зр╕Ыр╕гр╕░р╣Ар╕Фр╣Зр╕Щ р╕гр╕░р╕Ър╕╕р╕Яр╕╕р╣Йр╕Зр╣Ар╕Ыр╣Зр╕Щр╣Ар╕Фр╣Зр╕Бр╕Щр╕▓р╕в р╣Др╕бр╣Ир╕Хр╣Йр╕нр╕Зр╕Чр╕│р╕Зр╕▓р╕Щр╕Бр╣Зр╕Хр╕┤р╕Фр╕вр╕ир╣Др╕Фр╣Й р╣Др╕бр╣Ир╕бр╕╡р╣Гр╕Др╕гр╕Чр╕│р╕нр╕░р╣Др╕гр╣Др╕Фр╣Й р╕Ир╕Щр╕Хр╣Йр╕нр╕Зр╕Вр╕нр╕Др╕зр╕▓р╕бр╕Кр╣Ир╕зр╕вр╣Ар╕лр╕ер╕╖р╕нр╕Ир╕▓р╕Бр╕Бр╕▒р╕Щ р╕Ир╕нр╕бр╕Юр╕ер╕▒р╕З 
#р╕Бр╕нр╕Зр╕Чр╕▒р╕Юр╕Ър╕Б 
#р╕Чр╕лр╕▓р╕гр╕лр╕╖р╣Ир╕Щ https://t.co/QZvVrf75T1"
49,2022-09-14 06:06:00+00:00,р╕Ч.р╕Чр╕лр╕▓р╕гр╕лр╕╖р╣Ир╕Щ https://t.co/dHMlP89T46
50,2022-09-09 08:08:52+00:00,р╕лр╕Щр╕▒р╕Зр╣Вр╕Ыр╣Кр╕Чр╕лр╕▓р╕гр╕лр╕╖р╣Ир╕Щ р╣Бр╕нр╕Ър╣Ар╕вр╣Зр╕Фр╕лр╕╡р╣Бр╕бр╣Ир╕Ър╣Йр╕▓р╕Щр╕лр╕╡р╣Ар╕Щр╕╡р╕вр╕Щ р╕Ир╕▒р╕Ър╣Бр╕лр╕зр╕Бр╕Др╕▓р╣Ар╕вр╣Зр╕Фр╕кр╕Фр╣Ар╕нр╕▓р╕Др╕зр╕вр╕Бр╕гр╕░р╣Бр╕Чр╕Бр╕лр╕╡р╕гр╕▒р╕з р╕Вр╣Ир╕бр╕Вр╕╖р╕Щр╣Ар╕вр╣Зр╕Фр╕лр╕╡р╣Ар╕ер╣Ир╕Щр╕Лр╕░р╕гр╕╣р╕лр╕╡р╣Бр╕лр╕Бр╕лр╕бр╕Фр╣Ар╕вр╣Зр╕Фр╣Бр╕гр╕Зр╕Ир╕▒р╕Ф https://t.co/3eLvcyoAnt
51,2022-08-24 12:31:46+00:00,р╕лр╕Щр╕▒р╕Зр╣Вр╕Ыр╣Кр╕Чр╕лр╕▓р╕гр╕лр╕╖р╣Ир╕Щ р╣Бр╕нр╕Ър╣Ар╕вр╣Зр╕Фр╕лр╕╡р╣Бр╕бр╣Ир╕Ър╣Йр╕▓р╕Щр╕лр╕╡р╣Ар╕Щр╕╡р╕вр╕Щ р╕Ир╕▒р╕Ър╣Бр╕лр╕зр╕Бр╕Др╕▓р╣Ар╕вр╣Зр╕Фр╕кр╕Фр╣Ар╕нр╕▓р╕Др╕зр╕вр╕Бр╕гр╕░р╣Бр╕Чр╕Бр╕лр╕╡р╕гр╕▒р╕з р╕Вр╣Ир╕бр╕Вр╕╖р╕Щр╣Ар╕вр╣Зр╕Фр╕лр╕╡р╣Ар╕ер╣Ир╕Щр╕Лр╕░р╕гр╕╣р╕лр╕╡р╣Бр╕лр╕Бр╕лр╕бр╕Фр╣Ар╕вр╣Зр╕Фр╣Бр╕гр╕Зр╕Ир╕▒р╕Ф https://t.co/3eLvcyFDpt
52,2022-08-09 06:18:38+00:00,@Panuchai2565 р╕нр╕вр╕▓р╕Бр╣Ар╕Ир╕нр╕Чр╕лр╕▓р╕гр╕лр╕╖р╣Ир╕Щр╣Ж
53,2022-08-07 06:47:58+00:00,р╕лр╕Щр╕▒р╕Зр╣Вр╕Ыр╣Кр╕Нр╕╡р╣Ир╕Ыр╕╕р╣Ир╕Щр╕Чр╕лр╕▓р╕гр╕лр╕╖р╣Ир╕Щр╕Ир╕▒р╕Ър╕кр╕▓р╕зр╕Щр╕▒р╕Бр╣Вр╕Чр╕йр╕бр╕▓р╣Ар╕вр╣Зр╕Фр╕гр╕┤р╕бр╕лр╕Щр╣Йр╕▓р╕Ьр╕▓ https://t.co/VHrtIqr1NZ
54,2022-07-19 06:22:00+00:00,р╕Др╕ер╕┤р╕Ыр╣Вр╕Ыр╣К р╕Чр╕лр╕▓р╕гр╕лр╕╖р╣Ир╕Щр╣Бр╕нр╕Ър╣Ар╕вр╣Зр╕Фр╣Ар╕бр╕╡р╕вр╣Ар╕Юр╕╖р╣Ир╕нр╕Щр╣Гр╕Щр╕Бр╕нр╕З р╣Ар╕бр╕╡р╕вр╣Ар╕Юр╕╖р╣Ир╕нр╕Щр╕бр╕▓р╕лр╕▓р╕Цр╕╢р╕Зр╕Чр╕╡р╣Ир╣Бр╕Хр╣Ир╣Др╕бр╣Ир╕вр╕нр╕бр╣Др╕Ыр╕лр╕▓р╕Ьр╕▒р╕зр╕Хр╕▒р╕зр╣Ар╕нр╕З р╕кр╕Зр╕кр╕▒р╕вр╕Ир╕░р╕гр╕╣р╣Йр╕зр╣Ир╕▓р╣Ар╕Юр╕╖р╣Ир╕нр╕Щр╕Ьр╕▒р╕зр╣Ар╕вр╣Зр╕Фр╣Ар╕Бр╣Ир╕Зр╕Бр╕зр╣Ир╕▓ https://t.co/rWf3nwJYyd
55,2022-07-17 20:46:45+00:00,р╕Ьр╕╣р╣Йр╕Бр╕нр╕Зр╕Чр╕лр╕▓р╕гр╕лр╕╖р╣Ир╕Щр╕кр╕▒р╣Ир╕Зр╣Гр╕лр╣Йр╕ер╕╣р╕Бр╕Щр╣Йр╕нр╕Зр╕Ьр╕╣р╣Йр╕Др╕╕р╕бр╕Др╕╕р╕Б р╕Щр╕│р╕Хр╕▒р╕зр╕Щр╕▒р╕Бр╣Вр╕Чр╕йр╕кр╕▓р╕зр╣Ар╕Юр╕┤р╣Ир╕Зр╣Ар╕Вр╣Йр╕▓р╣Гр╕лр╕бр╣Ир╕бр╕▓р╣Ар╕Ыр╣Зр╕Щр╕Чр╕▓р╕кр╕Ър╕│р╣Ар╕гр╕нр╕Бр╕▓р╕бр╕Ър╕│р╕Ър╕▒р╕Фр╕Др╕зр╕▓р╕бр╣Ар╕Зр╕╡р╣Ир╕вр╕Щ https://t.co/iYLjpNUSVa
56,2022-07-14 15:35:32+00:00,@kimwhiskey р╕Ир╕▓р╕Бр╣Гр╕Ир╣Ар╕Фр╣Зр╕Бр╣Ар╕кр╕┤р╕гр╣Мр╕Яр╕гр╣Йр╕▓р╕Щр╕нр╕▓р╕лр╕▓р╕г/р╕гр╣Йр╕▓р╕Щр╣Ар╕лр╕ер╣Йр╕▓р╕Щр╕░р╕Др╕░  р╕кр╣Ир╕зр╕Щр╣Гр╕лр╕Нр╣Ир╣Ар╕Ир╕нр╕Чр╕лр╕▓р╕гр╕лр╕╖р╣Ир╕Щр╕Бр╕▓р╕бр╣Ар╕вр╕нр╕░р╕бр╕▓р╕Бр╕Др╕╕р╕У  р╣Бр╕Ър╕Ър╕зр╣Ир╕▓ р╕бр╕▓р╕Бр╕▒р╕Ър╕Щр╕▓р╕вр╕Хр╕▒р╕зр╣Ар╕нр╕Зр╕Чр╕╡р╣Ир╕нр╕▓р╕вр╕╕40-50р╣Ар╕Зр╕╡р╣Йр╕в  р╕ер╕нр╕Зр╕ер╕Зр╕бр╕▓р╕Хр╕│р╕гр╕зр╕И
57,2022-06-26 11:45:32+00:00,@Robin_hood888 р╕Хр╣Йр╕нр╕Зр╕Юр╕зр╕Бр╕Чр╕лр╕▓р╕г р╕лр╕╖р╣Ир╕Щр╣Ж р╣Ар╕вр╣Зр╕Фр╕Фр╕╕р╕Фр╕╡р╣Ар╕Кр╣Ир╕Щр╕Ьр╕б5555
58,2022-06-08 02:08:06+00:00,р╣Бр╕Ър╕Ър╕Щр╕╡р╣Йр╕Щр╣Ир╕▓р╕гр╕▒р╕Б р╕Др╣Ир╕нр╕вр╕ер╕Фр╕нр╕Др╕Хр╕┤р╕Чр╕лр╕▓р╕гр╕лр╕╖р╣Ир╕Щр╕Вр╕╢р╣Йр╕Щр╕бр╕▓р╕лр╕Щр╣Ир╕нр╕в р╕Ыр╕Бр╕Хр╕┤р╣Ар╕Ир╕нр╣Бр╕Хр╣Ир╣Др╕нр╕Фр╕нр╕ер╕лр╕Нр╕┤р╕Зр╣Др╕Ыр╣Вр╕Кр╕зр╣Мр╣Ар╕Хр╣Йр╕Щр╣Бр╕ер╣Йр╕зр╣Ар╕Ир╕нр╕Чр╕лр╕▓р╕гр╣Бр╕Ър╕Ъ ;-;
59,2022-05-21 04:07:57+00:00,р╕гр╕Ър╕бр╕▓р╕Щр╕▓р╕Щр╕Бр╣Зр╕нр╕вр╕▓р╕Бр╕Ыр╕ер╕Фр╕Ыр╕ер╣Ир╕нр╕вр╕Щр╣Йр╕│р╣Ар╕Зр╕╡р╣Ир╕вр╕Щр╕Ър╣Йр╕▓р╕З р╕лр╕Щр╕▒р╕Зр╣Вр╕Ыр╣Кр╕Чр╕лр╕▓р╕гр╕лр╕╖р╣Ир╕Щ   р╣Ар╕лр╕бр╕▓р╕Бр╕гр╕░р╕лр╕гр╕╡р╣Ир╕бр╕╕р╕кр╕ер╕┤р╕бр╕бр╕▓р╣Ар╕вр╣Зр╕Фр╣Гр╕лр╣Йр╕лр╕Щр╕│р╣Гр╕И р╕вр╕╖р╕Щр╕Бр╕гр╕░р╣Ар╕Фр╣Йр╕▓р╕Ыр╕▓р╕Бр╕Ир╕▒р╕Ър╕Бр╕Фр╕лр╕▒р╕зр╕Ир╕Щр╕бр╕┤р╕Фр╣Вр╕Др╕Щ р╣Др╕бр╣Ир╣Др╕Фр╣Йр╣Ар╕лр╣Зр╕Щр╕лр╕╡р╕Щр╕▓р╕Щр╕Др╕зр╕вр╣Бр╕Вр╣Зр╕Зр╕кр╕╣р╣Йр╣Вр╕Др╕Хр╕гр╕Фр╕╡ https://t.co/JRQYbBprUz
60,2022-04-26 08:04:45+00:00,@Nannylove24xxx р╣Гр╕Кр╣Ир╕Др╕▒р╕Ър╕Чр╕лр╕▓р╕гр╕лр╕╖р╣Ир╕Щр╕Др╕▒р╕Ъ р╣Ар╕зр╕ер╕▓р╣Ар╕вр╣Зр╕Фр╕Ьр╕╣р╕лр╕Нр╕┤р╕Зр╕Ир╕░р╣Ар╕вр╕Фр╕лр╕╡р╕кр╕ер╕▒р╕Ър╕Бр╕▒р╕Ър╣Ар╕вр╕Фр╕Бр╣Йр╕Щр╕Др╕▒р╕Ър╕бр╕▒р╕Щр╕бр╕▓р╕Б
61,2022-04-21 01:23:08+00:00,@nakmua р╕Юр╕ер╕Чр╕лр╕▓р╕г р╕лр╕╖р╣Ир╕Щр╕Фр╕╡
62,2022-04-13 10:05:56+00:00,"р╣Ар╕Ир╕нр╕Лр╕╡р╕гр╕╡р╣И Mata hari р╕бр╕▓ р╣Ар╕гр╕╖р╣Ир╕нр╕Зр╕Ир╕░р╣Ар╕гр╕┤р╣Ир╕бр╕Ир╕▓р╕Бр╕Хр╕нр╕Щр╕Чр╕╡р╣Ир╕ер╕╣р╕Бр╕Кр╕▓р╕вр╕Вр╕нр╕Зр╕Щр╕▓р╕Зр╕Хр╕▓р╕в р╣Бр╕ер╣Йр╕зр╕лр╕Щр╕╡р╕Ьр╕▒р╕зр╕Чр╕лр╕▓р╕гр╕лр╕╖р╣Ир╕Щ р╕Кр╕нр╕Ър╣Гр╕Кр╣Йр╕Др╕зр╕▓р╕бр╕гр╕╕р╕Щр╣Бр╕гр╕З

https://t.co/1zbLTHs5ld"
63,2022-02-01 03:00:49+00:00,#р╕Чр╕лр╕▓р╕гр╕лр╕╖р╣Ир╕Щ
64,2021-12-27 13:22:31+00:00,р╕Чр╕лр╕▓р╕гр╕лр╕╖р╣Ир╕Щ р╣Ж р╕Щр╕▒р╕Фр╣Ар╕вр╣Зр╕Фр╕кр╕▓р╕зр╕кр╕нр╕Зр╕бр╕╡р╕Ыр╣Ир╕░р╕Др╕░ тШ║я╕ПтШ║я╕П
65,2021-09-25 02:55:08+00:00,р╕Чр╕лр╕▓р╕гр╕лр╕╖р╣Ир╕Щр╣Ар╕нр╕▓р╕Бр╕▒р╕Щ
66,2021-09-25 02:47:33+00:00,р╕Чр╕лр╕▓р╕гр╕лр╕╖р╣Ир╕Щ
67,2021-09-20 04:16:26+00:00,р╣Гр╕Др╕гр╕Ър╕нр╕Бр╕Чр╕лр╕▓р╕гр╕лр╕╖р╣Ир╕Щ р╕нр╕вр╣Ир╕▓р╣Др╕Ыр╣Ар╕Кр╕╖р╣Ир╕н р╕Цр╣Йр╕▓р╕Др╕╕р╕вр╕вр╕▒р╕Зр╣Др╕бр╣И/р╕Фр╣Йр╕ер╕нр╕З https://t.co/SpTxhIKpSO
68,2021-07-27 01:37:42+00:00,@PTabubpa @Kkkkk4402 р╕нр╣Йр╕▓р╕з р╕кр╕▓р╕гр╕зр╕▒р╕Хр╕гр╕Чр╕лр╕▓р╕гр╕лр╕╖р╣Ир╕Щ
69,2021-06-19 12:37:25+00:00,р╕Чр╕лр╕▓р╕гр╕лр╕╖р╣Ир╕Щ..р╕бр╕╡р╕бр╕╕р╕Бр╕Фр╣Йр╕зр╕в..ЁЯТжЁЯТж https://t.co/ri7kZqkpNm
70,2021-06-14 14:55:16+00:00,р╣Бр╕лр╕бр╣И р╕лр╕бр╕╣р╣Ир╕Хр╕нр╕Ър╕Фр╕╡ р╕кр╕бр╣Бр╕ер╣Йр╕зр╕Чр╕╡р╣Ир╕гр╕нр╕Фр╕Ир╕▓р╕Бр╕Чр╕лр╕▓р╕гр╕лр╕╖р╣Ир╕Щр╣Жр╕гр╕нр╕Ър╕Чр╕╡р╣Ир╣Бр╕ер╣Йр╕зр╕Щр╕░р╕Др╕░ 55555 #р╕Др╕Чр╕▓р╕кр╕┤р╕Зр╕лр╣Мep6 https://t.co/fSCm51exJ4
71,2021-05-28 14:31:49+00:00,р╕Ир╕гр╕┤р╕З р╣Др╕Ыр╣Гр╕кр╣Ир╕Бр╕гр╕░р╣Вр╕Ыр╕гр╕Зр╕кр╕▒р╣Йр╕Щр╣Жр╣Ар╕Хр╣Йр╕Щр╣Гр╕лр╣Йр╕Чр╕лр╕▓р╕гр╕лр╕╖р╣Ир╕Щр╣Жр╕Фр╕╣ р╕кр╕Зр╕кр╕▓р╕гр╕бр╕▓р╕Бр╣Ар╕ер╕в
72,2021-05-07 18:56:37+00:00,р╕лр╕▓р╕гр╕╣р╣Йр╣Др╕бр╣Ир╣Ар╕Ыр╣Зр╕Щр╕Бр╕▓р╕гр╣Ар╕нр╕▓р╕Бр╕гр╕░р╕Хр╣Ир╕▓р╕вр╕нр╕вр╣Ир╕▓р╕Зр╕Хр╕▒р╕зр╣Ар╕нр╕Зр╣Др╕Ыр╣Ар╕Вр╣Йр╕▓р╕Ыр╕▓р╕Бр╣Ар╕кр╕╖р╕нр╕Йр╕Бр╕гр╕гр╕Ир╣М р╕Ыр╕гр╕░р╕бр╕╕р╕Вр╕кр╕╡р╕Др╕┤р╕Фр╕кр╕▒р╕Зр╕лр╕▓р╕гр╕Кр╕┤р╕Щр╕нр╣Лр╕нр╕З р╣Бр╕Ир╣Йр╕Зр╕Чр╕▓р╕Зр╕Бр╕▓р╕гр╕зр╣Ир╕▓р╕кр╕┤р╣Йр╕Щр╕гр╕░р╕лр╕зр╣Ир╕▓р╕Зр╕гр╕Ър╕Бр╕▒р╕Ър╕ир╕▒р╕Хр╕гр╕╣ р╕Чр╕зр╣Ир╕▓р╣Ар╕лр╕ер╣Ир╕▓р╕Чр╕лр╕▓р╕гр╕лр╕╖р╣Ир╕Щр╕Бр╕гр╕░р╕лр╕▓р╕вр╣Ар╕кр╕╡р╕Ър╕вр╕Фр╕▓р╕вр╕Вр╕нр╕З р╕Др╕Щр╕Зр╕▓р╕бр╕Вр╕нр╕Зр╕гр╕▓р╕Кр╕зр╕Зр╕ир╣Мр╕ер╕Фр╕Хр╕▒р╕зр╕ер╕Зр╕бр╕▓р╕Щр╕нр╕Щр╕лр╕бр╕Фр╕кр╕ар╕▓р╕Юр╕нр╕вр╕╣р╣Ир╣Гр╕Щр╕нр╕Б р╣Др╕бр╣Ир╣Ар╕кр╕Юр╕кр╕╕р╕Вр╕Бр╣Ир╕нр╕Щр╕Ир╕▒р╕Бр╕Хр╣Йр╕нр╕Зр╣Ар╕кр╕╡р╕вр╕Фр╕▓р╕вр╣Др╕Ыр╕Чр╕▒р╣Йр╕Зр╕Кр╕╡р╕зр╕┤р╕Х р╕Ыр╕гр╕░р╕бр╕╕р╕Вр╕кр╕╡р╕нр╕Щр╕╕р╕бр╕▒р╕Хр╕┤р╕нр╕вр╣Ир╕▓р╕Зр╕вр╕┤р╕Щр╕Фр╕╡ р╣Др╕Фр╣Йр╕Чр╕│р╣Гр╕лр╣Йр╕кр╕Бр╕╕р╕ер╕Ир╕Зр╕нр╕▒р╕Ыр╕вр╕и
73,2021-04-29 10:42:43+00:00,р╕Фр╕╡р╣Ар╕лр╕бр╕╖р╕нр╕Щр╕Бр╕▒р╕Щр╕Щр╕░р╣Ар╕лр╕бр╕▓р╕░р╕Бр╕▒р╕Ър╕вр╕╕р╕Др╕Чр╕╡р╣Ир╣Ар╕гр╕▓р╕бр╕╡р╕Чр╕лр╕▓р╕гр╕лр╕╖р╣Ир╕Щр╣Ж р╕Др╕нр╕вр╣Бр╕нр╕Ър╕Цр╣Ир╕▓р╕вр╕Щр╕▒р╕Бр╕Бр╕╡р╕мр╕▓ https://t.co/GbkXQ0f6ha
74,2021-04-23 12:10:00+00:00,"р╕кр╕бр╕▓р╕Др╕бр╕вр╕┤р╕бр╕Щр╕▓р╕кр╕Хр╕┤р╕Бр╕п р╕Вр╕Щр╕лр╕ер╕▒р╕Бр╕Рр╕▓р╕Щ р╣Бр╕Ир╣Йр╕Зр╣Ар╕нр╕▓р╕Ьр╕┤р╕Фр╕Щр╕▓р╕вр╕Чр╕лр╕▓р╕гр╕лр╕╖р╣Ир╕Щ р╣Бр╕нр╕Ър╕Цр╣Ир╕▓р╕в-р╕Др╕╕р╕Бр╕Др╕▓р╕бр╕Щр╕▒р╕Бр╕Бр╕╡р╕мр╕▓р╕лр╕Нр╕┤р╕З

#р╣Ар╕гр╕╖р╣Ир╕нр╕Зр╣Ар╕ер╣Ир╕▓р╣Ар╕Кр╣Йр╕▓р╕Щр╕╡р╣Й #р╕Вр╣Ир╕▓р╕зр╕Кр╣Ир╕нр╕З3 #CH3Plus

https://t.co/bVGrg1I1MP"
75,2021-04-23 10:17:35+00:00,"#NewsUpdate р╕кр╕бр╕▓р╕Др╕бр╕вр╕┤р╕бр╕Щр╕▓р╕кр╕Хр╕┤р╕Бр╕п р╕Вр╕Щр╕лр╕ер╕▒р╕Бр╕Рр╕▓р╕Щ р╣Бр╕Ир╣Йр╕Зр╣Ар╕нр╕▓р╕Ьр╕┤р╕Фр╕Щр╕▓р╕вр╕Чр╕лр╕▓р╕гр╕лр╕╖р╣Ир╕Щ р╣Бр╕нр╕Ър╕Цр╣Ир╕▓р╕в-р╕Др╕╕р╕Бр╕Др╕▓р╕бр╕Щр╕▒р╕Бр╕Бр╕╡р╕мр╕▓р╕лр╕Нр╕┤р╕З
.
р╕нр╣Ир╕▓р╕Щр╕Вр╣Ир╕▓р╕зр╕Чр╕╡р╣И : https://t.co/bVGrg1I1MP
.
#р╣Ар╕гр╕╖р╣Ир╕нр╕Зр╣Ар╕ер╣Ир╕▓р╣Ар╕Кр╣Йр╕▓р╕Щр╕╡р╣Й #р╕Вр╣Ир╕▓р╕зр╕Кр╣Ир╕нр╕З3 #Ch3Plus https://t.co/GhHGHDTPmQ"
76,2021-04-23 02:49:30+00:00,"@queentogetheris р╕кр╕бр╕нр╕Зр╕Лр╕╡р╕Бр╕Чр╕│р╕бр╕▓р╕лр╕▓р╕Бр╕┤р╕Щр╕гр╕▒р╕Ър╕Ьр╕┤р╕Фр╕Кр╕нр╕Ър╣Др╕бр╣Ир╣Др╕Фр╣Йр╕Чр╕│р╕Зр╕▓р╕Щр╣Ар╕Юр╕гр╕▓р╕░р╕бр╕╡р╕ар╕▓р╕йр╕╡р╣Гр╕лр╣Йр╣Бр╕Фр╕Бр╕Яр╕гр╕╡
р╕кр╕бр╕нр╕Зр╣Ар╕ер╕вр╕Чр╕│р╕Зр╕▓р╕Щр╣Бр╕Др╣Ир╕кр╣Ир╕зр╕Щр╕Хр╕▒р╕Ур╕лр╕▓р╕Чр╕╡р╣Ир╕вр╕┤р╣Ир╕Зр╕Чр╕│р╕вр╕┤р╣Ир╕Зр╣Бр╕Вр╣Зр╕Зр╣Бр╕гр╕З р╣Ар╕гр╕▓р╕Ир╕╢р╕Зр╣Ар╕лр╣Зр╕Щр╕Чр╕лр╕▓р╕гр╕лр╕╖р╣Ир╕Щр╕Ир╕┤р╕Хр╣Ар╕вр╕нр╕░,р╣Ар╕лр╕бр╕╖р╕нр╕Щр╕Юр╣Ир╕нр╕бр╕▒р╕Щр╣Ар╕ер╕в"
77,2021-04-23 01:11:37+00:00,@queentogetheris р╣Ар╕нр╕▓р╕бр╕▒р╕Щр╕кр╣Мр╣Гр╕лр╣Йр╣Ар╕Вр╣Зр╕Ф р╕Чр╕лр╕▓р╕гр╕лр╕╖р╣Ир╕Щр╕Чр╕│р╣Бр╕Хр╣Ир╣Ар╕гр╕╖р╣Ир╕нр╕Зр╣Ар╕кр╕╡р╕вр╣Ж
78,2021-04-22 11:24:38+00:00,#р╕Чр╕лр╕▓р╕гр╕лр╕╖р╣Ир╕Щ https://t.co/mDUOEqOrDj
79,2021-03-12 04:12:09+00:00,р╕Чр╕лр╕▓р╕гр╕лр╕╖р╣Ир╕ЩЁЯШБЁЯШБ https://t.co/yIjg1ZKcKi
80,2021-03-06 04:50:19+00:00,р╣Ар╕нр╕▓р╕бр╕▓р╣Бр╕Вр╕зр╕Щр╣Гр╕Щр╣Др╕Чр╕в р╣Ар╕Ир╕нр╕Чр╕лр╕▓р╕гр╕лр╕╖р╣Ир╕Щ р╕нр╕┤р╕кр╕▒р╕к https://t.co/XQphVIZosh
81,2021-02-20 09:40:00+00:00,"р╕Др╕гр╕╣р╕Ьр╕┤р╕Фр╕кр╕▒р╕Зр╣Ар╕Бр╕Х р╕Щр╕г.р╕лр╕Нр╕┤р╕З р╕Лр╕╢р╕бр╣Ар╕ир╕гр╣Йр╕▓ р╕Хр╕╖р╣Йр╕нр╕Цр╕▓р╕бр╕Ир╕Щр╣Др╕Фр╣Йр╕Бр╕▓р╕г р╣Ар╕Др╕гр╕╡р╕вр╕Фр╕Юр╕ер╕Чр╕лр╕▓р╕гр╕лр╕╖р╣Ир╕Щр╣Бр╕Ър╕ер╣Зр╕Др╣Ар╕бр╕ер╣Мр╕Вр╕╣р╣Ир╕Ыр╕ер╣Ир╕нр╕вр╕ар╕▓р╕Юр╕гр╕╡р╕Фр╣Др╕Цр╣Ир╣Ар╕Зр╕┤р╕Щ #р╣Ар╕гр╕╖р╣Ир╕нр╕Зр╣Ар╕ер╣Ир╕▓р╣Ар╕кр╕▓р╕гр╣Мр╕нр╕▓р╕Чр╕┤р╕Хр╕вр╣М
https://t.co/dlWnJsIFk4"
82,2021-02-20 09:40:00+00:00,"р╕Др╕гр╕╣р╕Ьр╕┤р╕Фр╕кр╕▒р╕Зр╣Ар╕Бр╕Х р╕Щр╕г.р╕лр╕Нр╕┤р╕З р╕Лр╕╢р╕бр╣Ар╕ир╕гр╣Йр╕▓ р╕Хр╕╖р╣Йр╕нр╕Цр╕▓р╕бр╕Ир╕Щр╣Др╕Фр╣Йр╕Бр╕▓р╕г р╣Ар╕Др╕гр╕╡р╕вр╕Фр╕Юр╕ер╕Чр╕лр╕▓р╕гр╕лр╕╖р╣Ир╕Щр╣Бр╕Ър╕ер╣Зр╕Др╣Ар╕бр╕ер╣Мр╕Вр╕╣р╣Ир╕Ыр╕ер╣Ир╕нр╕вр╕ар╕▓р╕Юр╕гр╕╡р╕Фр╣Др╕Цр╣Ир╣Ар╕Зр╕┤р╕Щ #р╣Ар╕гр╕╖р╣Ир╕нр╕Зр╣Ар╕ер╣Ир╕▓р╣Ар╕кр╕▓р╕гр╣Мр╕нр╕▓р╕Чр╕┤р╕Хр╕вр╣М
https://t.co/5JxXo9l8lM"
83,2021-01-11 10:55:04+00:00,р╣Ар╕Ър╕╖р╣Ир╕нр╕Хр╕┤р╣Ир╕Зр╣Ар╕Бр╕▓р╕зр╕Зр╕Ьр╕╣р╣Йр╕Кр╕▓р╕вр╕Ър╕▓р╕Зр╕Др╕Щр╕Чр╕╡р╣Ир╕Бр╕Фр╣Бр╕ер╕░р╕Фр╕╣р╕Цр╕╣р╕Бр╕Ьр╕Н. р╕Фр╣Йр╕зр╕вр╕Бр╕▒р╕Щ р╣Др╕бр╣Ир╣Бр╕вр╕Бр╣Бр╕вр╕░р╕Ыр╕гр╕░р╣Ар╕Фр╣Зр╕Щ р╕Др╕╖р╕нр╣Ар╕Вр╕▓р╕Юр╕▓р╕Бр╕▒р╕Щр╕гр╕╣р╣Йр╕кр╕╢р╕Бр╣Бр╕вр╣Ир╕Хр╕гр╕Зр╕Чр╕╡р╣Ир╣Др╕нр╕Фр╕нр╕ер╕лр╕Нр╕┤р╕Зр╕Цр╕╣р╕Бр╕Др╕╕р╕Бр╕Др╕▓р╕б р╕кр╕┤р╣Ир╕Зр╣Др╕лр╕Щр╕бр╕▒р╕Щ creepy р╕бр╕╢р╕Зр╕Бр╣Зр╕Хр╣Йр╕┤р╕Зр╕гр╕╣р╣Йр╕Ыр╣Ир╕░ р╣Гр╕Щр╕Др╣Ир╕▓р╕вр╕Чр╕лр╕▓р╕гр╕лр╕╖р╣Ир╕Щр╕Бр╕▓р╕бр╣Гр╕кр╣Ир╣Др╕нр╕Фр╕нр╕ер╕лр╕Нр╕┤р╕Зр╕нр╣Ир╕░р╣Бр╕Чр╕Щр╕Чр╕╡р╣Ир╕бр╕╢р╕Зр╕Ир╕░р╣Ар╕Ър╕┤р╕Бр╣Ар╕Щр╕Хр╕г р╣Ар╕Вр╕▓р╣Вр╕вр╕Зр╕лр╕▓р╣Др╕нр╕Фр╕нр╕ер╕Кр╕▓р╕вр╕бр╕╢р╕Зр╕вр╕▒р╕З р╣Ар╕кр╕Щр╕нр╕лр╕Щр╣Йр╕▓р╣Ар╕Бр╣Ир╕Зр╕Ир╕▒р╕З
84,2020-08-12 06:51:50+00:00,р╣Ар╕Фр╕╡р╣Лр╕вр╕зр╕Вр╕╕р╕Фр╕Хр╕▒р╕зр╕Щр╕╡р╣Йр╕бр╕▓р╣Гр╕кр╣И р╕Ыр╕гр╕░р╣Вр╕вр╕Др╣Бр╕Лр╣Ир╕Ър╣Ж р╕Ир╕▓р╕Бр╕лр╕Щр╕▒р╕Зр╕Чр╕лр╕▓р╕гр╕лр╕╖р╣Ир╕Щр╕Чр╕╡р╣Ир╕Хр╕▓р╕вр╣Ар╕Юр╕гр╕▓р╕░р╕бр╕▒р╕Бр╕бр╕▓р╕Бр╣Гр╕Щр╕лр╕нр╕вр╣Бр╕ер╕░р╣Ар╕лр╣Зр╕Фр╕Юр╕┤р╕й ЁЯдгЁЯдгЁЯдг https://t.co/jGoBgIUV6A
85,2020-08-08 05:00:00+00:00,р╕гр╕зр╕Ър╣Бр╕ер╣Йр╕з! р╕ер╕╕р╕Зр╣Ар╕Вр╕вр╕нр╕Фр╕╡р╕Хр╕Чр╕лр╕▓р╕гр╕лр╕╖р╣Ир╕Щ р╕Щр╕▒р╣Ир╕Зр╣Ар╕Эр╣Йр╕▓р╕лр╕Щр╣Йр╕▓р╕Ър╣Йр╕▓р╕Щр╕лр╕ер╕▓р╕Щр╕кр╕▓р╕зр╕зр╕▒р╕в 17 р╕лр╕зр╕▒р╕Зр╕Йр╕╕р╕Фр╕Чр╕│р╣Ар╕бр╕╡р╕в р╕Хр╣Йр╕Щр╕кр╕▒р╕Зр╕Бр╕▒р╕Фр╕кр╕▒р╣Ир╕Зр╕кр╕нр╕Ър╕зр╕┤р╕Щр╕▒р╕в #р╕Вр╣Ир╕▓р╕зр╕зр╕▒р╕Щр╣Гр╕лр╕бр╣И https://t.co/0mrCvZorMI
86,2020-07-28 16:58:46+00:00,"р╕Ир╕░р╣Др╕Ыр╣Ар╕Юр╕гр╕▓р╕░р╕нр╕░р╣Др╕гр╣Др╕Фр╣Йр╕Щр╕нр╕Бр╣Ар╕кр╕╡р╕вр╕Ир╕▓р╕Бр╕Юр╕зр╕Бр╕Чр╕лр╕▓р╕гр╕лр╕╖р╣Ир╕Щр╕Бр╕гр╕░р╕лр╕▓р╕вр╣Др╕бр╣Ир╕кр╕Щр╕Ьр╕┤р╕Фр╕Цр╕╣р╕Бр╕Чр╕╡р╣Ир╕Юр╕вр╕▓р╕вр╕▓р╕бр╕Ир╕░р╕Вр╣Ир╕бр╕Вр╕╖р╕Щр╣Ар╕Вр╕▓р╕Чр╕▒р╣Йр╕Зр╣Жр╕Чр╕╡р╣Ир╕гр╣Ир╕▓р╕Зр╕Бр╕▓р╕вр╕Бр╣Зр╣Ар╕Ыр╣Зр╕Щр╕Кр╕▓р╕вр╣Ар╕лр╕бр╕╖р╕нр╕Щр╕Бр╕▒р╕Щ

р╣Бр╕ер╕░р╕Щр╕▒р╣Ир╕Щр╕Др╕╖р╕нр╕Др╕гр╕▒р╣Йр╕Зр╣Бр╕гр╕Бр╕Чр╕╡р╣Ир╣Ар╕Вр╕▓р╣Гр╕Кр╣Йр╕бр╕Щр╕Хр╣Мр╕Фр╕│р╕Ыр╕ер╕┤р╕Фр╕Кр╕╡р╕зр╕┤р╕Хр╕Ьр╕╣р╣Йр╕Др╕Щ"
87,2020-07-14 08:16:47+00:00,"24- ""р╕бр╕▓р╕Бр╕▒р╕Ър╕Вр╣Йр╕▓ р╕Ыр╕гр╕░р╕бр╕╕р╕Вр╕лр╕ер╕▓р╕Щ""

р╣Ар╕кр╕╡р╕вр╕Зр╕Чр╕╕р╣Йр╕бр╕Чр╕гр╕Зр╕нр╕│р╕Щр╕▓р╕Ир╕Фр╕▒р╕Зр╕Вр╕╢р╣Йр╕Щ р╕бр╕╕р╕бр╕Ыр╕▓р╕Бр╕Др╕Щр╕Ьр╕╣р╣Йр╕Щр╕▒р╣Йр╕Щр╣Вр╕Др╣Йр╕Зр╕Вр╕╢р╣Йр╕Щр╣Ар╕ер╣Зр╕Бр╕Щр╣Йр╕нр╕в

""р╕Ир╕░р╣Ар╕ер╕╖р╕нр╕Бр╕бр╕▓р╕Бр╕▒р╕Ър╕Вр╣Йр╕▓р╕лр╕гр╕╖р╕нр╕Ир╕░р╕нр╕вр╕╣р╣Ир╕Бр╕▒р╕Ър╕Чр╕лр╕▓р╕гр╕лр╕╖р╣Ир╕Щр╕Бр╕▓р╕бр╕Юр╕зр╕Бр╕Щр╕▒р╣Йр╕Щр╕Вр╕нр╕Зр╕Вр╣Йр╕▓ р╕Др╕┤р╕Фр╕Фр╕╣р╕Фр╕╡ р╣Ж р╕Щр╕░""

р╕лр╕ер╕▓р╕Щр╕Лр╕╡р╣Ар╕Йр╕┤р╕Щр╣Ар╕бр╣Йр╕бр╕Ыр╕▓р╕Бр╕Бр╣Ир╕нр╕Щр╕Ир╕░р╣Ар╕нр╕╖р╣Йр╕нр╕бр╕бр╕╖р╕нр╣Др╕Ыр╕лр╕▓р╕бр╕╖р╕нр╣Гр╕лр╕Нр╣Ир╕Вр╣Йр╕▓р╕Зр╕Щр╕▒р╣Йр╕Щ р╕бр╕╖р╕нр╕Щр╕▒р╣Йр╕Щр╕Бр╕╕р╕бр╕Бр╕гр╕░р╕Кр╕▒р╕Ър╣Бр╕ер╕░р╕Фр╕╢р╕Зр╕Хр╕▒р╕зр╣Ар╕Вр╕▓р╕ер╕нр╕вр╕Ыр╕░р╕Чр╕░р╕Бр╕▒р╕Ър╣Бр╕Ьр╣Ир╕Щр╕нр╕Бр╣Бр╕Бр╕гр╣Ир╕З

""р╕лр╕╢ р╣Бр╕Др╣Ир╕Щр╕╡р╣Йр╣Бр╕лр╕ер╕░р╣Ар╕Фр╣Зр╕Бр╕Фр╕╡"""
88,2020-05-23 15:38:20+00:00,р╕Хр╕нр╕Щр╣Бр╕гр╕Бр╕Фр╕╣р╕Юр╕гр╕▓р╕░р╕Др╕┤р╕Фр╕зр╣Ир╕▓р╕Чр╕лр╕▓р╕гр╕лр╕╖р╣Ир╕Щр╣Вр╕гр╕Др╕Ир╕┤р╕Хр╣Др╕ер╣Ир╕Жр╣Ир╕▓р╕Щр╕гр╕лр╕Щр╕▒р╕Зр╕кр╕вр╕нр╕Зр╕Зр╕╡р╣Й р╕кр╕гр╕╕р╕Ыр╕нр╣Йр╕▓р╕зр╕лр╕Щр╕▒р╕Зр╕нр╕вр╣Ир╕▓р╕Зр╕зр╣Ир╕▓р╕кр╕░р╕Зр╕▒р╣Йр╕Щр╕Чр╕╡р╣Ир╕кр╕│р╕Др╕▒р╕Нр╕лр╕╖р╣Ир╕Щр╕Чр╕▒р╣Йр╕Зр╕гр╕г https://t.co/CHT0oz7nIh
89,2020-02-17 16:00:00+00:00,"р╕гр╕зр╕Ър╕Юр╕ер╕Чр╕лр╕▓р╕гр╕лр╕╖р╣Ир╕Щ р╕ер╕зр╕Зр╣Ар╕Фр╣Зр╕Бр╕лр╕Щр╕╕р╣Ир╕бр╕Бр╕зр╣Ир╕▓ 100 р╕Др╕Щ р╕Цр╣Ир╕▓р╕вр╕Др╕ер╕┤р╕Ыр╣Вр╕Ыр╣К-р╕Кр╕│р╣Ар╕гр╕▓ 

https://t.co/mOv0gnSHMW 

#р╕Вр╣Ир╕▓р╕зр╣Ар╕Вр╣Йр╕бр╕Кр╣Ир╕нр╕З8 #р╕Вр╣Ир╕▓р╕зр╕Кр╣Ир╕нр╕З8 #р╣Гр╕Др╕гр╣Жр╕Бр╣Зр╕Фр╕╣р╕Кр╣Ир╕нр╕З8р╕Бр╕Фр╣Ар╕ер╕В27 https://t.co/N0KwS8mEMF"
90,2020-01-09 11:23:12+00:00,@iamarmaou р╣Бр╕бр╕гр╣Ир╕Зр╣Ар╕нр╕▓ р╕Чр╕лр╕▓р╕гр╕лр╕╖р╣Ир╕Щр╕кр╕Зр╕Др╕гр╕▓р╕бр╕бр╕▓р╣Ар╕Ыр╣Зр╕Щр╕гр╕▒р╕Рр╕Ър╕▓р╕ер╕Бр╣Зр╕Щр╕│р╕Юр╕▓р╕Ыр╕гр╕░р╣Ар╕Чр╕ир╣Ар╕Вр╣Йр╕▓р╕кр╕╣р╣Ир╕кр╕Зр╕Др╕гр╕▓р╕б. р╣Ар╕нр╕▓р╕Юр╣Ир╕нр╕Др╣Йр╕▓р╕бр╕▓р╣Ар╕Ыр╣Зр╕Щр╕Щр╕▓р╕вр╕Бр╕Бр╣Зр╕Ир╕░р╕Щр╕│р╕Юр╕▓р╕Ыр╕гр╕░р╣Ар╕Чр╕ир╣Ар╕Ир╕гр╕┤р╕Нр╕Бр╣Йр╕▓р╕зр╕лр╕Щр╣Йр╕▓р╕Чр╕▓р╕Зр╕Бр╕▓р╕гр╕Др╣Йр╕▓.   р╕Лр╕╖р╣Йр╕нр╣Жр╣Жр╣Жр╣Ар╕Вр╣Йр╕▓р╣Др╕Ы р╕нр╕▓р╕зр╕╕р╕Шр╕Ыр╕гр╕░р╣Ар╕Чр╕ир╕Ир╕░р╣Др╕бр╣Ир╕бр╕╡р╣Ар╕лр╕╡р╣Йр╕вр╣Др╕гр╣Бр╕Фр╕Бр╣Бр╕ер╣Йр╕з
91,2019-10-19 07:41:24+00:00,"р╕бр╕▒р╕Щр╕Ир╕░р╣Ар╕лр╕Зр╕▓р╣Жр╕лр╕Щр╣Ир╕нр╕в р╕нр╕вр╕▓р╕Бр╕Др╕▓р╕Кр╕╕р╕Фр╕Щр╕╡р╣Йр╕Ир╕▒р╕З

#р╕Чр╕лр╕▓р╕гр╕лр╕╖р╣Ир╕Щ https://t.co/BdrbWUEYcx"
92,2019-10-18 09:30:00+00:00,"ЁЯУМ р╕бр╕нр╕Ър╕Хр╕▒р╕зр╣Бр╕ер╣Йр╕з!! ""р╕Юр╕ер╕Чр╕лр╕▓р╕гр╕лр╕╖р╣Ир╕Щ"" р╕лр╕ер╕нр╕Бр╣Ар╕Фр╣Зр╕Бр╕лр╕Нр╕┤р╕Зр╕зр╕▒р╕в 14 р╕Ыр╕╡ р╕кр╕│р╣Ар╕гр╣Зр╕Ир╕Др╕зр╕▓р╕бр╣Гр╕Др╕гр╣Ир╣Вр╕Кр╕зр╣М р╕Бр╣Ир╕нр╕Щр╕Ър╕▒р╕Щр╕Чр╕╢р╕Бр╕Др╕ер╕┤р╕Ы-р╕Вр╕╣р╣Ир╕Ыр╕гр╕░р╕Ир╕▓р╕Щ р╕нр╕▓р╕вр╕Ир╕▒р╕Фр╣Др╕бр╣Ир╕Бр╕ер╣Йр╕▓р╕кр╕╣р╣Йр╕лр╕Щр╣Йр╕▓р╣Бр╕бр╣Ир╣Ар╕лр╕вр╕╖р╣Ир╕н

р╕Др╕ер╕┤р╕Бр╕нр╣Ир╕▓р╕Щр╕Вр╣Ир╕▓р╕з : https://t.co/CHGeJWeu7u
#р╕Юр╕ер╕Чр╕лр╕▓р╕гр╕лр╕╖р╣Ир╕Щ #р╕лр╕ер╕нр╕Бр╣Ар╕Фр╣Зр╕Бр╕лр╕Нр╕┤р╕З
#Ch7HDNews #р╕Вр╣Ир╕▓р╕з7HD
ЁЯФ┤ р╣Ар╕Бр╕▓р╕░р╕Хр╕┤р╕Фр╕Вр╣Ир╕▓р╕з https://t.co/TxVsksqT3b https://t.co/YtFY2hJPKC"
93,2019-10-16 03:22:07+00:00,"ЁЯСО р╕Юр╕ер╕Чр╕лр╕▓р╕гр╕лр╕╖р╣Ир╕Щр╣Вр╕Юр╕кр╕Хр╣М ""р╕бр╕нр╕Ър╕Хр╕▒р╕з"" р╕лр╕ер╕▒р╕Зр╕лр╕ер╕нр╕Б р╕Ф.р╕Н.р╕зр╕▒р╕в 14 р╕Ыр╕╡ р╕кр╕│р╣Ар╕гр╣Зр╕Ир╕Др╕зр╕▓р╕бр╣Гр╕Др╕гр╣Ир╣Вр╕Кр╕зр╣М р╕Бр╣Ир╕нр╕Щр╕Ър╕▒р╕Щр╕Чр╕╢р╕Бр╕Др╕ер╕┤р╕Ы-р╕Вр╕╣р╣Ир╕Ыр╕гр╕░р╕Ир╕▓р╕Щ

р╕Др╕ер╕┤р╕Бр╕нр╣Ир╕▓р╕Щр╕Вр╣Ир╕▓р╕з : https://t.co/M7Het5Eujp
#р╕Юр╕ер╕Чр╕лр╕▓р╕гр╕лр╕ер╕нр╕Бр╣Ар╕Фр╣Зр╕Б #р╕кр╕│р╣Ар╕гр╣Зр╕Ир╕Др╕зр╕▓р╕бр╣Гр╕Др╕гр╣И
#Ch7HDNews #р╕Вр╣Ир╕▓р╕з7HD
ЁЯФ┤ р╣Ар╕Бр╕▓р╕░р╕Хр╕┤р╕Фр╕Вр╣Ир╕▓р╕з https://t.co/TxVsksItUJ https://t.co/QBqHcc2BWW"
94,2019-09-12 13:22:50+00:00,"р╕кр╕▒р╣Ир╕Зр╕Ыр╕ер╕Фр╕Щр╕▓р╕вр╕Чр╕лр╕▓р╕гр╕лр╕╖р╣Ир╕Щр╕Вр╣Ир╕бр╕Вр╕╖р╕Щр╣Ар╕Фр╣Зр╕Бр╕лр╕Нр╕┤р╕З 14 р╕нр╕нр╕Бр╕Ир╕▓р╕Бр╕гр╕▓р╕Кр╕Бр╕▓р╕г р╕Рр╕▓р╕Щр╕Ыр╕гр╕░р╕Юр╕др╕Хр╕┤р╕Кр╕▒р╣Ир╕зр╕гр╣Йр╕▓р╕вр╣Бр╕гр╕З
https://t.co/Aw1uUjBwJz #р╕Вр╣Ир╕▓р╕зр╕зр╕▒р╕Щр╕Щр╕╡р╣Й #kapook"
95,2019-09-10 15:22:49+00:00,@kullastreemag р╕гр╣Ир╕зр╕бр╕ер╕Зр╕Кр╕╖р╣Ир╕н р╕лр╕гр╕╖р╕нр╕Хр╕┤р╕Фр╣Бр╕Чр╕Б р╕Щр╕▓р╕вр╕Чр╕лр╕▓р╕гр╕лр╕╖р╣Ир╕Щр╣Ар╕Юр╕╖р╣Ир╕нр╕Ыр╕гр╕░р╕Щр╕▓р╕б  р╣Ар╕гр╕▓р╣Др╕бр╣Ир╣Др╕Фр╣Йр╕нр╕вр╕▓р╕Бр╕Фр╕▒р╕З р╣Др╕бр╣Ир╕Хр╣Йр╕нр╕Зр╕гр╕╡р╕Чр╕зр╕┤р╕Хр╣Ар╕гр╕▓
96,2019-09-06 06:54:56+00:00,@flipysidy @tanawatofficial р╣Др╕бр╣Ир╣Ар╕Щр╕╡р╕вр╕Щр╕Др╕гр╕▒р╕Ъ io р╕Чр╕лр╕▓р╕г р╕лр╕╖р╣Ир╕Щр╕Фр╣Йр╕зр╕вр╕Щр╕░р╣Ар╕гр╕▓р╕нр╣Ир╕░ р╣Бр╕Кр╕гр╣Мр╕Др╕ер╕┤р╕Ыр╣Ар╕Хр╣Зр╕бр╣Ар╕ер╕в
97,2019-08-28 02:08:46+00:00,р╕Юр╕╡р╣Ир╕ер╕╖р╕бр╕Вр╕нр╕Зр╣Гр╕Щр╕бр╣Ир╕▓р╕Щр╕гр╕╣р╕Фр╕Вр╕нр╣Бр╕зр╕░р╣Бр╕Ыр╣Кр╕Ър╕нр╕Фр╕╡р╕Хр╕Чр╕лр╕▓р╕гр╕лр╕╖р╣Ир╕Щр╕Вр╕вр╕╡р╣Йр╕Бр╕▓р╕бр╕Ф.р╕Н.... #р╣Ар╕Фр╕ер╕┤р╕Щр╕┤р╕зр╕кр╣М: https://t.co/iv1RW4bVRG
98,2019-07-20 01:40:02+00:00,@T735IPRG0tWm6oi р╕Кр╕нр╕Ър╕бр╕▓р╕Бр╣Ар╕ер╕вр╕Др╕▒р╕Ъ р╣Ар╕Юр╕гр╕▓р╕░р╕Чр╕лр╕▓р╕г р╕лр╕╖р╣Ир╕Щр╣Ж
99,2019-07-05 11:49:02+00:00,р╕Чр╕лр╕▓р╕гр╕лр╕╖р╣Ир╕Щр╕Фр╕нр╕Фр╕бр╕нр╕Ър╕Хр╕▒р╕з! р╕Цр╕╡р╕Ър╕Ир╕вр╕в.р╕лр╕зр╕▒р╕Зр╕Вр╣Ир╕бр╕Вр╕╖р╕Щр╕кр╕▓р╕зр╣Бр╕Др╕Кр╣Ар╕Кр╕╡р╕вр╕гр╣М https://t.co/NrPHIl1EFG
100,2019-07-04 11:42:30+00:00,@Booya789 р╣Ар╕Ыр╣Зр╕Щр╕Чр╕лр╕▓р╕г р╕лр╕╖р╣Ир╕Щр╣Жр╕Др╕▒р╕Ър╕кр╕Щр╕Ир╕▒р╕вр╣Бр╕Хр╣Ир╕Чр╕▒р╕Бр╣Др╕Ыр╣Др╕бр╣Ир╣Др╕Фр╣Йр╕Др╕▒р╕Ъ
101,2019-06-24 23:22:40+00:00,р╕Фр╕╣р╕лр╕Щр╕▒р╕Зр╣Вр╕Ыр╣Кр╣Др╕Чр╕вр╕Яр╕гр╕╡ р╣Ар╕гр╕╖р╣Ир╕нр╕З р╕Юр╕гр╕▓р╕Зр╕Кр╕бр╕Юр╕╣ xxx р╣Бр╕Щр╕зр╕Чр╕лр╕▓р╕гр╕лр╕╖р╣Ир╕Щр╣Ж https://t.co/oEEOZrDKpI
102,2019-06-24 17:59:41+00:00,@Red_Pussy р╕бр╕▒р╕Щр╣Ар╕Ыр╣Зр╕Щр╕Бр╕Ор╕Вр╕нр╕Зр╣Ар╕Бр╕▓р╕░р╕Др╣Ир╕░ р╕Ър╕▓р╕Зр╕Юр╕╖р╣Йр╕Щр╕Чр╕╡р╣Ир╕Вр╕нр╕Зр╣Ар╕Бр╕▓р╕░р╣Ар╕Ыр╣Зр╕Щр╕кр╣Ир╕зр╕Щр╣Ар╕Вр╕Хр╕нр╕Щр╕╕р╕гр╕▒р╕Бр╕йр╣МтАЛр╣Ар╕Бр╕▓р╕░р╕бр╕╡р╕Чр╕лр╕▓р╕гр╕Др╕зр╕Ър╕Др╕╕р╕бр╕Фр╕╣р╣Бр╕ер╕Хр╕ер╕нр╕Ф р╕Ър╕▓р╕Зр╕Чр╕╡р╕Чр╕╡р╣Ир╣Др╕бр╣Ир╣Гр╕лр╣Йр╣Бр╕Хр╣Ир╕Зр╣Вр╕Ыр╣Кр╕нр╕▓р╕Ир╣Ар╕Юр╕гр╕▓р╕░р╕Бр╕ер╕▒р╕зр╕Чр╕лр╕▓р╕гр╕лр╕╖р╣Ир╕Щр╕Фр╣Йр╕зр╕вр╕бр╕▒р╣Йр╕вр╕нр╕▒р╕Щр╕Щр╕╡р╣Йр╣Ар╕гр╕▓р╣Ар╕Фр╕▓р╕Щр╕░р╕Вр╕│р╣Ж р╣Ар╕Бр╕▓р╕░р╕Щр╕╡р╣Йр╣Ар╕лр╕бр╕╖р╕нр╕Щр╣Ар╕Ыр╣Зр╕Щр╣Ар╕Бр╕▓р╕░р╕кр╣Ир╕зр╕Щр╕Хр╕▒р╕зр╕Вр╕нр╕Зр╕Чр╕▓р╕Зр╕Бр╕▓р╕гр╕нр╣Ир╕░р╕Др╣Ир╕░р╕Др╕Зр╕нр╕вр╕▓р╕Бр╣Гр╕лр╣Йр╕Фр╕╣р╕кр╕╕р╕ар╕▓р╕Юр╕бр╕▒р╣Йр╕З р╕Хр╕нр╕Щр╣Ар╕гр╕▓р╣Др╕Ыр╣Ар╕Др╣Йр╕▓р╕Бр╣Зр╕Ър╕нр╕Бр╕Щр╕░р╕Др╕░р╕Цр╣Йр╕▓р╕нр╕вр╕▓р╕Бр╕Бр╕┤р╕Щр╣Бр╕нр╕ер╕Бр╕нр╕ор╕нр╕ер╣МтАЛр╣Гр╕кр╣Ир╕Ър╕┤р╕Бр╕┤р╕Щр╕╡р╣Ир╣Гр╕лр╣Йр╣Др╕Ыр╣Ар╕Бр╕▓р╕░р╕Вр╕▓р╕бр╣Бр╕Чр╕Щ
103,2019-06-20 18:57:05+00:00,р╕Бр╕╣р╕зр╣Ир╕▓ р╣Ар╕Ър╕╖р╣Йр╕нр╕Зр╕лр╕ер╕▒р╕З р╕Бр╕зр╕Фр╕зр╕┤р╕Кр╕▓р╕Ър╣Йр╕▓р╕Щр╕Юр╕╡р╣Ир╕Ур╕▒р╕Р р╕нр╕▓р╕Ир╕бр╕╡р╕Щр╕▓р╕вр╕Чр╕лр╕▓р╕гр╕лр╕╖р╣Ир╕Щр╕Бр╕▓р╕бр╕гр╕▒р╕Бр╕гр╣Ир╕зр╕бр╣Ар╕Юр╕ир╕Лр╕▓р╕Фр╕┤р╕кр╕бр╣Мр╕зр╣Ир╕░
104,2019-05-03 16:57:07+00:00,р╕Фр╕╣р╕лр╕Щр╕▒р╕Зр╣Вр╕Ыр╣Кр╣Др╕Чр╕вр╕Яр╕гр╕╡ р╣Ар╕гр╕╖р╣Ир╕нр╕З р╕Юр╕гр╕▓р╕Зр╕Кр╕бр╕Юр╕╣ xxx р╣Бр╕Щр╕зр╕Чр╕лр╕▓р╕гр╕лр╕╖р╣Ир╕Щр╣Ж https://t.co/fwIi2vTngk
105,2019-03-04 16:07:59+00:00,р╕Чр╕лр╕▓р╕гр╕лр╕╖р╣Ир╕Щр╕кр╕╕р╕Ф р╣Ар╕Др╕вр╣Др╕Ыр╕нр╣Ир╕нр╕вр╣Гр╕Щр╕Др╣Ир╕▓р╕вр╕Бр╕│р╣Бр╕Юр╕Зр╣Ар╕Юр╕гр╕Кр╕бр╕лр╕▓р╕Кр╕▒р╕в р╕нр╣Ир╕нр╕вр╕Ир╕Щр╣Вр╕Фр╕Щр╕Фр╕╡ р╣Ар╕гр╕╡р╕вр╕Зр╕Др╕┤р╕зр╣Ар╕вр╕Ф р╕Ър╕▓р╕Зр╕Др╕Щр╕нр╕нр╕Бр╕Бр╕│р╕ер╕▒р╕Зр╕Бр╕▓р╕вр╕бр╕▓р╕Чр╕│р╕Зр╕▓р╕Щр╕бр╕▓ р╣Ар╕нр╕▓р╕Др╕зр╕вр╕вр╕▒р╕Фр╕Ыр╕▓р╕Бр╣Ар╕гр╕▓р╕Ир╕Щр╣Бр╕Хр╕Б р╕лр╕╡р╕бр╕╡р╣Бр╕Хр╣Ир╕Щр╣Йр╕│р╕Др╕зр╕в р╕Щр╕▓р╕Щр╕ер╕░р╕нр╕вр╕▓р╕Бр╣Ар╕Ир╕нр╕нр╕╡р╕Б р╣Бр╕Др╣Ир╕гр╣Ир╕▓р╕Щр╕Др╕зр╕вр╣Ар╕гр╕╖р╣Ир╕нр╕Зр╕Чр╕│р╕Кр╕▓р╕Хр╕┤ https://t.co/uspyh8Lqzm
106,2019-02-21 01:11:30+00:00,"р╕гр╕░р╕Чр╕╢р╕Б!р╕Юр╕ер╕Чр╕лр╕▓р╕гр╕лр╕╖р╣Ир╕Щр╕Ър╕╕р╕Бр╕лр╕нр╕Юр╕▒р╕Бр╕Ир╕╡р╣Йр╕Вр╣Ир╕бр╕Вр╕╖р╕Щр╕кр╕▓р╕з | 21-02-62 | р╕Вр╣Ир╕▓р╕зр╣Ар╕Кр╣Йр╕▓р╣Др╕Чр╕вр╕гр╕▒р╕Р

https://t.co/u377zCEO2S"
107,2019-02-20 16:53:20+00:00,"р╕гр╕░р╕Чр╕╢р╕Б!р╕Юр╕ер╕Чр╕лр╕▓р╕гр╕лр╕╖р╣Ир╕Щр╕Ър╕╕р╕Бр╕лр╕нр╕Юр╕▒р╕Бр╕Ир╕╡р╣Йр╕Вр╣Ир╕бр╕Вр╕╖р╕Щр╕кр╕▓р╕з | 20-02-62 | р╣Др╕Чр╕вр╕гр╕▒р╕Рр╕Щр╕┤р╕зр╕кр╣Мр╣Вр╕Кр╕зр╣М

https://t.co/mBTs04gVKW"
108,2019-02-20 12:25:27+00:00,"р╕Хр╕г.р╕нр╕╕р╕Ър╕ер╕п р╕гр╕зр╕Ър╕Юр╕ер╕Чр╕лр╕▓р╕гр╕Др╕ер╕▒р╣Ир╕Зр╕Бр╕▓р╕б р╕ар╕▒р╕вр╕кр╕▒р╕Зр╕Др╕бр╣Ар╕Др╕▓р╕░р╕лр╣Йр╕нр╕Зр╕кр╕▓р╕з р╣Бр╕ер╣Йр╕зр╕Вр╣Ир╕бр╕Вр╕╖р╕Щр╣Гр╕Щр╕лр╕нр╕Юр╕▒р╕Б
р╕Ир╕▒р╕Ър╕Юр╕ер╕Чр╕лр╕▓р╕гр╕лр╕╖р╣Ир╕Щр╕Бр╕▓р╕б р╕Ър╕╕р╕Бр╣Др╕ер╣Ир╣Ар╕Др╕▓р╕░р╕лр╣Йр╕нр╕Зр╕кр╕▓р╕зр╣Гр╕Щр╕лр╕нр╕Юр╕▒р╕Бр╕Чр╕╡р╣Ир╕нр╕╕р╕Ър╕ер╕гр╕▓р╕Кр╕Шр╕▓р╕Щр╕╡ р╕Бр╣Ир╕нр╕Щр╕Бр╣Ир╕нр╣Ар╕лр╕Хр╕╕р╕Вр╣Ир╕бр╕Вр╕╖р╕Щр╕кр╕▓р╕зр╕Чр╕╡р╣Ир╕Бр╕ер╕▒р╕Ър╕Ир╕▓р╕Бр╣Ар╕Чр╕╡р╣Ир╕вр╕зр╕Бр╕ер╕▓р╕Зр╕Др╕╖р╕Щ р╣Вр╕Фр╕вр╕бр╕╡р╕лр╕ер╕▒р╕Бр╕Рр╕▓р╕Щр╕ар╕▓р╕Юр╕зр╕Зр╕Ир╕гр╕Ыр╕┤р╕Ф р╣Ар╕Ыр╣Зр╕Щр╕лр╕ер╕▒р╕Бр╕Рр╕▓р╕Щр╕Кр╕▒р╕Ф р╕Ир╕Щ р╕Хр╕г.р╕Вр╕вр╕▓р╕вр╕Ьр╕ер╕Ир╕▒р╕Ър╣Др╕Фр╣Й... https://t.co/oTNF3vkQTq"
109,2019-01-10 16:01:02+00:00,"р╣Ар╕Юр╕┤р╣Ир╕Зр╕Ыр╕ер╕Фр╕Чр╕лр╕▓р╕г р╕лр╕╖р╣Ир╕Щ р╕Вр╣Ир╕бр╕Вр╕╖р╕Щр╕кр╕▓р╕зр╕нр╕нр╕Чр╕┤р╕кр╕Хр╕┤р╕Б р╣Бр╕Йр╣Ар╕лр╕вр╕╖р╣Ир╕нр╣Ар╕Др╕вр╕Цр╕╣р╕Бр╕Нр╕▓р╕Хр╕┤р╕вр╣Ир╕│р╕вр╕╡р╕Ир╕Щр╕Хр╕▒р╣Йр╕Зр╕Чр╣Йр╕нр╕З
https://t.co/7aF72NDM0C"
110,2019-01-03 09:32:00+00:00,@ZUXWSVzLtjpV3AU р╕нр╕вр╕▓р╕Бр╣Ар╕Ир╕нр╕Чр╕лр╕▓р╕гр╕лр╕╖р╣Ир╕Щр╣Жр╣Ар╕вр╕кр╕Ър╣Йр╕▓р╕Зр╕Ир╕▒р╕Зр╣Ж
111,2018-06-15 07:30:46+00:00,"р╣Бр╕Йр╕Юр╕ер╕Чр╕лр╕▓р╕гр╕лр╕╖р╣Ир╕Щр╕ер╕зр╕З р╕Щр╕и.р╣Бр╕Бр╣Йр╕Ьр╣Йр╕▓ р╕Чр╕│р╣Ар╕Ыр╣Зр╕Щр╕Вр╕Ър╕зр╕Щр╕Бр╕▓р╕г р╣Гр╕Кр╣Йр╕Щр╕▓р╕бр╣Бр╕Эр╕З тАШр╕бр╕┤р╕кр╣Ар╕Хр╕нр╕гр╣Мр╕Ър╕╡р╕ЩтАЩ
https://t.co/aLmQGOHoNJ"
112,2018-06-15 07:19:02+00:00,"р╣Бр╕Йр╕Юр╕ер╕Чр╕лр╕▓р╕гр╕лр╕╖р╣Ир╕Щр╕ер╕зр╕З р╕Щр╕и.р╣Бр╕Бр╣Йр╕Ьр╣Йр╕▓ р╕Чр╕│р╣Ар╕Ыр╣Зр╕Щр╕Вр╕Ър╕зр╕Щр╕Бр╕▓р╕г р╣Гр╕Кр╣Йр╕Щр╕▓р╕бр╣Бр╕Эр╕З тАШр╕бр╕┤р╕кр╣Ар╕Хр╕нр╕гр╣Мр╕Ър╕╡р╕ЩтАЩ
https://t.co/yPSeTyxjOg"
113,2018-06-15 07:05:39+00:00,р╕Яр╕▒р╕Зр╕Ир╕▓р╕Бр╕Ыр╕▓р╕Бр╕Чр╕лр╕▓р╕гр╕лр╕╖р╣Ир╕Щ р╕лр╕ер╕нр╕Бр╕кр╕▓р╕зр╕Цр╣Ир╕▓р╕вр╕гр╕╣р╕Ыр╣Ар╕Ыр╕ер╕╖р╕нр╕в р╕кр╕Щр╕нр╕Зр╕Др╕зр╕▓р╕бр╕Кр╕нр╕Ър╕кр╣Ир╕зр╕Щр╕Хр╕▒р╕з р╕Вр╕нр╣Ар╕Бр╣Зр╕Ър╣Др╕зр╣Йр╕Фр╕╣р╣Ар╕нр╕З https://t.co/CSqtiuyjMh р╕Вр╣Йр╕нр╕бр╕╣р╕ер╕Ир╕▓р╕Б @khaohod
114,2018-06-15 06:56:10+00:00,"р╕Яр╕▒р╕Зр╕Ир╕▓р╕Бр╕Ыр╕▓р╕Бр╕Чр╕лр╕▓р╕гр╕лр╕╖р╣Ир╕Щ р╕лр╕ер╕нр╕Бр╕кр╕▓р╕зр╕Цр╣Ир╕▓р╕вр╕гр╕╣р╕Ыр╣Ар╕Ыр╕ер╕╖р╕нр╕в р╕кр╕Щр╕нр╕Зр╕Др╕зр╕▓р╕бр╕Кр╕нр╕Ър╕кр╣Ир╕зр╕Щр╕Хр╕▒р╕з р╕Вр╕нр╣Ар╕Бр╣Зр╕Ър╣Др╕зр╣Йр╕Фр╕╣р╣Ар╕нр╕З
https://t.co/QgZxsH2suS #kapook"
115,2018-06-15 03:59:44+00:00,[LIVE] р╕Юр╕ер╕Чр╕лр╕▓р╕гр╕лр╕╖р╣Ир╕Щ!! р╕лр╕ер╕нр╕Бр╕Щр╕▓р╕Зр╣Бр╕Ър╕Ър╕кр╕▓р╕зр╣Ар╕Ыр╣Зр╕Щр╣Вр╕бр╣Ар╕Фр╕ер╕ер╕┤р╣Ир╕Зр╣Гр╕лр╣Йр╕Цр╣Ир╕▓р╕вр╕ар╕▓р╕Юр╣Вр╕Ыр╣Кр╕Бр╣Ир╕нр╕Щр╕гр╕╡р╕зр╕┤р╕зр╕кр╕┤р╕Щр╕Др╣Йр╕▓ р╕Щр╕│р╕ар╕▓р╕Юр╣Др╕Ыр╕лр╕▓р╕Бр╕┤р╕Щр╣Бр╕ер╕░р╕лр╕ер╕нр╕Бр╣Ар╕лр╕вр╕╖р╣Ир╕нр╣Гр╕лр╣Йр╕бр╕╡р╣Ар╕Юр╕ир╕кр╕▒р╕бр╕Юр╕▒р╕Щр╕Шр╣М р╕Бр╣Ир╕нр╕Щр╕Цр╣Ир╕▓р╕вр╕Др╕ер╕┤р╕Ыр╣Др╕зр╣Йр╕Вр╣Ир╕бр╕Вр╕╣р╣Ир╣Ар╕Юр╕╖р╣Ир╕нр╣Ар╕гр╕╡р╕вр╕Бр╕бр╕▓р╕гр╕░р╕Ър╕▓р╕вр╕нр╕▓р╕гр╕бр╕Ур╣Мр╕Чр╕▓р╕Зр╣Ар╕Юр╕и р╕Юр╕Ър╕бр╕╡р╕Ьр╕╣р╣Йр╣Ар╕кр╕╡р╕вр╕лр╕▓р╕вр╕Бр╕зр╣Ир╕▓ 100 р╕гр╕▓р╕в : р╕гр╕▒р╕Хр╕Щр╕Бр╕гр╕Ур╣М р╣Вр╕Хр╣Кр╕░р╕лр╕бр╕▒р╕Ф р╕Вр╣Ир╕▓р╕з 7HD... https://t.co/pBqGIz7R87
116,2018-06-14 09:40:13+00:00,р╣Вр╕Йр╕бр╕лр╕Щр╣Йр╕▓р╕Чр╕лр╕▓р╕гр╕лр╕╖р╣Ир╕Щр╕ер╕зр╕Зр╣Бр╕Бр╣Йр╕Ьр╣Йр╕▓ р╕Бр╕ер╣Йр╕▓р╣Бр╕Ц'р╣Ар╕нр╣Зр╕Щр╕Фр╕╣р╣Ар╕Щр╣Зр╕Хр╣Др╕нр╕Фр╕нр╕ер╕кр╕▓р╕з' #р╣Ар╕Фр╕ер╕┤р╕Щр╕┤р╕зр╕кр╣М https://t.co/03xcXdMAwa
117,2018-06-14 09:20:00+00:00,"р╕Ир╕▒р╕Ър╣Бр╕ер╣Йр╕зр╕Юр╕ер╕Чр╕лр╕▓р╕гр╕лр╕╖р╣Ир╕Щ р╕нр╣Йр╕▓р╕Зр╣Ар╕Ыр╣Зр╕Щр╣Вр╕бр╣Ар╕Фр╕ер╕ер╕┤р╣Ир╕З р╕ер╕зр╕Зр╕кр╕▓р╕зр╕Цр╣Ир╕▓р╕вр╣Ар╕Ыр╕ер╕╖р╕нр╕в р╕Вр╕▓р╕вр╕Бр╕гр╕╕р╣Кр╕Ыр╕ер╕▒р╕Ъ
https://t.co/81HSctLbO3 https://t.co/81HSctLbO3"
118,2018-06-14 07:26:27+00:00,р╕Ир╕▒р╕Ър╣Бр╕ер╣Йр╕зр╕Юр╕ер╕Чр╕лр╕▓р╕гр╕лр╕╖р╣Ир╕Щ р╕нр╣Йр╕▓р╕Зр╣Ар╕Ыр╣Зр╕Щр╣Вр╕бр╣Ар╕Фр╕ер╕ер╕┤р╣Ир╕З р╕ер╕зр╕Зр╕кр╕▓р╕зр╕Цр╣Ир╕▓р╕вр╣Ар╕Ыр╕ер╕╖р╕нр╕в р╕Вр╕▓р╕вр╕Бр╕гр╕╕р╣Кр╕Ыр╕ер╕▒р╕Ъ https://t.co/1114F87E9h
119,2018-06-14 07:06:03+00:00,"р╕Ир╕▒р╕Ър╣Бр╕ер╣Йр╕зр╕Юр╕ер╕Чр╕лр╕▓р╕гр╕лр╕╖р╣Ир╕Щ р╕нр╣Йр╕▓р╕Зр╣Ар╕Ыр╣Зр╕Щр╣Вр╕бр╣Ар╕Фр╕ер╕ер╕┤р╣Ир╕З р╕ер╕зр╕Зр╕кр╕▓р╕зр╕Цр╣Ир╕▓р╕вр╣Ар╕Ыр╕ер╕╖р╕нр╕в р╕Вр╕▓р╕вр╕Бр╕гр╕╕р╣Кр╕Ыр╕ер╕▒р╕Ъ
https://t.co/lIA0hhiTdl"
120,2018-06-14 05:49:02+00:00,"р╕Ир╕▒р╕Ър╣Бр╕ер╣Йр╕зр╕Юр╕ер╕Чр╕лр╕▓р╕гр╕лр╕╖р╣Ир╕Щ р╕нр╣Йр╕▓р╕Зр╣Ар╕Ыр╣Зр╕Щр╣Вр╕бр╣Ар╕Фр╕ер╕ер╕┤р╣Ир╕З р╕ер╕зр╕Зр╕кр╕▓р╕зр╕Цр╣Ир╕▓р╕вр╣Ар╕Ыр╕ер╕╖р╕нр╕в р╕Вр╕▓р╕вр╕Бр╕гр╕╕р╣Кр╕Ыр╕ер╕▒р╕Ъ
https://t.co/TLlxp2DAaR"
121,2018-05-10 03:10:43+00:00,р╣Ар╕Ир╣Йр╕▓р╣Ар╕Бр╕▓р╕ер╕▒р╕Фр╕Щр╕╡р╣Ир╕зр╣Ир╕▓р╕Юр╕╡р╣Ир╕Чр╕лр╕▓р╕гр╕лр╕╖р╣Ир╕Щ р╕Бр╣Зр╣Ар╕Шр╕нр╕бр╕▒р╕Щр╕Щр╣Ир╕▓р╕гр╕▒р╕Бр╕Щр╣Ир╕▓р╕Яр╕▒р╕Фр╣Ар╕Щр╕╡р╣Ир╕в р╕нр╕┤р╕Ир╕Йр╕▓р╕Юр╕╡р╣Ир╕Чр╕лр╕▓р╕гр╣Ар╕Вр╕▓р╕Щр╕░р╕Ър╕▓р╕Зр╕Чр╕╡ р╣Бр╕Хр╣Ир╕Др╕зр╕▓р╕бр╕Хр╕▒р╕зр╕лр╕Щр╕▓р╕Вр╕нр╕Зр╕Юр╕╡р╣Ир╕Чр╕лр╕▓р╕гр╕Щр╕╡р╣Й р╣Ар╕гр╕▓р╕Бр╣Зр╕нр╕┤р╕Ир╕Йр╕▓р╣Ар╕Ир╣Йр╕▓р╣Ар╕Бр╕▓р╕ер╕▒р╕Фр╕Фр╣Йр╕зр╕вр╣Ар╕лр╕бр╕╖р╕нр╕Щр╕Бр╕▒р╕Щ р╕Зр╕╖р╕нр╕нр╕н р╕Щр╣Ир╕▓р╕Бр╕нр╕Ф #р╣Бр╕бр╣Ир╕Ър╣Йр╕▓р╕Щр╕Чр╕лр╕▓р╕гр╕Ър╕Бcb
122,2018-05-04 15:42:31+00:00,р╣Др╕бр╣Ир╣Ар╕Кр╕╖р╣Ир╕нр╕зр╣Ир╕▓р╕Юр╕╡р╣Ир╕Чр╕лр╕▓р╕гр╕лр╕╖р╣Ир╕Щр╕Вр╕╢р╣Йр╕Щр╕Др╣Ир╕░ р╣Бр╕Ър╕Ър╕Щр╕╡р╣Йр╕Хр╣Йр╕нр╕Зр╕Вр╕нр╕Юр╕┤р╕кр╕╣р╕Ир╕Щр╣Мр╕кр╕▒р╕Бр╕Хр╕нр╕Щ р╕Щр╣Йр╕нр╕Щр╣Др╕бр╣Ир╣Ар╕Кр╕╖р╣Ир╕нр╕н тАФ ЁЯМЪЁЯМЪЁЯМЪ https://t.co/5M4zvmYP5J
123,2018-04-04 07:53:26+00:00,"plays ""р╕Чр╕лр╕▓р╕гр╕лр╕╖р╣Ир╕Щ""  https://t.co/LloQNzZOAA"
124,2018-03-17 09:06:02+00:00,"plays ""р╕Чр╕лр╕▓р╕гр╕лр╕╖р╣Ир╕Щ""  https://t.co/JlD25jKkR3"
125,2018-03-15 05:29:41+00:00,@Kitsana_New р╕нр╕вр╕▓р╕Бр╕Кр╕┤р╕бр╕Юр╕Ър╕Чр╕лр╕▓р╕гр╕лр╕╖р╣Ир╕Щр╣Ж р╕бр╕╡р╕Ър╣Йр╕▓р╕Зр╣Др╕лр╕б
126,2018-03-12 23:23:46+00:00,"plays ""р╕Чр╕лр╕▓р╕гр╕лр╕╖р╣Ир╕Щ""  https://t.co/drijMj4LFM"
127,2018-03-12 19:01:17+00:00,"plays ""р╕Чр╕лр╕▓р╕гр╕лр╕╖р╣Ир╕Щ""  https://t.co/drijMj4LFM"
128,2018-02-20 10:56:27+00:00,#р╕кр╕бр╣Бр╕ер╣Йр╕зр╕Чр╕╡р╣Ир╣Ар╕Ыр╣Зр╕Щр╕Ыр╕гр╕░р╣Ар╕Чр╕ир╕Фр╣Йр╕нр╕вр╕Юр╕▒р╕Тр╕Щр╕▓ р╕Ър╣Йр╕▓р╣Ар╕Ьр╕Фр╣Зр╕Ир╕Бр╕▓р╕г р╕Др╕ер╕▒р╣Ир╕Зр╕Чр╕лр╕▓р╕г р╕лр╕╖р╣Ир╕Щр╣Ар╕Др╕гр╕╖р╣Ир╕нр╕Зр╣Бр╕Ър╕Ъ https://t.co/2FcSVLtsk0
129,2018-02-04 15:43:21+00:00,р╣Ар╕Др╕вр╕Чр╕│р╕Зр╕▓р╕Щр╕Ър╕гр╕┤р╕йр╕▒р╕Чр╣Бр╕Цр╕зр╕лр╕Щр╕нр╕Зр╕Ир╕нр╕Б р╕ер╕░р╕Хр╣Йр╕нр╕Зр╕Хр╕┤р╕Фр╕Хр╣Ир╕нр╕Зр╕▓р╕Щр╣Гр╕Щр╕Бр╕гр╕б р╣Ар╕Ир╣Йр╕▓р╕лр╕Щр╣Йр╕▓р╕Чр╕╡р╣Ир╣Гр╕лр╣Йр╣Ар╕Ър╕нр╕гр╣Мр╕Чр╕лр╕▓р╕гр╕бр╕▓р╕Др╕Щр╕Щр╕╢р╕Зр╣Др╕зр╣Йр╕Др╕╕р╕вр╕Зр╕▓р╕Щ р╣Вр╕Чр╕гр╣Др╕Ы р╣Др╕бр╣Ир╕гр╕▒р╕Ъ р╕Юр╕нр╣Ар╕бр╕бр╣Ар╕Ър╕нр╕гр╣М р╣Др╕ер╕Щр╣Мр╣Ар╕Фр╣Йр╕З р╣Ар╕Ыр╕┤р╕Фр╕Фр╕╣ р╣Ар╕Др╣Йр╕▓р╕Хр╕▒р╣Йр╕Зр╕Хр╕▒р╕кр╕зр╣Ир╕▓ р╕Чр╕лр╕▓р╕гр╕лр╕╖р╣Ир╕Щр╕зр╕▓р╕Зр╕Ыр╕╖р╕Щр╣Бр╕ер╣Йр╕зр╕вр╕╖р╕Щр╣Ар╕вр╣Зр╕Ф р╕нр╕╡р╣Ар╕лр╕╡р╣Йр╕вр╣Ар╕нр╣Йр╕вр╣Др╕Ыр╕Хр╣Ир╕нр╣Др╕бр╣Ир╣Ар╕Ыр╣Зр╕Щр╣Ар╕ер╕в р╕Щр╕▓р╕Зр╣Вр╕Чр╕гр╕Бр╕ер╕▒р╕Ър╕бр╕▓р╕Бр╕╣р╣Др╕бр╣Ир╕Бр╕ер╣Йр╕▓р╕гр╕▒р╕Ър╕Фр╣Йр╕зр╕в р╕Кр╣Зр╕нр╕Др╣Бр╕Ыр╕гр╣Кр╕Ыр╕Ыр╕Ы555
130,2018-01-04 08:44:39+00:00,@noominnii69 р╣Ар╕Др╕вр╣Ар╕Ир╕нр╕Чр╕лр╕▓р╕гр╕лр╕╖р╣Ир╕Щр╕вр╕▒р╕З8.8р╕бр╕╕р╕Б2
131,2017-11-23 05:40:18+00:00,р╕Чр╕лр╕▓р╕гр╕лр╕╖р╣Ир╕Щ р╕зр╕▓р╕Зр╕Ыр╕╖р╕Щр╣Бр╕ер╣Йр╕зр╕вр╕╖р╕Щр╣Ар╕вр╣Зр╕Ф р╕Ир╕Ъ https://t.co/57vRTNPd9p
132,2017-11-23 05:30:22+00:00,р╕Чр╕лр╕▓р╕гр╕лр╕╖р╣Ир╕Щ р╕зр╕▓р╕Зр╕Ыр╕╖р╕Щр╣Бр╕ер╣Йр╕зр╕вр╕╖р╕Щр╣Ар╕вр╣Зр╕Ф 2 https://t.co/9NKBaHBe7L
133,2017-11-23 05:30:21+00:00,р╕Чр╕лр╕▓р╕гр╕лр╕╖р╣Ир╕Щ р╕зр╕▓р╕Зр╕Ыр╕╖р╕Щр╣Бр╕ер╣Йр╕зр╕вр╕╖р╕Щр╣Ар╕вр╣Зр╕Ф 1 https://t.co/3nKrYhbUG4
134,2017-11-11 12:46:11+00:00,@CB_COBLACK р╕Чр╣Ир╕▓р╣Ар╕Фр╕┤р╕Щр╕Кр╣Ир╕▓р╕Зр╕Зр╕Фр╕Зр╕▓р╕б р╕Чр╕лр╕▓р╕гр╕лр╕╖р╣Ир╕Щр╕Бр╕гр╕░р╕лр╕▓р╕вр╣Бр╕Цр╕Ър╕зр╕┤р╣Ир╕Зр╣Ар╕Вр╣Йр╕▓р╣Гр╕кр╣И5555
135,2017-10-26 09:55:02+00:00,р╣Бр╕Юр╣Йр╕Чр╕лр╕▓р╕г р╣Бр╕Хр╣Ир╕Чр╕лр╕▓р╕гр╕лр╕╖р╣Ир╕Щр╣Жр╕Щр╕╡р╣Ир╣Др╕бр╣Ир╣Др╕лр╕зр╕Щр╕░.
136,2017-10-04 11:40:29+00:00,@YuJeanN р╕Др╕╕р╕Ур╕лр╕бр╕нр╕Др╕Щр╕Фр╕╡р╕Бр╕▒р╕Ър╕Щр╕▓р╕вр╕Чр╕лр╕▓р╕гр╕лр╕╖р╣Ир╕Щр╕Бр╕▓р╕б---/р╕нр╕вр╕╣р╣Ир╕Бр╕▒р╕Ър╕лр╕бр╕нр╕Ьр╕бр╕Бр╣Зр╣Др╕бр╣Ир╣Ар╕Др╕вр╕Щр╕▒р╣Ир╕Зр╕Хр╕▒р╕зр╕Хр╕гр╕Зр╣Др╕Фр╣Йр╕нр╕╡р╕Бр╕Хр╣Ир╕нр╕Ыр╕▒р╕вЁЯМЪ
137,2017-09-13 15:35:15+00:00,@armythai_g @Izaken2 р╣Ар╕Зр╕╡р╣Ир╕вр╕Щр╣Жр╕бр╕▓р╕Фр╕┤ р╕Чр╕лр╕▓р╕гр╕лр╕╖р╣Ир╕Щр╕Кр╕нр╕Ър╕зр╣Ир╕▓р╕з
138,2017-07-01 13:29:45+00:00,@rCfFjoYfc4lY67w's account is temporarily unavailable because it violates the Twitter Media Policy. Learn more.
139,2017-06-15 01:07:44+00:00,р╕Щр╣Ир╕▓р╕Ир╕░р╕Кр╕нр╕Ъ р╕Чр╕лр╕▓р╕гр╕лр╕╖р╣Ир╕Щр╕Ир╕░р╕Хр╕▓р╕в р╕Фр╕╣р╕Ир╕▓р╕Бр╕Ир╕▒р╕Фр╕Зр╕▓р╕Щр╕Ыр╕╡р╣Гр╕лр╕бр╣И https://t.co/UWnvzU7B5r
140,2017-04-27 01:00:42+00:00,р╕лр╕бр╕нр╕лр╕╖р╣Ир╕Щ р╕Др╕гр╕╣р╕лр╕╖р╣Ир╕Щ р╕Хр╕│р╕гр╕зр╕Ир╕лр╕╖р╣Ир╕Щ р╕Чр╕лр╕▓р╕гр╕лр╕╖р╣Ир╕Щ р╕Ьр╕╣р╣Йр╕зр╣Ир╕▓р╕лр╕╖р╣Ир╕Щ р╕Кр╕╡р╕зр╕┤р╕Хр╕Щр╕╡р╣Йр╕Ир╕░р╕Юр╕╢р╣Ир╕Зр╣Гр╕Др╕гр╕Фр╕╡ р╕Щр╣Ир╕▓р╕Бр╕ер╕▒р╕зр╣Др╕Ыр╕лр╕бр╕Ф https://t.co/DZTUQV9pcN
141,2017-03-28 21:54:44+00:00,р╕Чр╕лр╕▓р╕гр╕лр╕╖р╣Ир╕Щр╕Ър╕╕р╕Бр╕Вр╕╖р╕Щр╣Гр╕Ир╕кр╕▓р╕з р╕кр╕зр╕гр╕гр╕Др╣Мр╕ер╣Ир╕б!р╣Вр╕Фр╕Щр╕вр╕│р╕нр╣Ир╕зр╕б https://t.co/kwi9gGqkvw
142,2017-03-28 20:18:12+00:00,"1 р╕Щр╕▓р╕Чр╕╡р╕лр╕Щр╣Ир╕нр╕вр╣Ж р╕Бр╕▒р╕Ъ р╕Др╕Фр╕╡р╕Юр╕ер╕Чр╕лр╕▓р╕гр╕лр╕╖р╣Ир╕Щр╕Ър╕╕р╕Бр╕Вр╣Ир╕бр╕Вр╕╖р╕Щр╕кр╕▓р╕з р╕нр╣Йр╕▓р╕Зр╣Ар╕Др╕вр╣Др╕Фр╣Йр╕Бр╕▒р╕Щр╕бр╕▓р╕Бр╣Ир╕нр╕Щ??
.
р╕Цр╕╢р╕Зр╣Бр╕бр╣Йр╕Ир╕░р╕Ър╕нр╕Бр╕зр╣Ир╕▓ р╣Ар╕Вр╣Йр╕▓р╣Др╕Ыр╣Бр╕Др╣Ир╕Щр╕┤р╕Фр╣Ар╕Фр╕╡р╕вр╕з... https://t.co/Ztkk4NxUzV"
143,2017-03-28 15:09:37+00:00,р╕Чр╕лр╕▓р╕гр╕лр╕╖р╣Ир╕Щр╕Ър╕╕р╕Бр╕Вр╕╖р╕Щр╣Гр╕Ир╕кр╕▓р╕з р╕кр╕зр╕гр╕гр╕Др╣Мр╕ер╣Ир╕б!р╣Вр╕Фр╕Щр╕вр╕│р╕нр╣Ир╕зр╕б https://t.co/7nqM42KKbP
144,2017-03-28 13:29:31+00:00,"р╕Чр╕лр╕▓р╕гр╕лр╕╖р╣Ир╕Щр╕Ър╕╕р╕Бр╕Вр╕╖р╕Щр╣Гр╕Ир╕кр╕▓р╕з р╕кр╕зр╕гр╕гр╕Др╣Мр╕ер╣Ир╕б!р╣Вр╕Фр╕Щр╕вр╕│р╕нр╣Ир╕зр╕б... #р╣Ар╕Фр╕ер╕┤р╕Щр╕┤р╕зр╕кр╣М 
р╕нр╣Ир╕▓р╕Щр╕Хр╣Ир╕нр╕Чр╕╡р╣И : https://t.co/oA0s9tSmkE"
145,2017-03-28 11:10:03+00:00,"р╕гр╕╕р╕бр╕Хр╕╢р╣Йр╕Ъ!! р╕Юр╕ер╕Чр╕лр╕▓р╕гр╕лр╕╖р╣Ир╕Щр╕Ър╕╕р╕Бр╕Вр╣Ир╕бр╕Вр╕╖р╕Щр╕кр╕▓р╕з р╕нр╣Йр╕▓р╕Зр╣Ар╕Др╕вр╣Др╕Фр╣Йр╕Бр╕▒р╕Щ
.
р╕Чр╕лр╕▓р╕гр╣Ар╕Бр╕Ур╕Ср╣Мр╕Бр╣Ир╕нр╣Ар╕лр╕Хр╕╕р╕Вр╣Ир╕бр╕Вр╕╖р╕Щр╕кр╕▓р╕з р╣Бр╕Хр╣Ир╣Др╕бр╣Ир╕Чр╕▒р╕Щр╣Ар╕кр╕гр╣Зр╕И... https://t.co/ZvSeiixw4y"
146,2017-03-28 08:43:05+00:00,"р╕Ыр╕гр╕░р╕Кр╕▓р╕Чр╕▒р╕Ур╕Ср╣Мр╕Юр╕ер╕Чр╕лр╕▓р╕гр╕лр╕╖р╣Ир╕Щр╕Ър╕╕р╕Бр╕Вр╣Ир╕бр╕Вр╕╖р╕Щр╕кр╕▓р╕зр╕Бр╕ер╕▓р╕Зр╕зр╕▒р╕Щр╣Бр╕кр╕Бр╣Ж 
р╕нр╣Йр╕▓р╕З р╣Ар╕Др╕вр╣Др╕Фр╣Йр╣Ар╕кр╕╡р╕вр╕Бр╕▒р╕Щр╕бр╕▓р╕Бр╣Ир╕нр╕Щ 
.
р╕Хр╕┤р╕Фр╕Хр╕▓р╕бр╣Др╕Фр╣Йр╣Гр╕Щр╕Ър╕гр╕гр╕Ир╕Зр╕Кр╕Зр╕Вр╣Ир╕▓р╕з р╕зр╕▒р╕Щр╕Чр╕╡р╣И 28 р╕бр╕╡.р╕Д.... https://t.co/qsgySKQi8M"
147,2017-03-05 00:14:09+00:00,@rCfFjoYfc4lY67w's account is temporarily unavailable because it violates the Twitter Media Policy. Learn more.
148,2017-01-18 08:27:21+00:00,р╕кр╕бр╕▓р╕Др╕бр╣Бр╕бр╣Ир╕Ър╣Йр╕▓р╕Щ р╕Чр╕лр╕▓р╕гр╕лр╕╖р╣Ир╕Щр╕Бр╕▓р╕б р╣Бр╕ер╕░р╕Щр╕▓р╕Зр╣Вр╕Кр╕зр╣М р╕Ир╕╖р╣Ир╕нр╕Бр╕▒р╕Ър╣Бр╕Кр╕Зр╕Щр╕╡р╣Ир╕лр╕зр╕Зр╕Юр╕┤р╕Ир╕нр╕Зр╕Бр╕▒р╕Ър╕Фр╕╕р╣Кр╕Ър╕Ир╕гр╕┤р╕Зр╕Ир╕▒р╕Зр╕бр╕▓р╕Б #jeongtzu #dubchaeng #jeongmo https://t.co/pNDfxwjD5T
149,2017-01-17 13:04:20+00:00,@mukmook р╣Др╕Ыр╕Бр╕┤р╕Щр╕гр╣Йр╕▓р╕Щр╕Щр╕╡р╣Йр╕нр╕╡р╕Бр╕ер╣Ир╕░ р╕нр╕вр╕▓р╕Бр╣Др╕Фр╣Йр╣Ар╕Фр╣Зр╕Бр╣Ар╕кр╕┤р╕гр╣Мр╕Яр╣Ар╕лр╕гр╕н р╕нр╕╡р╕Чр╕лр╕▓р╕гр╕лр╕╖р╣Ир╕Щ 55555
150,2017-01-15 11:42:20+00:00,р╕Чр╕лр╕▓р╕гр╕лр╕╖р╣Ир╕Щ https://t.co/1zePx7phDi
151,2016-11-30 15:42:42+00:00,р╕Фр╕▓р╕зр╣Ар╕гр╕╖р╕нр╕Зр╕Ир╕░р╕Юр╣Йр╕Щр╕Щр╣Йр╕│р╕бр╕╖р╕нр╕Чр╕лр╕▓р╕гр╕лр╕╖р╣Ир╕Щр╣Жр╣Др╕лр╕б р╕нр╣Йр╕▓р╕Бр╕Бр╕Бр╕Б р╕лр╕Щр╣Йр╕▓р╕Хр╕▓р╕кр╕зр╕вр╣Вр╕Фр╕Фр╣Ар╕Фр╣Йр╕Зр╕Др╕Щр╕нр╕╖р╣Ир╕Щр╕бр╕▓р╕Б #р╕кр╕▓р╕вр╣Вр╕ер╕лр╕┤р╕Х
152,2016-09-19 16:00:21+00:00,р╕Чр╕лр╕▓р╕гр╕лр╕╖р╣Ир╕Щ
153,2016-09-15 05:20:57+00:00,@Orangezaaa_1927 @leeanong @Ann81S р╣Вр╕нр╣Ар╕Д..р╕Хр╕▓р╕бр╕Щр╕▒р╣Йр╕Щ р╣Ар╕гр╕▓р╕Ир╕░р╕кр╣Ир╕нр╕Зр╕нр╕вр╕╣р╣Ир╕лр╣Ир╕▓р╕Зр╣Жр╕Др╕нр╕вр╣Ар╕Бр╣Зр╕Ър╕ир╕Юр╕Чр╕лр╕▓р╕гр╕лр╕╖р╣Ир╕Щр╣Жр╕нр╕вр╕╣р╣Ир╕Хр╕гр╕Зр╕Щр╕╡р╣Йр╕ер╕░р╕Бр╕▒р╕ЩЁЯШЖЁЯШЖ
154,2016-08-02 15:40:50+00:00,р╕Чр╕лр╕▓р╕гр╕лр╕╖р╣Ир╕Щ
155,2016-08-02 11:07:34+00:00,@vladimirgl4fm р╕Чр╕лр╕▓р╕гр╕лр╕╖р╣Ир╕Щр╕гр╕▓р╕вр╕Зр╕▓р╕Щр╕Хр╕▒р╕зр╕Др╕▒р╕Ъ
156,2016-07-08 19:17:10+00:00,@vladimirgl4fm р╕Чр╕▒р╕Бр╣Жр╣Жр╣Жр╣Жр╣Жр╕Др╕▒р╕Ър╕Чр╕лр╕▓р╕гр╕лр╕╖р╣Ир╕Щр╕Др╕▒р╕Ъ
157,2016-04-13 16:31:08+00:00,ЁЯШВЁЯШВЁЯШВ р╕Чр╕лр╕▓р╕гр╕лр╕╖р╣Ир╕Щр╕Чр╕╕р╕Бр╕Др╕Щ р╕Щр╕╡р╣Йр╣Ар╕Кр╕╖р╣Ир╕н #DescendantsOfTheSun #YooSiJin #KangMoYeon  https://t.co/MgU6Klp8Yi
158,2016-04-05 06:47:04+00:00,@xmikiizx р╕Чр╕лр╕▓р╕гр╕лр╕╖р╣Ир╕Щр╕Кр╕нр╕Ър╕Кр╕▒р╕Бр╕зр╣Ир╕▓р╕з....
159,2015-11-29 12:23:34+00:00,@popsiller's account is temporarily unavailable because it violates the Twitter Media Policy. Learn more.
160,2015-10-13 20:14:08+00:00,р╣Бр╕лр╣Ир╕Кр╕╖р╣Ир╕Щр╕Кр╕бр╕Бр╕ер╕╕р╣Ир╕бр╕зр╕▒р╕вр╕гр╕╕р╣Ир╕Щр╕ер╣Йр╕нр╕бр╕Ир╕▒р╕Ър╕Юр╕ер╕Чр╕лр╕▓р╕гр╕лр╕╖р╣Ир╕Щ!! р╕Йр╕╕р╕Фр╕Фр╕Н.8р╕Вр╕зр╕Ър╣Ар╕ер╣Ир╕Щр╕лр╕Щр╣Йр╕▓р╕Ър╣Йр╕▓р╕Щр╣Ар╕Вр╣Йр╕▓р╕Ыр╣Ир╕▓-р╕лр╕Щр╕╣р╕Щр╣Йр╕нр╕вр╕гр╣Ир╕│р╣Др╕лр╣Й http://t.co/LnfeWlLvGM
161,2015-10-13 08:30:04+00:00,р╣Бр╕лр╣Ир╕Кр╕╖р╣Ир╕Щр╕Кр╕бр╕Бр╕ер╕╕р╣Ир╕бр╕зр╕▒р╕вр╕гр╕╕р╣Ир╕Щр╕ер╣Йр╕нр╕бр╕Ир╕▒р╕Ър╕Юр╕ер╕Чр╕лр╕▓р╕гр╕лр╕╖р╣Ир╕Щ!! р╕Йр╕╕р╕Фр╕Фр╕Н.8р╕Вр╕зр╕Ър╣Ар╕ер╣Ир╕Щр╕лр╕Щр╣Йр╕▓р╕Ър╣Йр╕▓р╕Щр╣Ар╕Вр╣Йр╕▓р╕Ыр╣Ир╕▓ р╕бр╕╡р╕Др╕ер╕┤р╕Ы &gt;&gt;... http://t.co/d8B3q5ytfk
162,2015-10-13 07:09:06+00:00,р╣Бр╕лр╣Ир╕Кр╕╖р╣Ир╕Щр╕Кр╕бр╕Бр╕ер╕╕р╣Ир╕бр╕зр╕▒р╕вр╕гр╕╕р╣Ир╕Щр╕ер╣Йр╕нр╕бр╕Ир╕▒р╕Ър╕Юр╕ер╕Чр╕лр╕▓р╕гр╕лр╕╖р╣Ир╕Щ!! р╕Йр╕╕р╕Фр╕Фр╕Н.8р╕Вр╕зр╕Ър╣Ар╕ер╣Ир╕Щр╕лр╕Щр╣Йр╕▓р╕Ър╣Йр╕▓р╕Щр╣Ар╕Вр╣Йр╕▓р╕Ыр╣Ир╕▓-р╕лр╕Щр╕╣р╕Щр╣Йр╕нр╕вр╕гр╣Ир╕│р╣Др╕лр╣Йр╕Хр╕▒р╕зр╕кр╕▒р╣Ир╕Щ http://t.co/IO8EM1wFl9
163,2015-10-13 06:45:20+00:00,р╣Бр╕лр╣Ир╕Кр╕╖р╣Ир╕Щр╕Кр╕бр╕Бр╕ер╕╕р╣Ир╕бр╕зр╕▒р╕вр╕гр╕╕р╣Ир╕Щр╕ер╣Йр╕нр╕бр╕Ир╕▒р╕Ър╕Юр╕ер╕Чр╕лр╕▓р╕гр╕лр╕╖р╣Ир╕Щ!! р╕Йр╕╕р╕Фр╕Фр╕Н.8р╕Вр╕зр╕Ър╣Ар╕ер╣Ир╕Щр╕лр╕Щр╣Йр╕▓р╕Ър╣Йр╕▓р╕Щр╣Ар╕Вр╣Йр╕▓р╕Ыр╣Ир╕▓-р╕лр╕Щр╕╣р╕Щр╣Йр╕нр╕вр╕гр╣Ир╕│р╣Др╕лр╣Й http://t.co/PlhUaBjDpu
164,2015-10-13 06:45:14+00:00,#News р╣Бр╕лр╣Ир╕Кр╕╖р╣Ир╕Щр╕Кр╕бр╕Бр╕ер╕╕р╣Ир╕бр╕зр╕▒р╕вр╕гр╕╕р╣Ир╕Щр╕ер╣Йр╕нр╕бр╕Ир╕▒р╕Ър╕Юр╕ер╕Чр╕лр╕▓р╕гр╕лр╕╖р╣Ир╕Щ!! р╕Йр╕╕р╕Фр╕Фр╕Н.8р╕Вр╕зр╕Ър╣Ар╕ер╣Ир╕Щр╕лр╕Щр╣Йр╕▓р╕Ър╣Йр╕▓р╕Щр╣Ар╕Вр╣Йр╕▓р╕Ыр╣Ир╕▓-р╕лр╕Щр╕╣р╕Щр╣Йр╕нр╕вр╕гр╣Ир╕│р╣Др╕лр╣Йр╕Хр╕▒р╕зр╕кр╕▒р╣Ир╕Щ:  http://t.co/C6U6AGf930
165,2015-10-13 06:45:14+00:00,#News р╣Бр╕лр╣Ир╕Кр╕╖р╣Ир╕Щр╕Кр╕бр╕Бр╕ер╕╕р╣Ир╕бр╕зр╕▒р╕вр╕гр╕╕р╣Ир╕Щр╕ер╣Йр╕нр╕бр╕Ир╕▒р╕Ър╕Юр╕ер╕Чр╕лр╕▓р╕гр╕лр╕╖р╣Ир╕Щ!! р╕Йр╕╕р╕Фр╕Фр╕Н.8р╕Вр╕зр╕Ър╣Ар╕ер╣Ир╕Щр╕лр╕Щр╣Йр╕▓р╕Ър╣Йр╕▓р╕Щр╣Ар╕Вр╣Йр╕▓р╕Ыр╣Ир╕▓-р╕лр╕Щр╕╣р╕Щр╣Йр╕нр╕вр╕гр╣Ир╕│р╣Др╕лр╣Йр╕Хр╕▒р╕зр╕кр╕▒р╣Ир╕Щ:  http://t.co/IiWxd3LHHZ
166,2015-10-13 06:45:13+00:00,р╣Бр╕лр╣Ир╕Кр╕╖р╣Ир╕Щр╕Кр╕бр╕Бр╕ер╕╕р╣Ир╕бр╕зр╕▒р╕вр╕гр╕╕р╣Ир╕Щр╕ер╣Йр╕нр╕бр╕Ир╕▒р╕Ър╕Юр╕ер╕Чр╕лр╕▓р╕гр╕лр╕╖р╣Ир╕Щ!! р╕Йр╕╕р╕Фр╕Фр╕Н.8р╕Вр╕зр╕Ър╣Ар╕ер╣Ир╕Щр╕лр╕Щр╣Йр╕▓р╕Ър╣Йр╕▓р╕Щр╣Ар╕Вр╣Йр╕▓р╕Ыр╣Ир╕▓-р╕лр╕Щр╕╣р╕Щр╣Йр╕нр╕вр╕гр╣Ир╕│р╣Др╕лр╣Йр╕Хр╕▒р╕зр╕кр╕▒р╣Ир╕Щ:  http://t.co/IiWxd3LHHZ #News
167,2015-10-13 06:45:11+00:00,р╕Вр╣Ир╕▓р╕зр╕кр╕Ф : р╣Бр╕лр╣Ир╕Кр╕╖р╣Ир╕Щр╕Кр╕бр╕Бр╕ер╕╕р╣Ир╕бр╕зр╕▒р╕вр╕гр╕╕р╣Ир╕Щр╕ер╣Йр╕нр╕бр╕Ир╕▒р╕Ър╕Юр╕ер╕Чр╕лр╕▓р╕гр╕лр╕╖р╣Ир╕Щ!! р╕Йр╕╕р╕Фр╕Фр╕Н.8р╕Вр╕зр╕Ър╣Ар╕ер╣Ир╕Щр╕лр╕Щр╣Йр╕▓р╕Ър╣Йр╕▓р╕Щр╣Ар╕Вр╣Йр╕▓р╕Ыр╣Ир╕▓-р╕лр╕Щр╕╣р╕Щр╣Йр╕нр╕вр╕гр╣Ир╕│р╣Др╕лр╣Йр╕Хр╕▒р╕зр╕кр╕▒р╣Ир╕Щ:  http://t.co/lu4fkCqRf4 #thaitvnews
168,2015-10-11 06:36:34+00:00,@mmmmmmai @ftp_0921 @Dearest_KH р╣Др╕лр╕Щр╕Ир╕░р╕гр╕╣р╕Ыр╣Ар╕Лр╣Зр╕Хр╕Ьр╣Йр╕▓р╣Бр╕Фр╕Зр╕нр╕╡р╕Б р╣Ар╕нр╕▓р╕Хр╕гр╕Зр╣Жр╕Щр╕░р╕гр╕╣р╕Ыр╕Хр╕▓р╕гр╣Мр╣Ар╕гр╕Чр╣Жр╕нр╕░р╕Бр╕┤р╕зр╕Цр╣Ир╕▓р╕в+р╕ер╕Зр╣Ар╕нр╕Зр╕Чр╕▒р╣Йр╕Зр╕Щр╣Йр╕▓р╕Щр╕Щр╕Щр╕Щр╕Щр╕Щ р╣Бр╕ер╣Йр╕зр╕Ир╕░р╣Др╕бр╣Ир╣Гр╕лр╣Йр╕Чр╕лр╕▓р╕гр╕лр╕╖р╣Ир╕Щр╣Гр╕кр╣Ир╕Ыр╕▒р╣Кр╕Бр╣Др╕Фр╣Йр╣Др╕Зр╕ер╕░
169,2015-10-11 06:26:58+00:00,@ftp_0921 @Yedz4U_l2icrl 5555555 р╕гр╕зр╕бр╣Жр╕ер╕░р╕Др╕╖р╕н р╕Чр╕лр╕▓р╕гр╕лр╕╖р╣Ир╕Щ
170,2015-10-05 14:42:27+00:00,р╕Бр╕ер╕▓р╕вр╣Ар╕Ыр╣Зр╕Щр╕Чр╕лр╕▓р╕гр╕лр╕╖р╣Ир╕Щр╣Ар╕ер╕вр╕вр╕в5555555555
171,2015-09-25 08:52:07+00:00,р╕Чр╕│р╣Др╕б р╕Чр╕лр╕▓р╕гр╕Кр╕╖р╣Ир╕Щ' р╕Бр╕╣р╕нр╣Ир╕▓р╕Щр╣Ар╕Ыр╕Щ р╕Чр╕лр╕▓р╕гр╕лр╕╖р╣Ир╕Щ р╕зр╣Ир╕░ р╕Зр╕Зр╕З555555
172,2015-09-15 12:08:30+00:00,@xxlclips's account is temporarily unavailable because it violates the Twitter Media Policy. Learn more.
173,2015-08-17 18:55:07+00:00,р╕Кр╕нр╕Ър╕Ър╕Ч John Porter р╕Щр╕░ р╕Чр╕лр╕▓р╕гр╕лр╕╖р╣Ир╕Щр╣Ж р╕кр╕▒р╕Ыр╕Фр╕Щр╕лр╕Щр╣Ир╕нр╕вр╣Ж (р╕Лр╕╢р╣Ир╕Зр╕Фр╕╣р╣Др╕бр╣Ир╕Щр╣Ир╕▓р╕Ир╕░р╣Ар╕Ыр╣Зр╕Щр╕Зр╕╡р╣Йр╣Ар╕ер╕в) р╣Бр╕Хр╣Ир╣Ар╕Бр╣Ир╕Зр╣Бр╕ер╕░р╕лр╕ер╣Ир╕нр╕бр╕▓р╕Б р╕Кр╕Щр╕░р╕ер╕╣р╕Др╕▒р╕кр╣Ар╕ер╕н р╕Щр╕╡р╣Ир╕Цр╣Йр╕▓р╣Др╕бр╣Ир╣Вр╕Фр╕Щр╕ор╕нр╕Ър╕Ър╕┤р╕Чр╣Др╕Ы р╕Др╕Зр╣Др╕Фр╣Йр╕Фр╕▒р╕Зр╣Ар╕гр╕╖р╣Ир╕нр╕Зр╕Щр╕╡р╣Й
174,2015-08-10 09:59:21+00:00,@viewchick р╕Чр╕лр╕▓р╕гр╕лр╕╖р╣Ир╕Щр╕Фр╣Йр╕зр╕вр╕бр╕╢р╕З р╕Щр╣Ир╕▓р╕Бр╕ер╕▒р╕з р╣Бр╕бр╣Ир╕Зр╣Бр╕Ър╕Ъ р╕нр╕вр╕▓р╕Бр╕Кр╕зр╕Щр╕Бр╕╣р╕лр╕╖р╣Ир╕Щр╕Чр╕╕р╕Бр╕зр╕▒р╕Щ р╕Бр╕╣р╕Ър╕нр╕Б р╕Щр╕нр╕Щр╕ер╕░р╕Ър╕▓р╕в
175,2015-08-03 09:18:07+00:00,"""р╕Ч.р╕Чр╕лр╕▓р╕гр╕лр╕╖р╣Ир╕Щ !"" (р╕вр╣Йр╕│)
...р╕гр╕╕р╕бр╣Вр╕Чр╕гр╕бр╕кр╕▓р╕з/р╣Бр╕Ир╣Йр╕Зр╕Вр╣Йр╕нр╕лр╕▓р╕лр╕Щр╕▒р╕Б...
...3/8/58 р╕Юр╕Щр╕▒р╕Бр╕Зр╕▓р╕Щр╕кр╕нр╕Ър╕кр╕зр╕Щ р╕кр╕а.р╣Бр╕бр╣Ир╕кр╕▓р╕в р╕И.р╣Ар╕Кр╕╡р╕вр╕Зр╕гр╕▓р╕в р╣Др╕Фр╣Йр╕Щр╕│р╕Хр╕▒р╕з 3... http://t.co/Kky7l3udo4"
176,2015-07-31 12:03:46+00:00,р╕Чр╕лр╕▓р╕гр╕лр╕╖р╣Ир╕Щр╕Чр╕╕р╕Бр╕Др╕Щр╕Бр╕╣р╕Др╕нр╕Щр╣Ар╕Яр╕┤р╕б
177,2015-03-30 18:09:25+00:00,@NuTVaraXD 55555555555555 р╕нр╕▓р╕гр╣Мр╕бр╕╡р╣Ир╣Ар╕Ыр╣Зр╕Щр╕Чр╕лр╕▓р╕гр╕лр╕╖р╣Ир╕Щр╕Щ
178,2015-02-26 03:38:19+00:00,@sosku68 р╕Чр╕лр╕▓р╕гр╕лр╕╖р╣Ир╕Щр╣Бр╕Хр╣Ир╕лр╕▒р╕зр╕зр╕▒р╕Щр╣Ар╕ер╕вр╕Щр╕░
179,2015-02-15 11:11:40+00:00,р╣Др╕нр╕вр╣Лр╕▓!! р╕Чр╕лр╕▓р╕гр╕лр╕╖р╣Ир╕Щ
180,2014-11-18 05:52:44+00:00,р╣Ар╕Ър╕▓р╣Ж р╕Чр╕╡р╣И р╣Вр╕гр╕Зр╕Щр╕нр╕Щр╕Чр╕лр╕▓р╕гр╕лр╕╖р╣Ир╕Щ р╕Ир╕Чр╕Ъ.р╕н.р╕Х. http://t.co/9AvmFUPbkU
181,2014-11-10 01:19:46+00:00,р╕Лр╕╣р╕Фр╕▓р╕Щр╕Ыр╕Пр╕┤р╣Ар╕кр╕Шр╣Вр╕Хр╣Йр╕Чр╕лр╕▓р╕гр╕лр╕╖р╣Ир╕Щр╕Вр╣Ир╕бр╕Вр╕╖р╕Щр╕лр╕Нр╕┤р╕З 200 р╕Др╕Щ - р╣Ар╕нр╣Зр╕бр╣Ар╕нр╕кр╣Ар╕нр╣Зр╕Щ: р╕Лр╕╣р╕Фр╕▓р╕Щр╕Ыр╕Пр╕┤р╣Ар╕кр╕Шр╣Вр╕Хр╣Йр╕Чр╕лр╕▓р╕гр╕лр╕╖р╣Ир╕Щр╕Вр╣Ир╕бр╕Вр╕╖р╕Щр╕лр╕Нр╕┤р╕З 200 р╕Др╕Щр╣Ар╕нр╣Зр╕бр╣Ар╕нр╕кр╣Ар╕нр╣Зр╕Щр╕кр╕│р╕Щр╕▒р╕Б... http://t.co/J2dPKXvxbR
182,2014-11-09 16:23:25+00:00,@hongloveguy р╕Кр╕нр╕Ър╕бр╕▓р╕Бр╕Др╕▒р╕Ър╕Чр╕лр╕▓р╕гр╕лр╕╖р╣Ир╕Щр╕Др╕Щр╕Щр╕╡р╣Йр╕Яр╕┤р╕Щр╕Чр╕╕р╕Бр╕гр╕╣р╕Ыр╣Ар╕ер╕в р╣Ар╕Зр╕╡р╣Ир╕вр╕Щр╕Хр╕▓р╕бр╣Ар╕ер╕Щр╕Щр╕░р╕Др╕▒р╕Ъ р╕бр╕╡р╕Др╕▒р╕Ър╕Др╕ер╕┤р╕Ыр╕Щр╕╡р╣Й
183,2014-11-03 13:14:04+00:00,"р╕Чр╕лр╕▓р╕гр╕лр╕╖р╣Ир╕Щ 55555555555555555+
.
р╣Вр╕Др╣Вр╕вр╕Хр╕╡р╣Й р╕нр╕│р╕ер╕▓р╕Чр╕лр╕▓р╕гр╕Ыр╕ер╕Ф 4: http://t.co/BCuzJxCOhI"
184,2014-10-10 15:51:59+00:00,"р╕нр╕вр╕▓р╕Бр╣Ар╕Ир╕нр╕Чр╕лр╕▓р╕гр╕лр╕╖р╣Ир╕Щ
р╕Чр╕╡р╣Ир╣Др╕бр╣Ир╣Гр╕Кр╣Ир╣Ар╕Бр╕вр╣М"
185,2014-09-23 08:07:35+00:00,"р╕Юр╕▒р╕Бр╕Щр╕╡р╣Йр╕бр╕╡р╣Бр╕Хр╣И #р╕Чр╕лр╕▓р╕г  @ р╕бр╕▓р╣Ар╕Юр╕╡р╕вр╕Ъ є╛Жбє╛Ж╡.  р╕Др╕╕р╕Щр╕Ир╕░р╕бр╕▓р╕Др╕╖р╕Щр╕Др╕зр╕▓р╕бр╕кр╕╕р╕Вр╕Ър╕Щр╣Вр╕ер╕Бр╣Вр╕Лр╣Ар╕Кр╕╡р╣Ир╕вр╕зр╣Гр╕лр╣Йр╣Ар╕гр╕▓р╕лр╕гр╕нр╕Др╕░.  ?   5555
р╕Ър╕нр╕Бр╣Др╕зр╣Йр╕Бр╣Ир╕нр╕Щр╕Щр╕░р╕Чр╕лр╕▓р╕гр╕лр╕╖р╣Ир╕Щр╣Ар╕гр╕▓р╣Др╕бр╣Ир╕Ыр╕ер╕╖р╣Йр╕бр╕бр╕бр╕бр╕бр╕бр╕б.   є╛НРє╛НМє╛НП"
186,2014-09-09 16:41:29+00:00,р╕Щр╕╡р╣Ир╣Др╕бр╣Ир╣Др╕Фр╣Йр╕зр╣Ир╕▓р╕Чр╕лр╕▓р╕гр╕лр╕╖р╣Ир╕Щр╕Щр╕░ р╣Бр╕Хр╣Ир╕нр╕вр╕▓р╕Бр╕гр╕╣р╣Йр╕зр╣Ир╕▓р╕Юр╕зр╕Бр╣Ар╕Вр╕▓р╣Ар╕Бр╣Зр╕Ър╕Бр╕Фр╣Ар╕гр╕╖р╣Ир╕нр╕Зр╕Ьр╕╣р╣Йр╕лр╕Нр╕┤р╕Зр╕Вр╕Щр╕▓р╕Фр╕Щр╕▒р╣Йр╕Щр╣Ар╕ер╕вр╣Ар╕лр╕гр╕нр╕Др╕гр╕▒р╕Ъ р╕лр╕▓р╣Бр╕Яр╕Щр╕вр╕▓р╕Бр╣Ар╕лр╕гр╕нр╕Др╕гр╕▒р╕Ъ... http://t.co/k8GZrLAPU8
187,2014-09-07 13:57:03+00:00,р╣Ар╕Юр╕╖р╣Ир╕нр╕Щр╣Ар╕Юр╕┤р╣Ир╕Зр╕Бр╕ер╕▒р╕Ър╕Ир╕▓р╕Бр╕ер╕▓ р╣Ар╕ер╣Ир╕▓р╕зр╣Ир╕▓...р╕Юр╕▓р╣Ар╕бр╕╡р╕вр╣Др╕Ыр╕лр╕▓р╕лр╕бр╕н р╣Ар╕Юр╕гр╕▓р╕░р╕бр╕Фр╕ер╕╣р╕Бр╕нр╕▒р╕Бр╣Ар╕кр╕Ъ !?!! /// р╕Ир╕▒р╕Фр╕лр╕Щр╕▒р╕Бр╣Др╕Ыр╕Ыр╣Ир╕░р╕зр╕░? 5555+  #р╕Чр╕лр╕▓р╕гр╕лр╕╖р╣Ир╕Щ
188,2014-08-26 05:28:06+00:00,@sosku68 р╕зр╕▒р╕Щр╕Щр╕╡р╣Йр╕Чр╕лр╕▓р╕гр╕лр╕╖р╣Ир╕Щ
189,2014-07-29 06:30:52+00:00,@Plaizhe2 р╣Ар╕Фр╣Йр╕▓р╕Хр╕╕р╣Кр╕Бр╕Хр╕▓р╕лр╕бр╕╡ !!!  #р╕Чр╕лр╕▓р╕гр╕лр╕╖р╣Ир╕Щ
190,2014-07-17 12:04:36+00:00,р╕Чр╕лр╕▓р╕гр╕лр╕╖р╣Ир╕Щр╣Ж..р╕Юр╕нр╣Ар╕лр╣Зр╕Щр╕Вр╕▓р╕лр╕Щр╕╡р╕Ър╣Ар╕Юр╕╖р╣Ир╕нр╕Щ р╕бр╕▒р╕Щр╕Бр╣Зр╕Ир╕░р╣Ар╕нр╕▓р╕Щр╕░ 555++
191,2014-07-17 12:03:54+00:00,р╕Чр╕лр╕▓р╕гр╕лр╕╖р╣Ир╕Щр╣Жр╕лр╣Ир╕▓р╕Зр╣Ар╕бр╕╡р╕в р╕Юр╕нр╣Ар╕лр╣Зр╕Щр╣Ар╕Юр╕╖р╣Ир╕нр╕Щр╕Вр╕▓р╕зр╣Ж р╕бр╕▒р╕Щр╕Бр╣Зр╕лр╕╖р╣Ир╕Щр╕Щр╕░ 5555+++
192,2014-07-09 14:39:01+00:00,@ome_prt р╕ор╕▓р╣Жр╣Жр╣Жр╣Ж #р╕Чр╕лр╕▓р╕гр╕лр╕╖р╣Ир╕Щ
193,2014-06-27 14:01:13+00:00,тАЬ@War_Butterfly: р╕Чр╕лр╕▓р╕гр╕лр╕╖р╣Ир╕Щ http://t.co/2kW1XYtJURтАЭ
194,2014-06-26 05:24:08+00:00,р╣Ар╕Др╕вр╣Др╕Ыр╣Ар╕Ыр╣Зр╕Щр╣Др╕Бр╕Фр╣Мр╕Кр╣Ир╕зр╕Зр╕Эр╕╢р╕Бр╕Др╕нр╕Ър╕гр╣Йр╕▓ р╣Вр╕Бр╕ер╕Фр╣М тАж р╕нр╕вр╣Ир╕▓р╕Цр╕▓р╕бр╣Ар╕ер╕вр╕зр╣Ир╕▓р╕Чр╕лр╕▓р╕гр╕лр╕╖р╣Ир╕Щр╣Др╕лр╕б р╕бр╕▓р╕Бр╕Др╣Ир╕░ р╣Бр╕Хр╣Ир╕Цр╕▓р╕бр╕зр╣Ир╕▓р╣Ар╕Др╣Йр╕▓р╕кр╕╕р╕ар╕▓р╕Юр╣Др╕лр╕б р╣Ар╕Др╣Йр╕▓р╕Бр╣Зр╕кр╕╕р╕ар╕▓р╕Юр╕бр╕▓р╕Б
195,2014-06-26 03:20:19+00:00,@sosku68 р╕Чр╕лр╕▓р╕гр╕лр╕╖р╣Ир╕Щр╕Чр╕╕р╕Бр╕зр╕▒р╕Щр╣Ар╕ер╕в
196,2014-06-26 03:05:20+00:00,р╕Чр╕лр╕▓р╕гр╕Чр╕╕р╕Бр╕Щр╕▓р╕вр╕Зр╕Зр╕зр╣Ир╕▓....р╕зр╕▒р╕Щр╕Хр╣Ир╕нр╕Хр╣Йр╕▓р╕Щр╕вр╕▓р╣Ар╕кр╕Юр╕Хр╕┤р╕Ф р╕бр╕▒р╕Щр╣Ар╕Бр╕╡р╣Ир╕вр╕зр╕нр╕░р╣Др╕гр╕Бр╕▒р╕Ъ р╕Цр╕╕р╕Зр╕вр╕▓р╕Зр╕нр╕Щр╕▓р╕бр╕▒р╕в???  // р╣Бр╕Хр╣Ир╕Чр╕╕р╕Бр╕Др╕Щр╕Бр╣Зр╕гр╕▒р╕Ър╕Фр╣Йр╕зр╕вр╕Др╕зр╕▓р╕бр╣Ар╕Хр╣Зр╕бр╣Гр╕И..... #р╕Чр╕лр╕▓р╕гр╕лр╕╖р╣Ир╕Щ
197,2014-06-17 13:27:33+00:00,р╣Ар╕бр╕Щр╕Кр╕▒р╣Ир╕Щр╣Бр╕Хр╕Бр╕нр╕╡р╕Бр╣Бр╕ер╣Йр╕зр╕лр╕Щр╕╡р╕Бр╣Ир╕нр╕Щр╕ер╕░ р╕Ыр╕ер╣Ир╕нр╕вр╣Гр╕лр╣Йр╕кр╕▓р╕бр╕Чр╕лр╕▓р╕гр╕лр╕╖р╣Ир╕Щр╣Ар╕Др╣Йр╕▓р╕Др╕╕р╕вр╕Бр╕▒р╕Щр╣Др╕Ы 555555555 @/b_zounds @/Dongaonhongyok @/Fon_pHoN
198,2014-06-16 01:48:11+00:00,тАЬ@armythai_g: р╣Др╕Фр╣Йр╣Бр╕Ър╕Ър╕Щр╕╡р╣Йр╕вр╕нр╕бр╕Чр╕╕р╕Бр╕нр╕вр╣Ир╕▓р╕Зр╣Ар╕ер╕в #р╕зр╣Ир╕▓р╣Др╕лр╕б#р╕Чр╕лр╕▓р╕гр╕лр╕╖р╣Ир╕Щ http://t.co/a2vWaKpGhVтАЭ
199,2014-06-05 23:55:34+00:00,р╕Щр╕▒р╕Бр╕Вр╣Ир╕▓р╕зр╣Вр╕бр╣Ар╕Фр╕┤р╕гр╣Мр╕Щр╣Др╕Щр╕Щр╣Мр╕Хр╕░р╕ер╕╢р╕З р╕Чр╕лр╕▓р╕гр╕лр╕╖р╣Ир╕Щр╣Вр╕Кр╕зр╣Мр╕Кр╣Ир╕зр╕вр╕Хр╕▒р╕зр╣Ар╕нр╕Зр╕лр╕Щр╣Йр╕▓р╕лр╣Йр╕нр╕Зр╣Бр╕Хр╣Ир╕Зр╕Хр╕▒р╕з http://t.co/EzKLiV9YIn
200,2014-06-05 12:34:39+00:00,р╕Щр╕▒р╕Бр╕Вр╣Ир╕▓р╕зр╣Вр╕бр╣Ар╕Фр╕┤р╕гр╣Мр╕Щр╣Др╕Щр╕Щр╣Мр╕Хр╕░р╕ер╕╢р╕З р╕Чр╕лр╕▓р╕гр╕лр╕╖р╣Ир╕Щр╣Вр╕Кр╕зр╣Мр╕Кр╣Ир╕зр╕вр╕Хр╕▒р╕зр╣Ар╕нр╕Зр╕лр╕Щр╣Йр╕▓р╕лр╣Йр╕нр╕Зр╣Бр╕Хр╣Ир╕Зр╕Хр╕▒р╕з http://t.co/28potZJR0o #р╕Бр╕▓р╕гр╣Ар╕бр╕╖р╕нр╕З
201,2014-06-05 10:29:17+00:00,р╕Щр╕▒р╕Бр╕Вр╣Ир╕▓р╕зр╣Вр╕бр╣Ар╕Фр╕┤р╕гр╣Мр╕Щр╣Др╕Щр╕Щр╣Мр╕Хр╕░р╕ер╕╢р╕З р╕Чр╕лр╕▓р╕гр╕лр╕╖р╣Ир╕Щр╣Вр╕Кр╕зр╣Мр╕Кр╣Ир╕зр╕вр╕Хр╕▒р╕зр╣Ар╕нр╕Зр╕лр╕Щр╣Йр╕▓р╕лр╣Йр╕нр╕Зр╣Бр╕Хр╣Ир╕Зр╕Хр╕▒р╕з &gt;&gt; http://t.co/wY5l24A9Ev
202,2014-06-05 10:22:42+00:00,р╕нр╕╕р╣Кр╕Хр╕░ р╕Юр╕ер╕Чр╕лр╕▓р╕гр╕лр╕╖р╣Ир╕Щ
203,2014-06-05 09:40:56+00:00,р╕Чр╕лр╕▓р╕гр╕лр╕╖р╣Ир╕Щ!! http://t.co/znadxriTPQ
204,2014-05-22 13:16:28+00:00,р╕Чр╕лр╕▓р╕гр╕лр╕╖р╣Ир╕Щр╕Щр╕Щр╕Щ~
205,2014-05-06 09:52:43+00:00,@mootoon_2_6 р╕Чр╕лр╕▓р╕гр╕лр╕╖р╣Ир╕Щр╕бр╕▓р╕Бр╕Ыр╣Ир╕░р╕Др╕▒р╕Ъ 55
206,2014-05-02 16:41:13+00:00,-..- р╕Юр╕╡р╣Ир╕Чр╕лр╕▓р╕гр╕лр╕╖р╣Ир╕Щр╕ер╣Йр╕░р╕Фр╕╢р╕Бр╣Ж р╕лр╕╖р╣Ир╕Щр╣Бр╕Ыр╕ер╕зр╣Ир╕▓р╕гр╣Ир╕▓р╣Ар╕гр╕┤р╕З :P тАФ р╕лр╕╖р╣Ир╕Щр╕бр╕▒р╕Щр╕нр╕вр╕╣р╣Ир╣Гр╕Щр╕кр╕▒р╕Нр╕Кр╕▓р╕Хр╕Нр╕▓р╕У р╕Др╕гр╕▒р╕Ъ 55 http://t.co/2bJZgyqDmM
207,2014-04-18 14:20:47+00:00,р╕Кр╕▒р╣Йр╕Щр╕Чр╣Йр╕нр╕Зр╕нр╕╖р╕Ф р╕бр╕╡р╕нр╕╡р╣Вр╕Щр╕бр╕▒р╣Кр╕в.... тАФ р╕гр╕╣р╣Йр╕кр╕╢р╕Б р╕Ыр╣Ир╕зр╕в р╕Чр╕╡р╣И р╕Ър╣Йр╕▓р╕Щр╕Юр╕▒р╕Бр╕Чр╕лр╕▓р╕гр╕лр╕╖р╣Ир╕Щ р╕Ъ.р╕лр╣Йр╕зр╕вр╣Ар╕Ир╕гр╕┤р╕Н р╕Х.р╕Ьр╕▓р╣Ар╕ер╕╖р╕нр╕Ф р╕н.р╕Чр╣Ир╕▓р╕Ыр╕ер╕▓ р╕И.р╕нр╕╕р╕Хр╕гр╕Фр╕┤р╕Хр╕Цр╣М http://t.co/aPJn4ZN84C
208,2014-03-07 10:29:25+00:00,@snopnatt @yayavillfcrak р╣Ар╕Кр╕┤р╕Нр╣Др╕Ыр╕Чр╕╡р╣Ир╕нр╕╖р╣Ир╕Щр╕Щр╕░ р╣Др╕нр╣Йр╕Чр╕лр╕▓р╕гр╕лр╕╖р╣Ир╕Щ
209,2014-02-20 16:29:21+00:00,"р╕Чр╕лр╕▓р╕гр╕лр╕╖р╣Ир╕Щ. р╕Др╕гр╕┤р╣Ж
@armythai_g"
210,2014-02-20 16:28:49+00:00,р╕Чр╕лр╕▓р╕гр╕лр╕╖р╣Ир╕Щ. р╕Др╕гр╕┤р╣Ж
211,2013-12-25 06:20:29+00:00,@meiko_e р╕бр╕╡р╕Чр╕╕р╕Бр╕Ыр╕╡ р╕Бр╕╕р╣Др╕Фр╣Йр╕Фр╕╣р╕Чр╕╕р╕Бр╕Ыр╕╡ р╕нр╕вр╣Ир╕▓р╕Зр╕зр╣Ир╕▓р╕Чр╕лр╕▓р╕гр╕лр╕╖р╣Ир╕Щ 55555555555555
212,2013-12-11 03:35:06+00:00,р╣Ар╕Юр╕гр╕▓р╕░ 4 р╕Хр╕нр╕Щр╣Бр╕гр╕Бр╕Др╕╕р╕Ур╕Чр╕лр╕▓р╕гр╕лр╕╖р╣Ир╕Щр╣Ар╕Вр╕▓р╣Ар╕Ыр╣Зр╕Щр╕Др╕Щр╕Ър╕гр╕гр╕вр╕▓р╕в 4 р╕Хр╕нр╕Щр╕лр╕ер╕▒р╕Зр╕Ир╕░р╕Ыр╕╣р╕Др╕зр╕▓р╕бр╕лр╕ер╕▒р╕Зр╕Чр╕╕р╕Бр╕нр╕вр╣Ир╕▓р╕Зр╣Вр╕Фр╕вр╕Др╕╕р╕Ур╕лр╕бр╕нр╕Вр╕╡р╣Йр╕вр╕▒р╣Ир╕зр╕Чр╕▒р╣Йр╕Зр╕лр╕ер╕▓р╕в #ficSVSD
213,2013-10-27 05:08:16+00:00,р╕кр╕░р╣Гр╕Ир╕нр╕┤р╕Юр╕зр╕Бр╕Чр╕лр╕▓р╕гр╕лр╕╖р╣Ир╕Щ !55555555555555
214,2013-10-27 04:48:18+00:00,р╣Др╕нр╣Йр╕Юр╕зр╕Бр╕Чр╕лр╕▓р╕гр╕лр╕╖р╣Ир╕Щр╕Щр╕Щ!! =__________=
215,2013-10-26 06:01:19+00:00,@aepiyathida р╕Чр╕лр╕▓р╕гр╕лр╕╖р╣Ир╕Щр╕Фр╣Йр╕зр╕в р╣Ар╕Зр╣Йр╕нр╕нр╕нр╕нр╕нр╕нр╕нр╕нр╕нр╕н
216,2013-10-17 14:18:48+00:00,@love_nps007 р╣Ар╕Вр╕▓р╕зр╣Ир╕▓р╕Бр╕▒р╕Щр╕зр╣Ир╕▓ р╕Чр╕лр╕▓р╕г р╕лр╕╖р╣Ир╕Щ р╣Ар╕Зр╕╡р╣Ир╕вр╕Щ р╕Ир╕гр╕┤р╕Зр╣Др╕лр╕бр╕Др╕▒р╕Ъ
217,2013-10-15 18:38:55+00:00,@GP_TripleS 555 р╕Юр╕╡р╣Ир╕Чр╕лр╕▓р╕гр╕лр╕╖р╣Ир╕Щ
218,2013-10-11 07:05:14+00:00,р╣Ар╕бр╕╖р╣Ир╕нр╕Бр╕╡р╣Йр╕Вр╕╢р╣Йр╕Щр╕гр╕Ц 2 р╣Бр╕Цр╕зр╕бр╕╡р╕Щр╣Йр╕нр╕Зр╕б.р╕Хр╣Йр╕Щр╣Гр╕кр╣Ир╕кр╕▒р╣Йр╕Щр╕Бр╕▒р╕Ър╕Чр╕лр╕▓р╕гр╕лр╕╖р╣Ир╕Щр╣Ж 2 р╕Др╕Щ р╕Юр╕╣р╕Фр╕Ир╕▓р╣Ар╕Хр╣Кр╕▓р╕░р╕кр╕╕р╕Фр╣Ж
219,2013-10-01 02:55:54+00:00,р╕Юр╕Ър╕Чр╕лр╕▓р╕гр╕лр╕╖р╣Ир╕Щ 1 ea
220,2013-09-05 16:34:34+00:00,р╕Юр╕Ър╕Чр╕лр╕▓р╕гр╕лр╕╖р╣Ир╕Щ 1 ea
221,2013-07-15 16:55:17+00:00,р╕Юр╕ер╕Чр╕лр╕▓р╕гр╕лр╕╖р╣Ир╕Щр╕бр╕▓р╕Б -..-
222,2013-07-03 13:48:02+00:00,= = р╣Бр╕бр╕гр╣Ир╕Зр╕Др╕Щр╕Чр╕▒р╣Йр╕Зр╕Др╕ер╕▒р╕Ър╕Бр╕╣р╣Вр╕Др╕Хр╕гр╣Вр╕гр╕Др╕Ир╕┤р╕Хр╕кр╕▒р╕Х!! #р╣Бр╕лр╕Бр╕Ыр╕▓р╕Бр╣Гр╕лр╣Йр╣Вр╕ер╕Бр╕гр╕╣р╣Й zippoz р╣Бр╕бр╕гр╣Ир╕Зр╕Др╣Ир╕▓р╕вр╕Чр╕лр╕▓р╕гр╕лр╕╖р╣Ир╕Щр╣Вр╕зр╣Йр╕вр╕вр╕в!!!
223,2013-05-30 12:18:10+00:00,@teukseob @pawwiimedo р╕Щр╣Йр╕нр╕Зр╣Вр╕Фр╣Йр╣Ар╕Бр╕Ур╕Ср╣Мр╕Чр╕лр╕▓р╕гр╕Щр╕╡р╣Йр╕│р╣Др╕бр╣Ир╕нр╕вр╕▓р╕Бр╕Ир╕░р╕Др╕┤р╕Фр╕кр╕ар╕▓р╕Юр╕Юр╕Юр╕Ю р╕нр╕┤р╕Юр╕зр╕Бр╕Чр╕лр╕▓р╕гр╕лр╕╖р╣Ир╕Щр╣Жр╣Ар╕ер╣Ир╕нр╕░ р╕вр╕┤р╣Ир╕Зр╣Ар╕Ыр╕Щр╕Чр╕╡р╣Ир╕Хр╣Йр╕нр╕Зр╕Хр╕▓р╕Хр╣Йр╕нр╕Зр╣Гр╕Ир╣Ар╕лр╕ер╣Ир╕▓р╕лр╕Щр╕╕р╣Ир╕бр╣Жр╕нр╕вр╕╣р╣И Orz р╕Цр╕Цр╕Цр╕Цр╕Цр╕Ц
224,2013-05-12 15:20:31+00:00,р╕Чр╕лр╕▓р╕гр╕лр╕╖р╣Ир╕Щр╣Ж р╕бр╕╡р╣Гр╕Щр╕Ыр╕гр╕░р╕зр╕▒р╕Хр╕┤р╕ир╕▓р╕кр╕Хр╕гр╣Мр╕лр╕ер╕▓р╕вр╕Хр╕▒р╕з
225,2013-05-05 17:41:45+00:00,@Xenon_exkh (.......р╕ер╣Йр╕нр╣Ар╕ер╣Ир╕Щ!!!!! р╣Ар╕Др╣Йр╕▓р╕Ир╕░р╣Ар╕нр╕▓.....................р╕Кр╕╕р╕Фр╕Чр╕лр╕▓р╕г...............*р╕лр╕╖р╣Ир╕Щ*)
226,2013-04-30 06:36:23+00:00,#InstaMag#р╕гр╣Йр╕нр╕Щ#р╕Чр╕│р╕Зр╕▓р╕Щ#р╕Чр╕лр╕▓р╕г#р╕лр╕╖р╣Ир╕Щ !!! http://t.co/EexCKfcI68
227,2013-04-19 07:29:13+00:00,3 р╕лр╕Щр╕╕р╣Ир╕бр╕Чр╕лр╕▓р╕гр╕лр╕╖р╣Ир╕Щ р╕Кр╕нр╕Ър╕Хр╕гр╕Зр╕Щр╕╡р╣Йр╣Бр╕лр╕ер╕░ 5555
228,2013-04-19 07:28:29+00:00,р╕зр╕▒р╕Щр╕Щр╕╡р╣Й Playgang 3 р╕лр╕Щр╕╕р╣Ир╕бр╕Чр╕лр╕▓р╕гр╕лр╕╖р╣Ир╕Щр╣Бр╕лр╣Ир╕З Playgang р╣Вр╕Др╕Ир╕гр╕бр╕▓р╕Юр╕Ър╕Бр╕▒р╕Щ р╕бр╕▓р╕гр╣Мр╕К р╕Чр╣Кр╕нр╕Ы р╕нр╕▓р╕гр╣Мр╕Хр╕╡р╣Й р╣Вр╕Фр╕вр╣Ар╕Йр╕Юр╕▓р╕░р╕Ьр╕бр╕Бр╕▒р╕Ър╕Чр╣Кр╕нр╕Ыр╕Бр╕ер╕▒р╕Ър╕бр╕▓р╕Ир╕▒р╕Фр╕гр╕▓р╕вр╕Бр╕▓р╕гр╕Фр╣Йр╕зр╕вр╕Бр╕▒р╕Щр╣Гр╕Щр╕гр╕нр╕Ър╕Др╕гр╕╢р╣Ир╕Зр╕Ыр╕╡ @toptapp_nc
229,2013-04-04 14:09:32+00:00,@Sexs_Seen @SD_PopnaJA @ni2_2 р╕Жр╣Ир╕▓р╣Гр╕лр╣Йр╕Хр╕▓р╕вр╕Чр╕лр╕▓р╕гр╕лр╕╖р╣Ир╕Щ
230,2013-04-03 04:51:31+00:00,@SD_PopnaJA @daopopstar р╕нр╕вр╣Ир╕▓р╣Др╕Ыр╣Ар╕Кр╕╖р╣Ир╕нр╕ер╕╕р╕Зр╕Щр╕░р╕Фр╕▓р╕зр╕Юр╕зр╕Бр╕Чр╕лр╕▓р╕гр╕лр╕╖р╣Ир╕Щ р╕гр╕╕р╕Щр╣Бр╕гр╕З р╕Юр╕▒р╕Зр╕Юр╕нр╕Фр╕╡
231,2013-03-28 06:46:55+00:00,р╕ер╕╕р╕Зр╕Ыр╣Зр╕нр╕Ы = р╕Чр╕лр╕▓р╕гр╕лр╕╖р╣Ир╕Щ р╕Ър╣Йр╕▓р╣Ар╕вр╣Зр╕Ф 55555555 #р╕Ыр╕ер╣Ир╕▓р╕зр╣Бр╕Лр╕░
232,2013-02-09 13:31:56+00:00,@SD_PopnaJA р╕ер╕╕р╕Зр╕Ыр╕нр╕Ър╣Ар╕Ыр╣Зр╕Щр╕Чр╕лр╕▓р╕г р╕лр╕╖р╣Ир╕Щр╣Др╕Фр╣Йр╣Ар╕гр╣Кр╕▓р╕░ р╣Др╕лр╕Щр╕Юр╕┤р╕кр╕╣р╕Ир╕Щр╣Мр╕Лр╕╡р╣Й
233,2013-01-29 14:06:33+00:00,р╕Чр╕лр╕▓р╕гр╕лр╕╖р╣Ир╕Щр╣Бр╕Др╣Ир╕Др╕┤р╕Фр╣Ар╕гр╕▓р╕Бр╣Зр╕Ир╕▒р╣Кр╕Бр╕Ир╕╡р╣Кр╣Бр╕ер╣Йр╕зр╕зр╕з
234,2013-01-28 14:02:39+00:00,р╣Ар╕зр╕г р╕Лр╕╡р╕Щр╣Ар╕Ыр╕┤р╕Фр╕Хр╕▒р╕з = = р╕Щр╕╢р╕Бр╕зр╣Ир╕▓р╣Ар╕Ир╕нр╕Чр╕лр╕▓р╕гр╕лр╕╖р╣Ир╕Щ р╕Ьр╣Ир╕▓р╕Щр╕кр╕Зр╕Др╕гр╕▓р╕бр╕бр╕▓р╣Ар╕вр╕нр╕░ р╣Ар╕Ир╕нр╕Ьр╕╣р╣Йр╕лр╕Нр╕┤р╕Зр╣Бр╕ер╣Йр╕зр╕Юр╕╕р╣Ир╕Зр╣Ар╕Вр╣Йр╕▓р╣Гр╕кр╣И р╕лр╕▒р╕зр╣Ар╕гр╕▓р╕░р╕Ър╣Йр╕▓р╕Др╕ер╕▒р╣Ир╕Зр╣Др╕Фр╣Йр╕нр╕╡р╕Б #р╣Вр╕Бр╣Вр╕Ър╕гр╕┤2013
235,2013-01-27 09:20:22+00:00,р╕Ир╣Ир╕▓р╕Чр╕лр╕▓р╕г р╕лр╕╖р╣Ир╕Щр╕Бр╕▓р╕б р╣Ар╕Фр╣Зр╕Бр╕зр╕▒р╕в 9 р╕Вр╕зр╕Ъ - http://t.co/ePRcofh2 via @Shareaholic
236,2012-12-31 18:13:32+00:00,@K8G_KIW @k8g_guitar Happy New Year 2013 р╕Вр╕нр╣Гр╕лр╣Йр╕Юр╕зр╕Бр╕Юр╕╡р╣Ир╣Жр╕бр╕╡р╕Др╕зр╕▓р╕бр╕кр╕╕р╕Вр╕Хр╕ер╕нр╕Фр╕Ыр╕╡ р╣Ар╕Ыр╣Зр╕Щр╣Бр╕нр╕Др╕Кр╕▓р╕Ър╕╣р╕зр╣Жр╕Вр╕нр╕Зр╣Ар╕лр╕ер╣Ир╕▓р╕Чр╕лр╕▓р╕гр╕лр╕╖р╣Ир╕Щр╣Жр╕Хр╕ер╕нр╕Фр╣Др╕Ыр╕Щр╕▓р╕Щр╣Ж р╕Вр╕нр╣Гр╕лр╣Йр╕лр╕╖р╣Ир╕Щр╕Вр╕╢р╣Йр╕Щр╕Бр╕зр╣Ир╕▓р╕Ыр╕╡р╣Ар╕Бр╣Ир╕▓р╣Ж р╕Ир╕╕р╣Кр╕Ър╣Ж
237,2012-12-19 13:16:45+00:00,р╕кр╕Зр╕кр╕▓р╕гр╣Ар╕лр╣Зр╕Фр╕нр╣Ир╕░ р╣Ар╕кр╕╡р╕вр╕Зр╕Чр╕лр╕▓р╕гр╕лр╕╖р╣Ир╕Щр╣Др╕Ыр╕Щр╕░ &gt;&gt;&gt;HyunA (эШДьХД) - ICECREAM 121214 [FANCAM]: http://t.co/upq6EdFZ
238,2012-12-16 12:47:37+00:00,р╕Бр╕гр╕░р╣Ар╕Ир╕╡р╣Кр╕вр╕зр╣Ар╕Чр╕╡р╕вр╕б 555555555555555 р╕Чр╕лр╕▓р╕гр╕лр╕╖р╣Ир╕Щ р╕гр╣Йр╕нр╕вр╣Ар╕Ыр╕нр╕гр╣Мр╣Ар╕Лр╣Зр╕Щр╕Бр╕▒р╕Щр╕нр╣Ир╕░ р╣Бр╕Хр╣Ир╕ер╕░р╕Др╕Щр╕Щр╕Щр╕Щ
239,2012-11-14 13:12:13+00:00,@K8G_KIW р╕Бр╕ер╕╕р╣Йр╕бр╕Чр╕│р╣Др╕бр╕нр╕░р╣Ар╕ор╕╡р╕в р╕Чр╕лр╕▓р╕гр╕лр╕╖р╣Ир╕Щр╕нр╕нр╕Бр╕Ир╕░р╕Щр╣Ир╕▓р╕гр╣Йр╕▓р╕Бр╕Бр╕Бр╕Бр╕Бр╕Бр╕Бр╕Бр╕Бр╕Бр╕Бр╕Бр╕Бр╕Бр╕Бр╕Б &gt;&lt; р╕Бр╕▒р╕Щр╕Чр╕╣р╣Кр╕Бр╕Бр╕Бр╕Бр╕Бр╕Бр╕Бр╕Бр╕Бр╕Бр╕Бр╕Бр╕Щр╕▓р╕З 55555555555555555
240,2012-10-30 04:37:25+00:00,@р╕Кр╕▓р╕Щр╕вр╕░р╕лр╕вр╕нр╕в р╕Цр╣Йр╕▓р╣Ар╕Вр╣Йр╕▓р╕Бр╕гр╕бр╕Юр╕гр╣Йр╕нр╕бр╣Бр╕Ър╕Др╕Бр╣Зр╕Фр╕╣р╣Бр╕ер╕Щр╣Йр╕нр╕Зр╕Фр╕╡р╣Жр╕Щр╕░ р╕нр╕вр╣Ир╕▓р╣Гр╕лр╣Йр╕Чр╕лр╕▓р╕гр╕лр╕╖р╣Ир╕Щр╕бр╕▓р╣Бр╕Хр╕░р╣Ар╕Щр╕╖р╣Йр╕нр╕Хр╣Йр╕нр╕Зр╕Хр╕▒р╕зр╣Др╕Фр╣Йр╣Вр╕Фр╕вр╣Ар╕Фр╣Зр╕Фр╕Вр╕▓р╕Фр╕Щр╕░ ;____;
241,2012-10-28 14:30:53+00:00,@LookKaew_SiW5 р╣Др╕бр╣Ир╣Ар╕лр╕ер╕╖р╕нр╕Др╣Ир╕░ р╕Вр╕╢р╣Йр╕Щр╕Кр╕╖р╣Ир╕нр╕зр╣Ир╕▓р╕Чр╕лр╕▓р╕гр╕Бр╣Зр╕лр╕╖р╣Ир╕Щр╣Бр╕ер╣Йр╕з 55555(р╕Чр╕лр╕▓р╕гр╕лр╕╖р╣Ир╕Щ 5555555)
242,2012-10-25 02:11:24+00:00,р╣Ар╕Ир╕нр╕Юр╕ер╕Чр╕лр╕▓р╕гр╕лр╕╖р╣Ир╕Щ---&gt;@SD_PopnaJA
243,2012-10-19 16:03:18+00:00,р╕нр╕┤р╕Юр╕зр╕Бр╕Чр╕лр╕▓р╕гр╕лр╕╖р╣Ир╕Щр╕Щр╕Щр╕Щр╕Щр╕Щр╕Щ ! - -
244,2012-10-08 07:48:57+00:00,@k8g_guitar @K8G_KIW  р╣Бр╕ор╣Ир╣Ж р╕Ыр╕▒р╣Ир╕Щр╕Хр╕▒р╣Йр╕Зр╕Щр╕▓р╕Щр╕Бр╕зр╣Ир╕▓р╕Ир╕░р╣Др╕Фр╣Й  8888 р╣Гр╕лр╣Йр╕Юр╕╡р╣Ир╕кр╕нр╕Зр╕Др╕Щр╕Щр╕░р╕Др╕░р╕гр╕▒р╕Бр╕Бр╕▒р╕Щр╣Др╕Ыр╕Щр╕▓р╕Щр╣Жр╕Фр╕╡р╣Гр╕Ир╕Чр╕╡р╣Ир╣Др╕Фр╣Йр╕бр╕▓р╣Ар╕Ыр╣Зр╕Щр╕Чр╕лр╕▓р╕гр╕лр╕╖р╣Ир╕Щ55555 :D
245,2012-10-02 10:48:56+00:00,@K8G_KIW р╣Ар╕ор╕╡р╕вр╕бр╕▓р╕Ыр╕ер╣Ир╕нр╕вр╕Вр╕нр╕Зр╣Бр╕Ър╕Ър╕Щр╕╡р╣Йр╕Щр╕░р╣Др╕бр╣Ир╣Гр╕лр╣Йр╕Чр╕лр╕▓р╕гр╕лр╕╖р╣Ир╕Щр╣Др╕Фр╣Йр╣Др╕З р╣Ар╕гр╕Ч р╕Й р╕бр╕▓р╕Б р╕Др╣Ир╕░
246,2012-10-01 15:43:05+00:00,@k8g_guitar @k8g_kiw р╕нр╕вр╣Ир╕▓р╕Чр╕┤р╣Йр╕Зр╕Бр╕▒р╕Щр╣Др╕Ыр╣Др╕лр╕Щр╕Щр╕░р╕Др╕░ р╕Бр╕нр╕Зр╕Чр╕▒р╕Юр╕Чр╕лр╕▓р╕гр╕лр╕╖р╣Ир╕Щр╕Ир╕░р╕нр╕вр╕╣р╣Ир╕вр╕▒р╕Зр╣Др╕Зр╕Цр╣Йр╕▓р╣Др╕бр╣Ир╕бр╕╡р╣Ар╕ор╕╡р╕вр╕Бр╕┤р╕зр╕Бр╕▒р╕Ър╕Юр╕╡р╣Ир╕Хр╣Йр╕▓р╕гр╣Мр╣Гр╕лр╣Йр╕гр╕▒р╕Б 3
247,2012-10-01 15:15:32+00:00,@k8g_guitar р╕Юр╕╡р╣Ир╕Бр╣Зр╕Вр╕нр╕Ър╕Др╕╕р╕У р╣Ар╕ор╕╡р╕вр╕Бр╕▒р╕Ър╕Щр╣Йр╕нр╕Зр╕Хр╣Йр╕▓р╕гр╣М р╣Ар╕лр╕бр╕╖р╕нр╕Щр╕Бр╕▒р╕Щр╕Чр╕╡р╣Ир╣Др╕бр╣Ир╕лр╕▓р╕вр╣Др╕Ыр╣Др╕лр╕Щ р╕нр╕вр╕╣р╣Ир╣Ар╕Ыр╣Зр╕Щр╕Чр╕╡р╣Ир╕гр╕▒р╕Бр╕Вр╕нр╕Зр╕Др╕Щр╣Ар╣Ар╕Бр╣И р╕Чр╕лр╕▓р╕гр╕лр╕╖р╣Ир╕Щр╕Хр╣Ир╕нр╣Др╕Ыр╕Щр╕▓р╕Щр╣Жр╕Щр╕░р╕Ир╣Кр╕░ ^^
248,2012-09-23 17:55:20+00:00,р╕зр╣Кр╕▓р╕вр╕вр╕в р╕Хр╕▓р╕вр╕ер╣Ир╕░ р╣Ар╕Ир╕нр╕Чр╕лр╕▓р╕гр╕лр╕╖р╣Ир╕Щ р╣Бр╕Бр╣Др╕бр╣Ир╕гр╕╣р╣Йр╕Ир╕▒р╕Бр╕Йр╕▒р╕Щр╕Лр╕░р╣Бр╕ер╣Й р╕зр╣Ир╕▓р╕Йр╕▒р╕Щр╣Др╕гр╣Йр╣Ар╕Фр╕╡р╕вр╕Зр╕кр╕▓р╣Бр╕Др╣Ир╣Др╕лр╕Щ 5555
249,2012-09-18 16:44:37+00:00,р╕Чр╕зр╕┤р╕Хр╕Чр╕╡р╣И 8888 р╣Гр╕лр╣Й @kiw26072011 @guitar26072011 р╕Вр╕нр╣Гр╕лр╣Йр╣Ар╕ор╕╡р╕вр╣Жр╕Чр╕▒р╣Йр╕Зр╕кр╕нр╕Зр╕гр╕▒р╕Бр╕Бр╕▒р╕Щр╕Щр╕▓р╕Щр╣Ж р╣Ар╕Ыр╣Зр╕Щр╣Ар╕ор╕╡р╕вр╕Бр╕┤р╕зр╕Бр╕▒р╕Ър╣Ар╕ор╕╡р╕вр╕Хр╕▓р╕гр╣Мр╣Гр╕лр╣Йр╕Чр╕лр╕▓р╕гр╕лр╕╖р╣Ир╕Щр╣Др╕Ыр╕нр╕╡р╕Бр╕Щр╕▓р╕Щр╣Жр╕Щр╕░р╕Др╕гр╕▒р╕Ър╕Ьр╕б :) #K8G
250,2012-09-10 20:48:28+00:00,@kiw26072011 р╣Ар╕ор╕╡р╕вр╕нр╕вр╕╣р╣Ир╕Фр╕╢р╕Бр╕Ир╕▒р╕Зр╕Др╣Ир╕░ р╕Юр╕гр╕╕р╣Йр╕Зр╕Щр╕╡р╣Йр╣Др╕бр╣Ир╕Чр╕│р╕Зр╕▓р╕Щр╕лр╕гр╕н~ р╣Ар╕Фр╣Ир╕зр╣Др╕бр╣Ир╣Др╕лр╕зр╕Щр╣Кр╕▓~ р╕Фр╕╣р╣Бр╕ер╕Хр╕▒р╕зр╣Ар╕нр╕Зр╕Фр╣Йр╕зр╕вр╕Щр╕░р╕Др╣Ир╕░ р╕Фр╣Йр╕зр╕вр╕Др╕зр╕▓р╕бр╕лр╣Ир╕зр╕Зр╣Гр╕вр╕Чр╕лр╕▓р╕гр╕лр╕╖р╣Ир╕Щр╕Щр╕▓р╕вр╕лр╕Щр╕╢р╣Ир╕З
251,2012-09-04 01:28:41+00:00,@butynink @guitar26072011 р╣Бр╕ер╣Йр╕зр╣Ар╕гр╕▓р╕Бр╣Зр╕Ир╕▒р╕Фр╕Бр╕▓р╕гр╕Хр╣Зр╕Фр╕Бр╕ер╣Йр╕нр╕Зр╕зр╕Зр╕Ир╕г р╕гр╕нр╕Ър╕лр╣Йр╕нр╕З р╣Бр╕ер╣Йр╕зр╕Бр╣Зр╣Ар╕нр╕▓р╣Др╕ер╕Фр╣Мр╣Гр╕кр╣Ир╣Бр╕Ьр╣Ир╕Щр╕Вр╕▓р╕в р╕Чр╕лр╕▓р╕гр╕лр╕╖р╣Ир╕Щр╕Бр╕▒р╕Щ 555++ #р╕Шр╕╕р╕гр╕Бр╕┤р╕Ир╕Юр╕▒р╕Щр╕гр╣Йр╕▓р╕Щ
252,2012-09-04 00:13:17+00:00,@guitar26072011 р╕Чр╕лр╕▓р╕гр╕лр╕╖р╣Ир╕Щр╕Щр╕▓р╕вр╕Щр╕╡р╣Йр╕Юр╕нр╣Гр╕Ир╕Бр╕▒р╕Ър╕Вр╕нр╕Зр╕кр╕▒р╕Зр╣Ар╕зр╕вр╣Ар╕бр╕╖р╣Ир╕нр╕Др╕╖р╕Щр╕бр╕▓р╕Бр╕Др╣Ир╕░ -/\-
253,2012-09-01 16:04:08+00:00,р╣Бр╕нр╕Др╕Щр╕╡р╣Йр╣Ар╕Ыр╣Зр╕Щр╕кр╕Цр╕▓р╕Щр╕Чр╕╡р╣Ир╕ер╕Зр╕Яр╕┤р╕Др╕Бр╕┤р╕зр╕Хр╣Йр╕▓р╕гр╣Мр╣Ар╕Юр╕╖р╣Ир╕нр╣Ар╕лр╕ер╣Ир╕▓р╕Юр╕ер╕Чр╕лр╕▓р╕гр╕лр╕╖р╣Ир╕Щр╣Др╕Фр╣Йр╣Ар╕кр╕Юр╕вр╣Мр╕Бр╕▒р╕Щр╕Цр╣Йр╕зр╕Щр╕лр╕Щр╣Йр╕▓ .. р╕Яр╕┤р╕Др╕Чр╕▒р╣Йр╕Зр╕лр╕бр╕Фр╕Чр╕╡р╣Ир╕ер╕Зр╣Бр╕Хр╣Ир╕Зр╣Вр╕Фр╕вр╣Бр╕нр╕Фр╕нр╕▓р╕гр╣Мр╕бр╕╡р╣И р╣Ар╕гр╕╡р╕вр╕Бр╕кр╕▒р╣Йр╕Щр╣Ж р╕зр╣Ир╕▓р╣Бр╕нр╕Фр╕нр╕▓р╕гр╣М ( р╕Хр╣Ир╕н )
254,2012-08-31 18:42:02+00:00,@kiw26072011 HBDр╕Др╣Ир╕░р╣Ар╕ор╕╡р╕в р╕бр╕╡р╕Др╕зр╕▓р╕бр╕кр╕╕р╕Вр╕бр╕▓р╕Бр╣Ж р╕гр╕▒р╕Бр╕Бр╕▒р╕Ър╣Ар╕Ир╣Кр╕Ир╕Щр╣Вр╕ер╕Бр╣Бр╕Хр╕Бр╣Др╕Ыр╣Ар╕ер╕вр╕Щр╕░р╕Др╣Ир╕░(р╕нр╕вр╣Ир╕▓р╣Др╕Фр╣Йр╣Бр╕Др╕гр╣Мр╕кр╕╖р╣Ир╕н) р╕нр╕▒р╕Юр╕гр╕╣р╕Ыр╣Ар╕Ир╣Кр╕Хр╣Йр╕▓р╕гр╣Мр╣Бр╕ер╕░р╕гр╕╣р╕Ыр╕зр╕▓р╕вр╕Ър╣Ир╕нр╕вр╣Жр╕Щр╕░р╕Др╣Ир╕░ р╕Чр╕лр╕▓р╕гр╕лр╕╖р╣Ир╕Щр╕Щр╕▓р╕вр╕Щр╕╡р╣Йр╕Лр╕╕р╣Ир╕бр╕нр╕вр╕╣р╣И
255,2012-08-28 13:37:32+00:00,@nut_tha р╕Чр╕лр╕▓р╕гр╕лр╕╖р╣Ир╕Щр╕Ир╕╕р╕З р╣Др╕Ыр╕Ир╕▒р╕Ър╣Вр╕Ир╕гр╕кр╕ер╕▒р╕Фр╣Др╕Ы ;____;
256,2012-08-27 13:43:17+00:00,@kiw26072011 р╣Ар╕ор╕╡р╕вр╣Бр╕нр╕Ър╕Ър╕нр╕Бр╕Цр╣Йр╕▓р╣Др╕бр╣Ир╕нр╕вр╕▓р╕Бр╣Гр╕лр╣Йр╕Чр╕лр╕▓р╕гр╕лр╕╖р╣Ир╕Щр╕Бр╕▒р╕Ър╕кр╕▓р╕зр╕лр╕╖р╣Ир╕Щр╕кр╣Ир╕нр╕Зр╣Бр╕Яр╕Щр╣Ар╕ор╕╡р╕вр╕Хр╣Йр╕нр╕Зр╣Ар╕Вр╣Йр╕▓р╣Др╕Ыр╕ер╕Ър╣Гр╕Щр╕Щр╕╡р╣Йр╕Фр╣Йр╕зр╕в http://t.co/DOCU3faM :D р╕лр╕Щр╕╣р╕вр╕▒р╕Зр╣Ар╕Вр╣Йр╕▓р╣Др╕Ыр╕кр╣Ир╕нр╕Зр╣Др╕Фр╣Йр╕нр╕вр╕╣р╣Ир╣Ар╕ер╕в
257,2012-08-21 16:08:47+00:00,@guitar26072011 р╣Вр╕нр╣Лр╣Жр╣Ж р╕Юр╕╡р╕Хр╣Йр╕▓р╕гр╣Мр╕вр╕▒р╕Зр╕бр╕╡ р╕Яр╕ер╕з. р╣Бр╕ер╕░р╕Чр╕лр╕▓р╕гр╕лр╕╖р╣Ир╕Щр╕гр╕нр╕гр╕╕р╕бр╕нр╕вр╕╣р╣Ир╕Щр╣Кр╕▓ р╣Ар╕Фр╕╡р╣Лр╕вр╕зр╣Ар╕ор╕╡р╕вр╕Бр╣Зр╕Бр╕ер╕▒р╕Ър╕бр╕▓555 #р╕гр╕▒р╕Бр╕Щр╕░р╕Юр╕╡р╣Ир╕Хр╣Йр╕▓р╕гр╣М
258,2012-08-18 17:55:05+00:00,@guitar26072011 р╣Ар╕зр╕ер╕▓р╕Щр╕╡р╣Йр╣Бр╕лр╕ер╕░р╣Ар╕Ыр╣Зр╕Щр╣Ар╕зр╕ер╕▓р╕Бр╕▓р╕гр╣Ар╕кр╕Юр╕Др╕зр╕▓р╕бр╕Яр╕┤р╕Щр╕Вр╕нр╕Зр╕Бр╕нр╕Зр╕Чр╕▒р╕Юр╕Чр╕лр╕▓р╕гр╕лр╕╖р╣Ир╕Щ &gt;.&lt;
259,2012-08-18 05:11:20+00:00,@kiw26072011 р╕Цр╣Йр╕▓р╕Ир╕░р╕Бр╕гр╕╕р╕Ур╕▓ р╣Др╕Фр╣Йр╣Вр╕Ыр╕гр╕Фр╕Кр╣Ир╕зр╕вр╣Ар╕ер╣Ир╕▓р╣Ар╕Ыр╣Зр╕Щр╕Щр╕┤р╕Чр╕▓р╕Щр╕Бр╣Ир╕нр╕Щр╕Щр╕нр╕Щр╕Др╕╖р╕Щр╕Щр╕╡р╣Йр╕Ир╕░р╣Др╕Фр╣Йр╕бр╕▒р╣Кр╕вр╕Вр╕нр╕гр╕▒р╕Ъ р╕Чр╣Ир╕▓р╕Щр╣Бр╕бр╣Ир╕Чр╕▒р╕Юр╕Щр╕▓р╕вр╕Бр╕нр╕Зр╕Вр╕нр╕Зр╕Бр╕нр╕Зр╕Юр╕▒р╕Щр╕Чр╕лр╕▓р╕гр╕лр╕╖р╣Ир╕Щ &gt;[]&lt;
260,2012-08-17 05:35:01+00:00,"@kiw26072011 р╣Ар╕Юр╕╖р╣Ир╕нр╕Щ'р╕кр╕╡р╕гр╕╕р╣Йр╕З'р╣Ар╕ор╕╡р╕вр╕Ир╕░р╕гр╕╣р╣Йр╕бр╕▒р╣Кр╕вр╕Щр╣Кр╕▓,.р╕зр╣Ир╕▓р╣Ар╕ор╕╡р╕вр╕Щр╕▒р╣Ир╕Щр╣Бр╕лр╕ер╣Ир╕░,.р╕Др╕╖р╕н""р╣Ар╕Юр╕╖р╣Ир╕нр╕Щр╕кр╕╡р╕гр╕╕р╣Йр╕З"".,р╕Вр╕нр╕Зр╣Ар╕лр╕ер╣Ир╕▓..р╕Чр╕лр╕▓р╕г,.р╕лр╕╖р╣Ир╕Щ *р╕гр╕▒р╕Бр╣Ар╕ор╕╡р╕в р╕Кр╕╖р╣Ир╕Щр╕Кр╕бр╣Ар╕ор╕╡р╕в* р╣Др╕Ыр╕кр╕нр╕Ър╕Бр╣Ир╕нр╕Щр╕Щр╣Ир╕░р╣Ар╕ор╕╡р╕в"
261,2012-08-17 05:01:56+00:00,"@kiw26072011 р╕Хр╕╖р╣Ир╕Щр╕бр╕▓,..р╕Юр╕гр╣Йр╕нр╕бр╕гр╕▒р╕Ър╕Яр╕▒р╕Зр╕кр╕┤р╣Ир╕Зр╕Фр╕╡р╣Жр╕Ир╕▓р╕Бр╣Ар╕ор╕╡р╕в,.р╕Ир╕░р╕Ир╕│р╣Др╕зр╣Йр╣Гр╕лр╣Йр╕Вр╕╢р╣Йр╕Щр╣Гр╕Ир╣Ар╕гр╕вр╣Ар╕ор╕╡р╕в .р╕Чр╕лр╕▓р╕г,.р╕лр╕╖р╣Ир╕Щ,,р╕Кр╕╖р╣Ир╕Щр╣Гр╕И ^^"
262,2012-08-15 16:14:43+00:00,@wawamiki1 р╕Чр╕лр╕▓р╕гр╕лр╕╖р╣Ир╕Щр╣Вр╕Др╕гр╕Хр╣Жр╣Жр╣Ж
263,2012-08-15 16:13:14+00:00,@bee6103 р╣Ар╕нр╣Кр╕вр╕вр╕▒р╕Зр╣Др╕бр╣Ир╕Др╣Ир╕нр╕вр╕Бр╕ер╣Йр╕▓р╕нр╣Ир╕░р╕Хр╕▓р╕бр╕кр╕Ър╕▓р╕вр╣Др╕Ыр╕Бр╣Ир╕нр╕Щр╕Чр╕лр╕▓р╕гр╕лр╕╖р╣Ир╕Щ
264,2012-08-15 13:45:29+00:00,@guitar26072011 р╕Юр╕╡р╣Ир╕Хр╕▓р╕гр╣Мр╕Бр╕нр╕Зр╕Чр╕▒р╕Юр╕Чр╕лр╕▓р╕гр╕лр╕╖р╣Ир╕Щр╕Вр╕нр╕Зр╕Юр╕╡р╣Ир╕Бр╕┤р╕зр╕бр╕╡р╣Ар╕Кр╕╖р╣Йр╕нр╕кр╕▓р╕вр╕Юр╕▒р╕Щр╕Шр╕╕р╣Мр╕Кр╣Йр╕▓р╕Зр╕Ьр╕кр╕бр╕нр╕вр╕╣р╣И р╕Юр╕нр╣Ар╕ор╕╡р╕вр╕Ър╕нр╕Бр╣Гр╕лр╣Йр╣Ар╕ер╕┤р╕Бр╕Лр╕╕р╣Ир╕бр╣Бр╕ер╣Йр╕з'р╕Кр╕╣р╕Зр╕зр╕З'р╕нр╕нр╕Бр╕бр╕▓р╕Чр╕╡р╕Зр╕╡р╣К р╕лр╕Щр╣Йр╕▓ TL р╣Бр╕Чр╕вр╕Цр╕ер╣Ир╕б
265,2012-08-14 04:39:07+00:00,"@kiw26072011 р╕Чр╕╡р╣Ир╕ер╕╖р╕бр╣Др╕бр╣Ир╣Др╕Фр╣Йр╣Ар╕Фр╣Зр╕Фр╕Вр╕▓р╕Фр╕Щр╕░р╣Ар╕ор╕╡р╕Щр╕Бр╕┤р╕з ""р╕Зр╕зр╕З"" р╣Др╕З р╕Кр╕╡р╣Йр╕Кр╕▒р╕Фр╣Жр╣Ар╕ер╕вр╕зр╣Ир╕▓р╕Чр╕лр╕▓р╕гр╕лр╕╖р╣Ир╕Щр╕Вр╕нр╕Зр╣Ар╕ор╕╡р╕в р╣Др╕бр╣Ир╣Гр╕Вр╣Ир╕Др╕Щр╕лр╕╖р╣Ир╕Щ р╣Бр╕Хр╣Ир╣Ар╕Ыр╣Зр╕Щр╕Кр╣Йр╕▓р╕Зр╕лр╕╖р╣Ир╕Щ р╣Ар╕Юр╕гр╕▓р╕░р╣Ар╕ор╕╡р╕вр╕Кр╕нр╕Ър╕Ър╕нр╕Бр╣Гр╕лр╣Йр╕Кр╕╣р╕Зр╕зр╕З"
266,2012-08-13 11:37:51+00:00,"@kiw26072011 р╕лр╕▓р╕гр╕╣р╕кр╣Ир╕нр╕З*р╣Ар╕ор╕╡р╕вр╣Ар╕Ыр╕ер╕╡р╣Ир╕вр╕Щр╣Ар╕кр╕╖р╣Йр╕н,..р╕лр╕╖р╣Ир╕Щр╣Бр╕Ър╕Ър╣Ар╕Ыр╕┤р╕Фр╣Ар╕Ьр╕в,.р╕Чр╕лр╕▓р╕гр╕лр╕╖р╣Ир╕Щ"
267,2012-08-12 03:02:32+00:00,"@kiw26072011 *р╕Бр╕нр╕Ф*р╣Ар╕Др╣Йр╕▓р╕Бр╣Зр╣Ар╕Ыр╣Зр╕Щр╕Чр╕лр╕▓р╕г,..р╕лр╕╖р╣Ир╕Щр╣Ж,.р╕Вр╕нр╕Зр╣Ар╕ор╕╡р╕вр╕Щр╣Ир╕░ -/\-"
268,2012-08-09 12:17:00+00:00,"@kiw26072011 р╣Ар╕ор╕╡р╕вр╕лр╕▓р╕вр╕Ыр╣Ир╕зр╕вр╕гр╕╢р╕вр╕▒р╕З,??? р╕Цр╣Йр╕▓р╕вр╕▒р╕Зр╕Бр╣Зр╕лр╕▓р╕вр╣Др╕зр╣Жр╕Чр╕лр╕▓р╕гр╕лр╕╖р╣Ир╕Щ,,р╣Ар╕Ыр╣Зр╕Щр╕лр╣Ир╕зр╕Зр╕бр╕▓р╕Бр╣Ж*р╕Бр╕нр╕Ф*#K8G"
269,2012-08-07 13:04:01+00:00,@kiw26072011 р╣Ар╕Фр╣Ир╕зр╕Щр╕╡р╣Йр╣Ар╕ор╕╡р╕вр╣Др╕бр╣Ир╣Др╕Фр╣Йр╕нр╕▒р╕Юр╕гр╕╣р╕Ыр╣Гр╕лр╣Йр╕Чр╕лр╕▓р╕гр╕лр╕╖р╣Ир╕Щр╕Щр╕▓р╕вр╕Щр╕╡р╣Йр╕кр╕╣р╕Ър╣Ар╕ер╕вр╕вр╕вр╕вр╕в
270,2012-08-06 11:52:34+00:00,@guitar26072011 р╕Юр╕╡р╣Ир╕Хр╣Йр╕▓р╕гр╣Мр╕Юр╕▓р╣Ар╕лр╕ер╣Ир╕▓р╕Чр╕лр╕▓р╕гр╕лр╕╖р╣Ир╕Щр╕Щр╕░ 555555
271,2012-08-05 12:32:48+00:00,@_TMNIP @kiw26072011 р╣Ар╕лр╕зр╕в..р╕гр╕╣р╣Йр╣Др╕Хр╣Лр╣Ар╕ор╕╡р╕вр╣Др╕Фр╣Йр╣Др╕З..р╕бр╕▓р╣Жр╣Жр╕бр╕▓р╕Ир╕▒р╕Ър╕бр╕╖р╕нр╕Бр╕▒р╕Щр╣Др╕Ыр╕Цр╕ер╣Ир╕бр╣Ар╕бр╕Щр╕Кр╕▒р╣Ир╕Щр╣Ар╕бр╕╡р╕вр╣Ар╕ор╕╡р╕вр╕Бр╕▒р╕Щр╣Др╕зр╣Жр╣Жр╕Чр╕лр╕▓р╕гр╕лр╕╖р╣Ир╕Щ...р╣Ар╕Юр╕╖р╣Ир╕нр╕Щр╕гр╕▒р╕Б
272,2012-08-02 15:42:35+00:00,@MiizzSharpay р╕Чр╕лр╕▓р╕г(р╕лр╕╖р╣Ир╕Щ). 55555 #K8G
273,2012-08-01 12:33:54+00:00,@kiw26072011 р╕Др╕б !! р╕Др╕бр╕Ир╕гр╕┤р╕Зр╣Жр╣Ар╕ор╕╡р╕в р╕Цр╕╣р╕Бр╣Гр╕Ир╕Чр╕лр╕▓р╕г..р╕лр╕╖р╣Ир╕Щр╣Ар╕лр╕ер╕╖р╕нр╕лр╕ер╕▓р╕в &gt;^&lt;
274,2012-07-30 12:31:07+00:00,"@guitar26072011 @kiw26072011 р╣Вр╕вр╣Ир╕зр╕з
 р╕зр╕нр╕Чр╕Лр╕▒р╕Ър╣Бр╕бр╕Щ 55555 р╕Чр╕лр╕▓р╕гр╕лр╕╖р╣Ир╕Щр╕бр╕▓р╕гр╕▓р╕вр╕Зр╕▓р╕Щр╕Хр╕▒р╕зр╣Бр╕ер╣Йр╕з р╕зр╕▒р╕Щр╕Щр╕╡р╣Йр╣Ар╕гр╕▓р╕Ир╕░р╕Лр╕╕р╣Ир╕бр╣Бр╕ер╕░р╕кр╣Ир╕нр╕Зр╣Гр╕лр╣Й р╣Ар╕ер╕╖р╕нр╕Фр╕нр╕нр╕Бр╕Ир╕бр╕╣р╕Бр╣Ар╕ер╕в 5555"
275,2012-07-29 01:27:33+00:00,@kiw26072011 @guitar26072011 р╕Хр╕▓р╕ер╕▓р╕вр╣Ар╕ер╕вр╕Юр╕┤р╕бр╕Юр╣Мр╕Ьр╕┤р╕Ф р╣Гр╕лр╕лр╣Йр╕нр╕ар╕▒р╕вр╕Чр╕лр╕▓р╕гр╕лр╕╖р╣Ир╕Щр╕Фр╣Йр╕зр╕в #р╕Чр╕│р╕лр╕Щр╣Йр╕▓р╕кр╕│р╕Щр╕╢р╕Б
276,2012-07-27 18:44:01+00:00,@kiw26072011 р╕Щр╕нр╕лр╕ер╕▒р╕Ър╕Эр╕▒р╕Щр╕Фр╕╡р╕Ир╕гр╣Йр╕▓р╕Чр╣Ир╕▓р╕Щр╣Бр╕бр╣Ир╕Чр╕▒р╕Юр╕Чр╕лр╕▓р╕гр╕лр╕╖р╣Ир╕Щр╕Вр╕нр╕Хр╕▒р╕зр╕Ыр╕▒р╕Щр╕Щр╕нр╕Щр╕Бр╣Ир╕нр╕Щр╕Ир╕гр╣Йр╕▓^^
277,2012-07-27 18:40:10+00:00,@kiw26072011 р╕Бр╣Йр╕нр╕Чр╕лр╕▓р╕гр╕Др╕Щр╕Щр╕╡р╣Йр╕бр╕▒р╕Щр╕зр╣Ир╕▓р╕Зр╕Ир╕▒р╕Фр╕бр╕▒р╣Ир╕вр╕гр╕╣р╣Йр╕Ир╕гр╕▓р╕Чр╕▓р╕бр╕нр╕▓р╕гр╕▒р╕вр╕Бр╣Йр╕нр╣Ар╕вр╕вр╕Ыр╕▒р╕вр╕гр╕╖р╣Йр╕нр╣Ар╕Яр╕Ър╕Вр╕нр╕Зр╣Ар╕ор╕╡р╕вр╣Ар╕Чр╣Ир╕▓р╕Щр╕▒р╣Ир╕Щр╣Ар╕нр╕З р╕лр╕▒р╣Йр╕вр╕нр╕ар╕▒р╕вр╕Чр╕лр╕▓р╕гр╕лр╕╖р╣Ир╕Щр╕Др╕Щр╕Щр╕╡р╣Йр╕Фр╣Йр╕зр╕вр╣Ар╕Цр╕нр╕░р╣Ар╕ор╕╡р╕в *р╕Др╕╕р╕Бр╣Ар╕Вр╣Ир╕▓р╕Др╕▓р╕гр╕░р╕зр╕░*
278,2012-07-27 15:01:04+00:00,р╕Бр╕│р╕ер╕▒р╕Зр╕лр╕╖р╣Ир╕Щр╕Фр╣Йр╕зр╕вр╣Ар╕ор╕╡р╕вр╕Бр╕┤р╕з55555 р╕Бр╕ер╕▓р╕вр╣Ар╕Ыр╣Зр╕Щр╕Чр╕лр╕▓р╕гр╕лр╕╖р╣Ир╕Щр╣Ар╕ер╕в
279,2012-07-26 13:06:10+00:00,@kiw26072011 р╣Ар╕ор╕╡р╕в....р╕Чр╕лр╕▓р╕гр╕лр╕╖р╣Ир╕Щ!!р╕Др╕Щр╕Щр╕╡р╣Йр╕Фр╕╣р╕Щр╕▓р╕Бр╕┤р╣Вр╕Хр╕░р╕Др╕гр╕Ър╕лр╕бр╕Фр╕Чр╕╕р╕Бр╕Хр╕нр╕Щр╣Бр╕ер╣Йр╕з^^
280,2012-07-26 06:38:05+00:00,"тАЬ@Stampsssss: р╕зр╕гр╕▒р╣Йр╕вр╕вр╕вр╕вр╕вр╕Юр╕╡р╣Ир╕Бр╕┤р╕зр╕Зр╣Ир╕нр╕нр╕нр╕н р╕ер╕Зр╕гр╕╣р╕Ы18+р╕ер╣Ир╕нр╕Чр╕лр╕▓р╕гр╕лр╕╖р╣Ир╕Щр╕нр╕вр╕╣р╣Ир╣Ар╕гр╕╖р╣Ир╕нр╕в -.,-тАЭ р╣Др╕бр╣Ир╕ер╣Ир╕нр╕бр╕╢р╕Зр╕Бр╣Зр╕лр╕╖р╣Ир╕Щр╕Вр╣Ир╕▓..."
281,2012-07-26 06:17:40+00:00,"р╕зр╕гр╕▒р╣Йр╕вр╕вр╕вр╕вр╕вр╕Юр╕╡р╣Ир╕Бр╕┤р╕зр╕Зр╣Ир╕нр╕нр╕нр╕н р╕ер╕Зр╕гр╕╣р╕Ы18+р╕ер╣Ир╕нр╕Чр╕лр╕▓р╕гр╕лр╕╖р╣Ир╕Щр╕нр╕вр╕╣р╣Ир╣Ар╕гр╕╖р╣Ир╕нр╕в -.,-"
282,2012-07-26 03:22:53+00:00,"""@/kiw26072011: р╣Бр╕Фр╣Ир╕Чр╕лр╕▓р╕гр╕лр╕╖р╣Ир╕Щ . *р╣Гр╕лр╣Йр╣Ар╕кр╕Юр╕вр╣Мр╣Др╕Фр╣Йр╣Бр╕Др╣Ир╕Щр╕╡р╣Йр╕ер╣Ир╕░* http://t.co/p79N4jl""р╣Гр╕Кр╣Ир╕Ыр╣Ир╕░р╣Ар╕Щр╕╡р╣Ир╕в 555"
283,2012-07-26 02:00:09+00:00,@kiw26072011 @guitar26072011 р╣Ар╕Ыр╣Зр╕Щр╣Бр╕Др╣Ир╕Чр╕лр╕▓р╕гр╕лр╕╖р╣Ир╕Щр╕Др╕Щр╕Щр╕╢р╕Зр╕Чр╕╡р╣Ир╕нр╕вр╕▓р╕Бр╕бр╕▓р╕нр╕зр╕вр╕Юр╕гр╕ор╕░ #K8G р╕Ир╕░р╣Др╕бр╣Ир╕бр╕╡р╣Бр╕Др╣Ир╕Ыр╕╡р╕Чр╕╡р╣И1р╕лр╕гр╕нр╕Бр╣Ар╕гр╕▓р╕гр╕╣р╣Й &gt;&lt; р╕Ър╕▓р╕Зр╕Чр╕╡р╣Ар╕ор╕╡р╕вр╕Щр╣Ир╕▓р╕Ир╕░р╕бр╕╡р╕ер╕╣р╕Бр╕бр╕▓р╣Гр╕лр╣Йр╣Ар╕ер╣Ир╕Щр╣Др╕Фр╣Йр╣Бр╕ер╣Йр╕зр╕Щр╕░55
284,2012-07-25 18:37:28+00:00,@kiw26072011 @guitar26072011 р╕Др╕гр╕Ър╕гр╕нр╕Ъ1р╕Ыр╕╡р╣Бр╕ер╣Йр╕зр╕з р╕Фр╕╡р╣Гр╕Ир╕Ир╕▒р╕Зр╣Ар╕ер╕в р╕Вр╕нр╕Ър╕Др╕╕р╕Ур╕Щр╕░р╕Др╣Ир╕░р╕Чр╕╡р╣Ир╣Гр╕лр╣Йр╣Ар╕лр╕ер╣Ир╕▓р╕Чр╕лр╕▓р╕гр╕лр╕╖р╣Ир╕Щр╣Др╕Фр╣Йр╕бр╕▓р╕Щр╕▒р╣Ир╕Зр╕кр╣Ир╕нр╕Зр╕Ьр╕╣р╣Йр╕Кр╕▓р╕вр╕Шр╕гр╕гр╕бр╕Фр╕▓р╕Чр╕╡р╣Ир╕гр╕▒р╕Бр╕Ьр╕╣р╣Йр╕Кр╕▓р╕вр╕Шр╕гр╕гр╕бр╕Фр╕▓ K8Gforever
285,2012-07-25 18:25:26+00:00,"@kiw26072011 @guitar26072011 р╣Ар╕ор╕╡р╕вр╕Ир╣Лр╕▓  р╣Ар╕Ир╣Ир╕Ир╣Лр╕▓~~ ~ р╕Хр╕нр╕Щр╕Щр╕╡р╣Йр╣Ар╕ер╕╖р╕нр╕Фр╕Юр╕╕р╣Ир╕Зр╣Ар╕Хр╣Зр╕б р╕Чр╕е. р╣Бр╕ер╣Йр╕зр╣Ар╕Щр╣Йр╕н 555555'  р╣Вр╕ор╕Б! &gt;.,&lt;' #р╕Чр╕лр╕▓р╕гр╕лр╕╖р╣Ир╕Щ #р╣Бр╕бр╣Ир╕Чр╕▒р╕Юр╕Бр╕│р╕ер╕▒р╕Зр╕нр╕нр╕Бр╕Бр╕│р╕ер╕▒р╕Зр╕Бр╕▓р╕в #K8G"
286,2012-07-25 18:20:35+00:00,"@kiw26072011 @guitar26072011 54321 р╣Ар╕ор╣Й! р╕Др╕гр╕Ър╕гр╕нр╕Ър╕лр╕Щр╕╢р╣Ир╕Зр╕Ыр╕╡р╣Бр╕ер╣Йр╕зр╕Щр╕░ р╕Юр╕нр╕Фр╕╡р╕Чр╕лр╕▓р╕гр╕лр╕╖р╣Ир╕Щр╕вр╕▒р╕Зр╣Др╕бр╣Ир╕Щр╕нр╕Щ-,.-р╕Вр╕нр╣Гр╕лр╣Йр╕Ыр╣Кр╕▓р╕Бр╕┤р╕зр╕бр╣Кр╕▓р╕Хр╣Йр╕▓р╕гр╣Мр╕гр╕▒р╕Бр╕Бр╕▒р╕Щр╕Щр╕▓р╕Щр╕Щр╕▓р╕Щ р╕гр╕▒р╕Бр╕Ыр╣Кр╕▓р╕Бр╕▒р╕Ър╕бр╣Кр╕▓р╕бр╕▓р╕Бр╕бр╕▓р╕Бр╣Ар╕ер╕в."
287,2012-07-25 14:33:38+00:00,р╕Чр╕лр╕▓р╕гр╕лр╕╖р╣Ир╕Щр╕Вр╕нр╕З K8G
288,2012-07-25 08:36:12+00:00,"""@TeQuieroChusJ: @MILKKY2TWINz р╣Ар╕лр╕вр╕Фр╕Фр╕Фр╕Фр╕Фр╕Фр╕Фр╕Фр╕Фр╕Фр╕Фр╕Фр╕Фр╕Фр╕Ф р╕нр╕вр╕▓р╕Бр╣Ар╕лр╣Зр╕Щр╣Вр╕зр╣Йр╕вр╕вр╕вр╕в"" р╣Ар╕Юр╣Йр╕нр╣Др╕Ыр╕Бр╣Ир╕нр╕Щр╣Бр╕ер╣Йр╕зр╕Ир╣Йр╕▓ -//////-!! р╣Ар╕ор╕╡р╕вр╕Бр╕┤р╕зр╣Вр╕вр╕Бр╣Ар╕Ър╕▓р╣Жр╣Ар╕Фр╕╡р╣Лр╕вр╕зр╣Ар╕нр╕зр╕Юр╕╡р╣Ир╕Хр╣Йр╕▓р╕гр╣Мр╕лр╕▒р╕Б #р╕Чр╕лр╕▓р╕гр╕лр╕╖р╣Ир╕Щ"
289,2012-07-24 17:42:23+00:00,р╣Ар╕ор╕╡р╕вр╕Бр╕┤р╕зр╕Бр╕▒р╕Ър╕Юр╕╡р╣Ир╕Хр╣Йр╕▓р╕гр╣Мр╣Ар╕Хр╣Зр╕бр╕Чр╕зр╕┤р╕Х р╕гр╕▒р╕Бр╕Бр╕▒р╕Щр╕Щр╕▓р╕Щр╕Щр╕▓р╕Щр╕Щр╕░ р╕Чр╕╡р╣Ир╕гр╕▒р╕Бр╕Вр╕нр╕Зр╣Ар╕лр╕ер╣Ир╕▓р╕Чр╕лр╕▓р╕гр╕лр╕╖р╣Ир╕Щ 555 @kiw26072011 @guitar26072011
290,2012-07-24 16:44:26+00:00,@kiw26072011 @guitar26072011 р╣Ар╕Ир╣Йр╣Др╕Ыр╕Щр╕нр╕Щр╕Щр╕░ р╕вр╣Йр╕│р╕зр╣Ир╕▓р╕Щр╕нр╕Щ! р╕Хр╕╡р╕лр╣Йр╕▓р╕Хр╣Йр╕нр╕Зр╕Хр╕╖р╣Ир╕Щр╣Др╕Ыр╕зр╕┤р╣Ир╕З TT р╕Цр╣Йр╕▓р╕Вр╣Ир╕▓р╕зр╣Ар╕Кр╣Йр╕▓р╕гр╕▓р╕вр╕Зр╕▓р╕Щр╕Чр╕лр╕▓р╕гр╕лр╕╖р╣Ир╕Щр╕Ир╣Кр╕нр╕Бр╕Бр╕┤р╣Йр╕Зр╕Ир╕Щр╕ер╕бр╕Ир╕▒р╕Ъ р╕Щр╕▒р╣Ир╕Щр╕Бр╣Зр╣Ар╕Ир╣Йр╕ер╣Ир╕░ 55 р╣Др╕Щр╕Чр╣Мр╕Щр╕░ :)
291,2012-07-24 16:30:43+00:00,@kiw26072011 р╕нр╕▒р╕Щр╕Хр╕▒р╕зр╕Вр╣Йр╕▓р╕Щр╕▒р╣Йр╕Щр╣Ар╕Ыр╣Зр╕Щр╕Чр╕лр╕▓р╕гр╕лр╕╖р╣Ир╕Щ р╣Ар╕Юр╕гр╕▓р╕░р╣Вр╕Др╕гр╕Хр╕Ыр╕ер╕╖р╣Йр╕бр╕Юр╕╡р╣Ир╕Бр╕┤р╕зр╣Бр╕нр╕Щр╕Фр╣Мр╕Юр╕╡р╣Ир╕Хр╣Йр╕▓р╕гр╣М р╕Чр╕╡р╣Ир╕Кр╕нр╕Ър╕бр╕▓р╕Чр╕│р╣Гр╕лр╣Йр╕лр╕╖р╣Ир╕Щр╕Хр╕▓р╕бр╣Ар╕нр╕в..#р╕гр╕▒р╕Бр╕Щр╕╡р╣Йр╕лр╕▒р╕зр╣Гр╕Ир╕Хр╣Йр╕нр╕Зр╕Вр╕╡р╣Йр╕кр╣Др╕Хр╕ер╣М
292,2012-07-24 15:25:09+00:00,@kiw26072011 р╕Ир╕╕р╣Кр╣Ж р╕бр╕┤р╣Гр╕Кр╣Ир╕Чр╕лр╕▓р╕гр╕лр╕╖р╣Ир╕Щр╕Щр╕░р╣Ар╕ор╕╡р╕в р╣Бр╕Др╣Ир╕Чр╕лр╕▓р╕гр╕Вр╕нр╕Зр╣Ар╕ор╕╡р╕вр╣Бр╕Хр╕Бр╕Хр╕╖р╣Ир╕Щр╣Гр╕Щр╣Ар╕гр╕╖р╣Ир╕нр╕Зр╣Ар╕Юр╕ир╣Ар╕Йр╕вр╣Жр╣Ар╕нр╕З -..-
293,2012-07-24 15:23:06+00:00,р╕Чр╕лр╕▓р╕гр╕лр╕╖р╣Ир╕Щ ;D
294,2012-07-23 10:59:07+00:00,@guitar26072011 р╕Ьр╕бр╕Лр╕╕р╣Ир╕бр╕кр╣Ир╕нр╕Зр╣Гр╕Щр╣Ар╕бр╕Щр╕Кр╕▒р╣Ир╕Щр╕Хр╕▓р╕бр╕лр╕ер╕▒р╕Бр╕Чр╕лр╕▓р╕гр╕лр╕╖р╣Ир╕Щр╕Др╕гр╕▒р╕Ър╕Ьр╕б !!! *р╕Хр╕░р╣Ар╕Ър╣Кр╕░*
295,2012-07-23 04:46:00+00:00,@kiw26072011 @guitar26072011 р╕Чр╕зр╕┤р╕Хр╕Чр╕╡р╣И 777 р╣Гр╕лр╣Йр╣Ар╕ор╕╡р╕вр╕кр╕нр╕Зр╕Др╕Щр╕Др╣Ир╕░ р╕Вр╕нр╣Гр╕лр╣Йр╕гр╕▒р╕Бр╕Бр╕▒р╕Щр╕Щр╕▓р╕Щр╣Ж р╕Чр╕зр╕┤р╕Хр╣Ар╕вр╕нр╕░р╣Жр╣Ар╕нр╕▓р╣Др╕зр╣Йр╣Гр╕лр╣Йр╕Чр╕лр╕▓р╕гр╕лр╕╖р╣Ир╕Щр╕кр╣Ир╕нр╕Зр╕Щр╕░р╕Др╣Ир╕░ ^^!
296,2012-07-23 01:55:06+00:00,555555 р╣Гр╕лр╣Йр╕Чр╕лр╕▓р╕гр╕ер╕▒р╕Бр╕лр╕ер╕▒р╕Ър╣Бр╕ер╣Йр╕зр╣Бр╕бр╣Ир╕Зр╕Ир╕░р╣Ар╕лр╕ер╕╖р╕нр╕нр╕░р╣Др╕г??? р╕Бр╕╣р╕зр╣Ир╕▓р╕Др╕Зр╕Ир╕░р╣Ар╕Ыр╣Зр╕Щр╣Ар╕кр╕╖р╣Йр╕нр╕Ьр╣Йр╕▓р╕Чр╕╡р╣Ир╣Ар╕лр╕ер╕╖р╕н р╣Ар╕Юр╕гр╕▓р╕░р╕Чр╕лр╕▓р╕гр╕лр╕╖р╣Ир╕Щр╣Бр╕бр╣Ир╕Зр╣Бр╕Фр╕Бр╕лр╕бр╕Ф 55555
297,2012-07-22 03:21:06+00:00,@guitar26072011 р╣Ар╕ер╣Ир╕▓р╣Гр╕лр╣Йр╕Чр╕лр╕▓р╕гр╕лр╕╖р╣Ир╕Щр╕Яр╕┤р╕Щр╕Щр╕Щр╕Щр╕Щ -..-
298,2012-07-22 01:57:00+00:00,р╕зр╕▒р╕Щр╕Щр╕╡р╣Йр╣Вр╕лр╕Фр╣Бр╕ор╕░ -..- RT @/kiw26072011: р╕Хр╕╖р╣Ир╕Щр╕кр╕┤р╕Чр╕лр╕▓р╕гр╕лр╕╖р╣Ир╕Щ р╕Щр╕нр╕Щр╕кр╕▒р╕Щр╕лр╕ер╕▒р╕Зр╕вр╕▓р╕зр╕Бр╕▒р╕Щр╕Ир╕гр╕┤р╕З!!  * р╕Эр╕▓р╕лр╕бр╣Йр╕нр╕Яр╕▓р╕Фр╕лр╕▒р╕з*
299,2012-07-22 00:47:02+00:00,"""@kiw26072011: р╕Хр╕╖р╣Ир╕Щр╕кр╕┤р╕Чр╕лр╕▓р╕гр╕лр╕╖р╣Ир╕Щ р╕Щр╕нр╕Щр╕кр╕▒р╕Щр╕лр╕ер╕▒р╕Зр╕вр╕▓р╕зр╕Бр╕▒р╕Щр╕Ир╕гр╕┤р╕З!! * р╕Эр╕▓р╕лр╕бр╣Йр╕нр╕Яр╕▓р╕Фр╕лр╕▒р╕з*""р╣Вр╕нр╣Йр╕в р╕Хр╕╖р╣Ир╕Щр╣Бр╕ер╣Йр╕зр╕Др╣Кр╕▓ р╣Ар╕ор╕╡р╕вр╕кр╕╕р╕Фр╕лр╕ер╣Ир╕нр╣Гр╕Ир╕гр╣Йр╕▓р╕в TT 5555555"
300,2012-07-21 11:11:08+00:00,"@kiw26072011 р╣Вр╕Цр╣Ир╣Ар╕Цр╕╡р╕в... р╕Фр╕╣р╣Ар╕Яр╕Ър╣Ар╕ор╕╡р╕вр╕Фр╕┤р╣И - -    р╕Ър╕гр╕бр╣Вр╕Д-р╕Хр╕░-р╕гр╕░р╣Ар╕вр╕нр╕░ р╣Гр╕Щр╣Вр╕Чр╕гр╕ир╕▒р╕Юр╕бр╕▒р╕Щр╣Вр╕лр╕ер╕Фр╣Др╕Фр╣Йр╣Бр╕Др╣И 350 р╣Ар╕бр╕Щр╕Кр╕▒р╣Ир╕Щ/р╕Кр╕б.р╕Щр╕░~    р╣Ар╕лр╣Зр╕Щр╣Гр╕Ир╕Чр╕лр╕▓р╕гр╕лр╕╖р╣Ир╕Щр╣Жр╕Бр╕▒р╕Щр╕лр╕Щр╣Ир╕нр╕в(?) 555 -.,-"
301,2012-07-19 00:55:50+00:00,"""@kiw26072011: р╕Хр╕╖р╣Ир╕Щр╣Др╕Фр╣Йр╣Бр╕ер╣Йр╕зр╕Чр╕лр╕▓р╕гр╕лр╕╖р╣Ир╕Щр╕кр╕▒р╕Щр╕лр╕ер╕▒р╕Зр╕вр╕▓р╕зр╕Чр╕▒р╣Йр╕Зр╕лр╕ер╕▓р╕в ... http://t.co/OUp1tev2"" р╣Ар╕лр╣Зр╕Щр╣Ар╕Др╕░р╣Бр╕ер╣Йр╕зр╕бр╕▒р╕Щр╕лр╕╖р╣Ир╕Щ!!!"
302,2012-07-15 12:40:04+00:00,"@kiw26072011 р╕Щр╕╡р╣Ир╕Чр╣Ир╕▓р╕Щр╕Бр╕│р╕ер╕▒р╕Зр╕Ыр╕гр╕░р╕Ир╕▓р╕Щ р╣Ар╕лр╕ер╣Ир╕▓р╕Чр╕лр╕▓р╕гр╕лр╕╖р╣Ир╕Щр╕нр╕вр╕╣р╣Ир╣Гр╕Кр╣Ир╕гр╕╢р╕бр╕▒р╣Йр╕в ""0"""
303,2012-07-13 15:00:13+00:00,"тАЬ@kiw26072011: р╣Др╕ер╣Ир╕Ър╕╕р╕Юр╕Бр╕▓р╕гр╕╡р╣Бр╕ер╕░р╕Др╕Щр╣Гр╕Щр╕Ър╣Йр╕▓р╕Щр╣Др╕Ыр╕Щр╕нр╕Щр╕Бр╣Ир╕нр╕Щр╣Вр╕лр╕ер╕Фр╕Чр╕зр╕┤р╕Хр╣Ар╕ор╕╡р╕вр╕Щр╕░р╕Чр╕лр╕▓р╕гр╕лр╕╖р╣Ир╕Щ 
р╕лр╕╢. http://t.co/NkVfuymKтАЭ р╕Лр╕▒р╕Ър╣Ар╕ер╕╖р╕нр╕Фр╣Др╕бр╣Ир╕Чр╕▒р╕Щ! #р╣Ар╕гр╕Ч18"
304,2012-07-10 12:40:09+00:00,"@Racpong р╕Чр╕лр╕▓р╕гр╕лр╕╖р╣Ир╕Щ &gt;.&lt;"""
305,2012-07-07 17:43:48+00:00,@guitar26072011 *р╕вр╕╖р╣Ир╕Щр╣Др╕бр╕Др╣Мр╕Ир╣Ир╕нр╕Ыр╕▓р╕Б* р╕Юр╕╡р╣Ир╕Хр╣Йр╕▓р╕гр╣М р╕гр╕╣р╣Йр╕кр╕╢р╕Бр╕нр╕вр╣Ир╕▓р╕Зр╣Др╕гр╕Ър╣Йр╕▓р╕Зр╕Бр╕▒р╕Ър╕Бр╕▓р╕гр╕Цр╕╣р╕Бр╣Ар╕Ьр╕▓р╕гр╕░р╕вр╕░р╣Ар╕Ьр╕▓р╕Вр╕Щ р╕Чр╕лр╕▓р╕гр╕лр╕╖р╣Ир╕Щр╣Бр╕Хр╕Бр╕бр╕▓р╕Бр╕Хр╕нр╕Щр╕Щр╕╡р╣Й 5555 5
306,2012-07-06 13:00:55+00:00,"""@kiw26072011: -_____- р╕кр╕бр╕Щр╣Йр╕│р╕лр╕Щр╣Йр╕▓р╕Бр╕╣р╕Ир╕гр╕┤р╕Зр╣Др╕нр╣Йр╕Юр╕зр╕Бр╕Чр╕лр╕▓р╕гр╕лр╕╖р╣Ир╕Щр╕Юр╕зр╕Бр╕Щр╕╡р╣Й р╕нр╕вр╣Ир╕▓р╣Гр╕лр╣Йр╣Ар╕кр╕гр╣Зр╕Ир╕Зр╕▓р╕Щр╕Щр╕░р╕бр╕╢р╕Зр╕Бр╕╣р╕Ир╕░р╕Ир╕▒р╕Ър╕лр╕▒р╕зр╕Бр╕Фр╕кр╣Йр╕зр╕бр╣Гр╕лр╣Йр╕лр╕бр╕Фр╕Чр╕╕р╕Бр╕Щр╕▓р╕в""р╕Вр╕нр╣Гр╕Щр╕Ър╣Йр╕▓р╕Щр╕Щр╕▓р╕вр╕Щр╕░-..-"
307,2012-07-03 10:58:45+00:00,"р╣Вр╕нр╣Кр╕░р╣Вр╕вр╣Кр╕░р╣Вр╕вр╣Йр╕зр╕зр╕з!!""@kiw26072011: *р╣Ар╕нр╕▓р╕гр╕╣р╕Ыр╕Хр╕┤р╕Фр╕Ыр╕ер╕▓р╕вр╣Ар╕Ър╣Зр╕Фр╣Бр╕Бр╕зр╣Ир╕Зр╕ер╣Ир╕н* р╕Ир╕Зр╣Вр╕Ьр╕ер╣Ир╕лр╕▒р╕зр╕нр╕нр╕Бр╕бр╕▓р╕Зр╕▓р╕Ър╣Ар╕лр╕вр╕╖р╣Ир╕нр╕Лр╕░р╕Фр╕╡р╣Жр╣Др╕нр╣Йр╕Юр╕зр╕Бр╕Чр╕лр╕▓р╕гр╕лр╕╖р╣Ир╕Щ.. http://t.co/SIt8LY6a"""
308,2012-06-05 13:47:11+00:00,р╕Др╕╖р╕нр╣Ар╕Ыр╣Зр╕Щр╕Др╕Щр╕Фр╕нр╕Бр╕нр╣Ир╕▓ р╣Ар╕лр╣Зр╕Щр╕Юр╕╡р╣Ир╕Чр╕лр╕▓р╕гр╣Ар╕Бр╕Ур╕Вр╣Йр╕▓р╕Зр╕лр╕Щр╣Йр╕▓р╕вр╕╖р╕Щр╕Бр╕▒р╕Щр╣Ар╕Ыр╣Зр╕Щр╕Бр╕ер╕╕р╣Ир╕б 20 р╕Бр╕зр╣Ир╕▓р╕Др╕Щ р╕Кр╕▒р╣Йр╕Щр╣Ар╕Фр╕┤р╕Щр╣Ар╕Вр╣Йр╕▓р╣Др╕Ыр╣Бр╕Ър╕Ър╣Ар╕гр╕┤р╕Ф р╕бр╕▓р╕Бр╣Ар╕Кр╕┤р╕Ф  р╣Вр╕Фр╕Щр╕ер╕зр╕Щр╕ер╕▓р╕бр╣Гр╕лр╕Нр╣Ир╣Ар╕гр╕вр╕Ир╣Йр╕▓ р╕нр╕╡р╕Чр╕лр╕▓р╕гр╕лр╕╖р╣Ир╕Щ р╕нр╕╡р╣Др╕Юр╕гр╣И
309,2012-05-18 17:43:00+00:00,@Independencer р╕Юр╕зр╕Бр╕Др╕гр╕╣р╕Чр╕лр╕▓р╕г р╕лр╕╖р╣Ир╕Щр╕Ыр╕гр╕░р╕Ир╕│р╕ер╣Ир╕░ *0* р╕вр╕┤р╣Ир╕Зр╕Чр╕лр╕▓р╕гр╣Ар╕Бр╕Ур╕Ср╣М р╕нр╕вр╕╣р╣Ир╕Бр╕▒р╕Щр╕Хр╕ер╕нр╕Ф 24 р╕Кр╕▒р╣Ир╕зр╣Вр╕бр╕З р╕гр╕▒р╕Бр╕Бр╕▒р╕Щр╕бр╕▓р╕Б р╣Бр╕Ър╕Ър╣Гр╕Щр╕Вр╣Ир╕▓р╕зр╕Щр╕╡р╣Ир╣Др╕бр╣Ир╕Щр╣Ир╕▓р╕Ир╕░р╣Бр╕Ыр╕ер╕Бр╕Щр╕░
310,2012-05-16 12:15:34+00:00,"р╕нр╕нр╕Бр╕бр╕▓р╕Ър╕нр╕Бр╕зр╣Ир╕▓р╕Чр╕лр╕▓р╕гр╕ер╕Зр╣Бр╕Вр╕Бр╕лр╕Нр╕┤р╕З = р╕Чр╕лр╕▓р╕гр╕лр╕╖р╣Ир╕Щ ,, р╕нр╕нр╕Бр╕бр╕▓р╕Ър╕нр╕Бр╕зр╣Ир╕▓р╕Чр╕лр╕▓р╕гр╣Вр╕Фр╕Щр╕лр╕ер╕нр╕Бр╣Др╕Ыр╕Цр╣Ир╕▓р╕вр╕лр╕Щр╕▒р╕Зр╣Вр╕Ыр╣К = р╕Чр╕лр╕▓р╕гр╕лр╕╖р╣Ир╣Ир╕Щр╣Бр╕ер╕░р╣Вр╕Зр╣И #р╕Фр╕╡р╕Вр╕╢р╣Йр╕Щр╣Ар╕вр╕нр╕░р╣Ар╕ер╕в"
311,2012-05-16 00:26:47+00:00,р╣Ар╕нр╕▓р╕ер╕░р╣Ар╕зр╣Йр╕в р╕Чр╕лр╕▓р╕гр╕лр╕╖р╣Ир╕Щр╕Ър╣Йр╕▓р╕Щр╣Ар╕гр╕▓р╕Щр╕╡р╣Ир╣Ар╕нр╕З
312,2012-05-15 16:52:22+00:00,р╕Юр╕Ър╕Хр╕▒р╕зр╕Чр╕лр╕▓р╕гр╕лр╕╖р╣Ир╕Щ р╕кр╕▒р╕Зр╕Бр╕▒р╕ФтАШр╕б.р╕Юр╕▒р╕Щ26тАЩ р╕гр╣Ир╕зр╕бр╕Бр╣Кр╕зр╕Щр╕ер╕Зр╣Бр╕Вр╕Б http://t.co/21jeJGM6 #bkk24
313,2012-05-15 10:13:26+00:00,р╕лр╕Щр╕▒р╕Зр╕кр╕╖р╕нр╕Юр╕┤р╕бр╕Юр╣Мр╕Ър╣Йр╕▓р╕Щр╣Ар╕бр╕╖р╕нр╕З ┬╗ р╕Юр╕Ър╣Бр╕ер╣Йр╕зр╕Хр╣Йр╕Щр╕Хр╕нр╕Др╕ер╕┤р╕Ыр╕Чр╕лр╕▓р╕гр╕лр╕╖р╣Ир╕Щ: http://t.co/8Bfo21SA
314,2012-05-13 11:13:04+00:00,р╣Гр╕Щр╕Чр╕╡р╣Ир╕кр╕╕р╕Фр╣Ар╕гр╕╖р╣Ир╕нр╕Зр╣Др╕нр╣Йр╕Юр╕зр╕Бр╕Чр╕лр╕▓р╕гр╕лр╕╖р╣Ир╕Щр╕Бр╕▓р╕бр╕Чр╕╡р╣Ир╕гр╕╕р╕бр╣Вр╕Чр╕гр╕бр╕Кр╕░р╕Щр╕╡р╕лр╕Щр╣Йр╕▓р╕Ыр╕ер╕зр╕Б р╣Ар╕гр╕╖р╣Ир╕нр╕Зр╣Др╕Ыр╕Цр╕╢р╕Зр╕Ьр╕╣р╣Йр╕кр╕╖р╣Ир╕нр╕Вр╣Ир╕▓р╕з р╣Бр╕ер╕░р╕Бр╕гр╕░р╕Чр╕гр╕зр╕Зр╕Бр╕ер╕▓р╣Вр╕лр╕бр╣Бр╕ер╣Йр╕з р╕кр╕бр╕Щр╣Йр╕│р╕лр╕Щр╣Йр╕▓р╕бр╕▒р╕Щр╕лр╕╖р╣Ир╕Щр╕Бр╕▓р╕бр╕Фр╕╡р╕Щр╕▒р╕Б!!!!
315,2012-05-13 03:46:18+00:00,"""р╕Ыр╕гр╕░р╕вр╕╕р╕Чр╕Шр╣М"" р╣Ар╕Хр╣Йр╕Щр╕Ьр╕▓р╕З р╕кр╕▒р╣Ир╕Зр╕кр╕нр╕Ър╕Чр╕лр╕▓р╕гр╕лр╕╖р╣Ир╕Щ р╕ер╕▒р╣Ир╕Щр╕Бр╕гр╕░р╕Чр╕│р╕Ьр╕┤р╕Фр╕Яр╕▒р╕Щр╣Др╕бр╣Ир╣Ар╕ер╕╡р╣Йр╕вр╕З р╕Ир╕▓р╕Б р╣Др╕Чр╕вр╣Вр╕Юр╕кр╕Хр╣М http://t.co/OveeBYQs"
316,2012-05-13 03:32:37+00:00,"""@Sonamsangbo: MICT р╕Ир╕░р╕Ър╕ер╣Кр╕нр╕Бр╣Ар╕зр╣Зр╕Ър╕вр╣Ир╕нр╕Др╕│р╕нр╕вр╣Ир╕▓р╕З t.co р╕лр╕гр╕╖р╕н bit.ly р╣Др╕Ыр╕Чр╕│р╣Др╕б р╕бр╕▒р╕Щр╣Др╕Ыр╕лр╕Щр╕▒р╕Бр╕ир╕╡р╕гр╕йр╕░р╕нр╕░р╣Др╕гр╕Чр╣Ир╕▓р╕Щ?""//р╕бр╕▒р╕Щр╕бр╕╡р╕Др╕ер╕┤р╕Ыр╕Чр╕лр╕▓р╕гр╕лр╕╖р╣Ир╕Щр╕Бр╕▓р╕бр╣Гр╕Щр╣Ар╕зр╣Зр╕Ър╕Щр╕▒р╣Йр╕Щр╣Др╕Зр╕Др╕гр╕▒р╕Ъ"
317,2012-05-11 07:13:36+00:00,тАЬ@tomkam: р╕Фр╕╣р╕Фр╕╡р╣Жр╕ар╕▓р╕Ю р╕Чр╕лр╕▓р╕гр╕лр╕╖р╣Ир╕Щ р╕Фр╕▒р╕Щр╕бр╕╡р╣Вр╕Ыр╕кр╣Ар╕Хр╕нр╕гр╣М р╕Хр╣Ир╕нр╕Хр╣Йр╕▓р╕Щhttp://t.co/aqWBuR13тАЭ&lt;тАв(((&gt;&lt;р╕Ьр╕Ъ.р╕Чр╕Ъ.р╕нр╕Ър╕гр╕бр╕Чр╕лр╕▓р╕гр╕нр╕вр╣Ир╕▓р╕Зр╣Др╕гр╕бр╕╡р╕Чр╕▒р╣Йр╕Зр╕ар╕▓р╕Юр╕вр╕┤р╕Зр╕лр╕▒р╕зр╕Ыр╕Кр╕К. р╕гр╕╕р╕бр╕Вр╣Ир╕бр╕Вр╕╖р╕Щр╕Ьр╕╣р╣Йр╕лр╕Нр╕┤р╕З р╕Бр╕гр╕гр╕б
318,2012-05-11 06:55:25+00:00,р╕Фр╕╣р╕Фр╕╡р╣Жр╕ар╕▓р╕Ю р╕Чр╕лр╕▓р╕гр╕лр╕╖р╣Ир╕Щ р╕Фр╕▒р╕Щр╕бр╕╡р╣Вр╕Ыр╕кр╣Ар╕Хр╕нр╕гр╣М р╕Хр╣Ир╕нр╕Хр╣Йр╕▓р╕Щр╣Бр╕бр╕Зр╕кр╕▓р╕Ъ р╕Фр╣Йр╕зр╕вр╣Бр╕ор╕░ http://t.co/E6j104g1
319,2012-04-25 14:24:00+00:00,@phizkimki р╣Бр╕Бр╕░р╕кр╕Фр╕кр╕нр╕Щр╕кр╕Ф 55555555555 р╕нр╕вр╕▓р╕Бр╣Ар╕Хр╣Йр╕Щр╕ер╕░р╣Бр╕Хр╣Ир╕Хр╕нр╕Щр╕Щр╕╡р╣Йр╕лр╕Щр╣Ир╕зр╕Зр╕бр╕▓р╕Бр╕Чр╕лр╕▓р╕гр╕лр╕╖р╣Ир╕Щр╕Щр╕▒р╣Ир╕Зр╕Ир╣Йр╕нр╕З р╣Бр╕Фр╕Бр╣Др╕бр╣Ир╕ер╕Зр╕Зр╕З
320,2012-04-25 14:19:37+00:00,р╕Чр╕лр╕▓р╕гр╕лр╕╖р╣Ир╕Щр╕бр╕нр╕Зр╣Др╕гр╕зр╕░ -0-
321,2012-04-22 17:17:46+00:00,@army_humnoy69 р╕Щр╕нр╕Щр╣Бр╕ер╣Йр╕зр╕Эр╕▒р╕Щр╕Фр╕╡р╕Юр╕╡р╣Ир╕Чр╕лр╕▓р╕гр╕лр╕╖р╣Ир╕Щ
322,2012-04-19 16:34:31+00:00,@naenayyaa р╕Чр╕лр╕▓р╕гр╕лр╕╖р╣Ир╕Щ 5555
323,2012-03-27 02:54:29+00:00,@Mildy_Meaw р╣Ар╕Ыр╣Зр╕Щр╣Др╕Зр╕Ър╣Йр╕▓р╕Зр╣Бр╕Бр╣Ар╕бр╕╖р╣Ир╕нр╕Др╕╖р╕Щ р╕Чр╕лр╕▓р╕гр╕лр╕╖р╣Ир╕Щр╣Ар╕нр╕▓р╣Вр╕ер╣Ир╣Ар╕ер╕вр╣Гр╕Кр╣Ир╕Ыр╣Ир╕▓р╕з
324,2012-03-09 05:03:56+00:00,@iafnot_TS68 р╕Кр╕нр╕Ър╕Кр╕╖р╣Ир╕нр╕Юр╕ер╕Чр╕лр╕▓р╕гр╕Вр╕нр╕Зр╕Юр╕╡р╣Ир╕Эр╣Йр╕▓р╕вр╕нр╣Ир╕░ р╕Юр╕ер╕Чр╕лр╕▓р╕гр╕лр╕╖р╣Ир╕Щ
325,2012-03-09 04:57:14+00:00,@iafnot_TS68 р╕кр╕зр╕▒р╕кр╕Фр╕╡р╕Вр╕нр╕гр╕▒р╕Ър╕Др╕╕р╕Ур╕Юр╕ер╕Чр╕лр╕▓р╕гр╕лр╕╖р╣Ир╕Щ
326,2012-03-08 16:15:43+00:00,р╕Цр╕╢р╕Зр╣Ар╕зр╕гр╕Чр╕лр╕▓р╕гр╕лр╕╖р╣Ир╕Щр╣Бр╕ер╣Йр╕з 555555555
327,2012-02-17 10:52:50+00:00,"р╕Чр╕лр╕▓р╕гр╕лр╕╖р╣Ир╕Щр╕Бр╕гр╕░р╕лр╕▓р╕в, http://t.co/i9ZMYJBE"
328,2012-01-21 14:39:29+00:00,@Souce_zill р╕Чр╕лр╕▓р╕гр╕лр╕╖р╣Ир╕Щр╕Щ
329,2012-01-10 07:18:11+00:00,р╣Ар╕лр╕вр╕Фр╕Фр╕Ф р╕Чр╕лр╕▓р╕гр╕лр╕╖р╣Ир╕Щр╕Щр╕Щ... http://t.co/omBtPap6
330,2011-12-25 14:09:42+00:00,@tongii_p р╕Юр╕ер╕Чр╕лр╕▓р╕гр╕лр╕╖р╣Ир╕Щ!! 555+
331,2011-12-25 13:49:10+00:00,@TimfanyHwang р╕Вр╕нр╕Зр╣Ар╕бр╕╖р╣Ир╕нр╕зр╕▓р╕Щр╣Ар╕ер╕вр╣Бр╕Б р╕кр╕Зр╕кр╕▓р╕гр╣Ар╕Бр╕┤р╕гр╣Мр╕ер╣Ар╕Ир╕Щр╣Ар╕Ър╕▓р╣Ж р╣Ар╕Юр╕гр╕▓р╕░р╕Чр╕лр╕▓р╕гр╕лр╕╖р╣Ир╕Щр╕бр╕▓р╕Бр╕Бр╕Бр╕Бр╕Б р╣Ар╕лр╕бр╕╖р╕нр╕Щр╕ер╕╕р╕Зр╕Чр╕╡р╣Ир╣Гр╕лр╣Йр╣Ар╕Зр╕┤р╕Щр╕Ир╣Кр╕░р╕Др╕▒р╕Щр╕лр╕╣
332,2011-12-14 01:32:21+00:00,@janejung1 р╣Ар╕лр╕нр╣Жр╣Ар╕Ир╕нр╕Чр╕лр╕▓р╕гр╕лр╕╖р╣Ир╕Щр╣Ж
333,2011-12-11 23:17:21+00:00,р╕Ир╕▒р╕Ър╣Бр╕ер╣Йр╕зр╕Юр╕ер╕Чр╕лр╕▓р╕гр╕лр╕╖р╣Ир╕Щр╕кр╕гр╕░р╣Бр╕Бр╣Йр╕з-р╣Бр╕лр╕Бр╕Др╕╕р╕Бр╕Вр╕╣р╣Ир╕Жр╣Ир╕▓р╕Юр╣Ир╕нр╣Бр╕бр╣Ир╣Ар╕лр╕вр╕╖р╣Ир╕н http://t.co/Iu56kDTo
334,2011-11-22 11:38:29+00:00,@fon_cassiopeia р╕вр╕┤р╣Ир╕Зр╕Юр╕╣р╕Фр╕вр╕┤р╣Ир╕Зр╣Ар╕Др╕гр╕╡р╕вр╕Ф р╕Щр╕╢р╕Бр╣Бр╕Ир╣Вр╕Бр╕Щр╕Ьр╕б р╣Бр╕ер╣Йр╕зр╕нр╕вр╕╕р╕Бр╕▒р╕Ър╕Юр╕зр╕Бр╕Чр╕лр╕▓р╕г(р╕лр╕╖р╣Ир╕Щр╣Ж) р╕нр╕░р╣Др╕гр╕Ир╕░р╣Ар╕Бр╕┤р╕Фр╕Вр╕╢р╣Йр╕Щ р╕бр╕нр╕Зр╣Вр╕ер╕Бр╣Бр╕Зр╣Ир╕гр╣Йр╕▓р╕вр╕бр╕▓р╕Б
335,2011-11-22 06:02:54+00:00,р╣Ар╕нр╣Ир╕нр╕н р╕Чр╕е.р╕Юр╕╣р╕Фр╕Цр╕╢р╕Зр╣Ар╕Вр╣Йр╕▓р╕Бр╕гр╕бр╕Вр╕╢р╣Йр╕Щр╕бр╕▓р╕Чр╕│р╣Гр╕лр╣Йр╕Хр╕╣р╕Щр╕╢р╕Бр╕Цр╕╢р╕Зр╕Др╕│р╕Юр╕╣р╕Фр╕Юр╕╡р╣Ир╣Ар╕Яр╕┤р╕гр╣Мр╕Щ р╕нр╕вр╕╣р╣Ир╣Гр╕Щр╕Бр╕гр╕бр╣Др╕бр╣Ир╣Др╕Фр╣Йр╣Ар╕Ир╕нр╕Вр╕нр╕Зр╕кр╕зр╕вр╣Жр╕Зр╕▓р╕бр╣Ж р╣Ар╕Бр╕┤р╕Фр╕нр╕┤р╣Бр╕Ир╣Ар╕Вр╣Йр╕▓р╣Др╕Ыр╕Чр╕лр╕▓р╕гр╕лр╕╖р╣Ир╕Щр╣Др╕бр╣Ир╕ер╕зр╕Щр╕ер╕▓р╕бр╕бр╕▒р╕Щр╣Бр╕вр╣Ир╣Ар╕ер╕вр╣Ар╕гр╕нр╕░!
336,2011-10-29 23:26:28+00:00,"тАЬ@Thairath_Local: р╕гр╕зр╕Ър╕Юр╕ер╕Чр╕лр╕▓р╕гр╕лр╕╖р╣Ир╕Щ р╕Жр╣Ир╕▓р╕Вр╣Ир╕бр╕Вр╕╖р╕Щ р╕Фр╕Н.6р╕Вр╕зр╕Ъ
http://t.co/5JgVUjSEтАЭ #FB"
337,2011-10-29 23:02:43+00:00,"Thairath_News: р╕гр╕зр╕Ър╕Юр╕ер╕Чр╕лр╕▓р╕гр╕лр╕╖р╣Ир╕Щ р╕Жр╣Ир╕▓р╕Вр╣Ир╕бр╕Вр╕╖р╕Щ р╕Фр╕Н.6р╕Вр╕зр╕Ъ
 http://t.co/KWRlfFWN RT=10"
338,2011-10-29 21:34:50+00:00,р╕гр╕зр╕Ър╕Юр╕ер╕Чр╕лр╕▓р╕гр╕лр╕╖р╣Ир╕Щ р╕Жр╣Ир╕▓р╕Вр╣Ир╕бр╕Вр╕╖р╕Щ р╕Фр╕Н.6р╕Вр╕зр╕Ъ http://t.co/MyP6qw6E
339,2011-10-29 21:17:37+00:00,р╕гр╕зр╕Ър╕Юр╕ер╕Чр╕лр╕▓р╕гр╕лр╕╖р╣Ир╕Щ р╕Жр╣Ир╕▓р╕Вр╣Ир╕бр╕Вр╕╖р╕Щ р╕Фр╕Н.6р╕Вр╕зр╕Ъ http://t.co/ptJL0DPV
340,2011-10-29 21:02:27+00:00,RT @Thairath_News: р╕гр╕зр╕Ър╕Юр╕ер╕Чр╕лр╕▓р╕гр╕лр╕╖р╣Ир╕Щ р╕Жр╣Ир╕▓р╕Вр╣Ир╕бр╕Вр╕╖р╕Щ р╕Фр╕Н.6р╕Вр╕зр╕Ъ http://t.co/okAcBdja /р╕Ир╕░р╕Чр╕│р╣Гр╕лр╣Йр╕Др╕Щр╕нр╕╖р╣Ир╕Щр╣Ар╕Др╣Йр╕▓р╣Ар╕кр╕╡р╕вр╕Кр╕╖р╣Ир╕нр╣Др╕Ыр╕Фр╣Йр╕зр╕в р╣Ар╕ер╕зр╕бр╕▓р╕Б!!
341,2011-10-29 20:55:25+00:00,Thairath : р╕гр╕зр╕Ър╕Юр╕ер╕Чр╕лр╕▓р╕гр╕лр╕╖р╣Ир╕Щ р╕Жр╣Ир╕▓р╕Вр╣Ир╕бр╕Вр╕╖р╕Щ р╕Фр╕Н.6р╕Вр╕зр╕Ъ http://t.co/iaocS36n
342,2011-10-29 20:55:22+00:00,р╕гр╕зр╕Ър╕Юр╕ер╕Чр╕лр╕▓р╕гр╕лр╕╖р╣Ир╕Щ р╕Жр╣Ир╕▓р╕Вр╣Ир╕бр╕Вр╕╖р╕Щ р╕Фр╕Н.6р╕Вр╕зр╕Ъ: р╕Хр╕│р╕гр╕зр╕Ир╕кр╕гр╕░р╣Бр╕Бр╣Йр╕з р╣Ар╕Ир╣Лр╕З р╣Вр╕Кр╕зр╣Мр╕Ьр╕ер╕Зр╕▓р╕Щр╕Др╕Фр╕╡р╣Гр╕лр╕Нр╣И р╕гр╕зр╕Ър╕Юр╕ер╕лр╕Чр╕▓р╕гр╕лр╕╖р╣Ир╕Щ р╕Бр╣Ир╕нр╣Ар╕лр╕Хр╕╕р╕Жр╣Ир╕▓р╕Вр╣Ир╕бр╕Вр╕╖р╕Щр╕Эр╕▒р╕Зр╕Фр╕┤р╕Щ р╕Фр╕Н.6 р╕Вр╕з... http://t.co/eAvt6muA
343,2011-10-29 20:55:21+00:00,р╕гр╕зр╕Ър╕Юр╕ер╕Чр╕лр╕▓р╕гр╕лр╕╖р╣Ир╕Щ р╕Жр╣Ир╕▓р╕Вр╣Ир╕бр╕Вр╕╖р╕Щ р╕Фр╕Н.6р╕Вр╕зр╕Ъ: р╕Хр╕│р╕гр╕зр╕Ир╕кр╕гр╕░р╣Бр╕Бр╣Йр╕з р╣Ар╕Ир╣Лр╕З р╣Вр╕Кр╕зр╣Мр╕Ьр╕ер╕Зр╕▓р╕Щр╕Др╕Фр╕╡р╣Гр╕лр╕Нр╣И р╕гр╕зр╕Ър╕Юр╕ер╕лр╕Чр╕▓р╕гр╕лр╕╖р╣Ир╕Щ р╕Бр╣Ир╕нр╣Ар╕лр╕Хр╕╕р╕Жр╣Ир╕▓р╕Вр╣Ир╕бр╕Вр╕╖р╕Щр╕Эр╕▒р╕Зр╕Фр╕┤р╕Щ р╕Фр╕Н.6 р╕Вр╕з... http://t.co/1U2SAxMu
344,2011-10-29 20:55:18+00:00,р╕гр╕зр╕Ър╕Юр╕ер╕Чр╕лр╕▓р╕гр╕лр╕╖р╣Ир╕Щ р╕Жр╣Ир╕▓р╕Вр╣Ир╕бр╕Вр╕╖р╕Щ р╕Фр╕Н.6р╕Вр╕зр╕Ъ http://t.co/H9iaDzR5 via Thairath
345,2011-10-29 20:55:17+00:00,р╕гр╕зр╕Ър╕Юр╕ер╕Чр╕лр╕▓р╕гр╕лр╕╖р╣Ир╕Щ р╕Жр╣Ир╕▓р╕Вр╣Ир╕бр╕Вр╕╖р╕Щ р╕Фр╕Н.6р╕Вр╕зр╕Ъ: р╕Хр╕│р╕гр╕зр╕Ир╕кр╕гр╕░р╣Бр╕Бр╣Йр╕з р╣Ар╕Ир╣Лр╕З р╣Вр╕Кр╕зр╣Мр╕Ьр╕ер╕Зр╕▓р╕Щр╕Др╕Фр╕╡р╣Гр╕лр╕Нр╣И р╕гр╕зр╕Ър╕Юр╕ер╕лр╕Чр╕▓р╕гр╕лр╕╖р╣Ир╕Щ р╕Бр╣Ир╕нр╣Ар╕лр╕Хр╕╕р╕Жр╣Ир╕▓р╕Вр╣Ир╕бр╕Вр╕╖р╕Щр╕Эр╕▒р╕Зр╕Ф... http://t.co/fhM4N0fR #thairath
346,2011-10-29 20:55:15+00:00,р╕гр╕зр╕Ър╕Юр╕ер╕Чр╕лр╕▓р╕гр╕лр╕╖р╣Ир╕Щ р╕Жр╣Ир╕▓р╕Вр╣Ир╕бр╕Вр╕╖р╕Щ р╕Фр╕Н.6р╕Вр╕зр╕Ъ: р╕Хр╕│р╕гр╕зр╕Ир╕кр╕гр╕░р╣Бр╕Бр╣Йр╕з р╣Ар╕Ир╣Лр╕З р╣Вр╕Кр╕зр╣Мр╕Ьр╕ер╕Зр╕▓р╕Щр╕Др╕Фр╕╡р╣Гр╕лр╕Нр╣И р╕гр╕зр╕Ър╕Юр╕ер╕лр╕Чр╕▓р╕гр╕лр╕╖р╣Ир╕Щ р╕Бр╣Ир╕нр╣Ар╕лр╕Хр╕╕р╕Жр╣Ир╕▓р╕Вр╣Ир╕бр╕Вр╕╖р╕Щр╕Эр╕▒р╕Зр╕Фр╕┤р╕Щ р╕Фр╕Н.6 р╕Вр╕з... http://t.co/aklP2kpL
347,2011-10-29 20:55:12+00:00,News р╕гр╕зр╕Ър╕Юр╕ер╕Чр╕лр╕▓р╕гр╕лр╕╖р╣Ир╕Щ р╕Жр╣Ир╕▓р╕Вр╣Ир╕бр╕Вр╕╖р╕Щ р╕Фр╕Н.6р╕Вр╕зр╕Ъ http://t.co/WlxVOeTT
348,2011-10-29 20:38:06+00:00,TR:р╕гр╕зр╕Ър╕Юр╕ер╕Чр╕лр╕▓р╕гр╕лр╕╖р╣Ир╕Щ р╕Жр╣Ир╕▓р╕Вр╣Ир╕бр╕Вр╕╖р╕Щ р╕Фр╕Н.6р╕Вр╕зр╕Ъ http://t.co/AkqGKYGr
349,2011-10-29 20:28:20+00:00,"тАЬ@Thairath_Local: р╕гр╕зр╕Ър╕Юр╕ер╕Чр╕лр╕▓р╕гр╕лр╕╖р╣Ир╕Щ р╕Жр╣Ир╕▓р╕Вр╣Ир╕бр╕Вр╕╖р╕Щ р╕Фр╕Н.6р╕Вр╕зр╕Ъ
http://t.co/wAnw0ijjтАЭ"
350,2011-10-29 20:25:06+00:00,"RT @Thairath_Local: р╕гр╕зр╕Ър╕Юр╕ер╕Чр╕лр╕▓р╕гр╕лр╕╖р╣Ир╕Щ р╕Жр╣Ир╕▓р╕Вр╣Ир╕бр╕Вр╕╖р╕Щ р╕Фр╕Н.6р╕Вр╕зр╕Ъ
http://t.co/4Ou0FJ10  р╕Кр╣Ир╕зр╕Зр╕Щр╕╡р╣Йр╕Бр╕│р╕ер╕▒р╕Зр╕Кр╕╖р╣Ир╕Щр╕Кр╕бр╕Чр╕лр╕▓р╕гр╕Бр╕▒р╕Щр╣Ар╕вр╕нр╕░р╕Лр╕░р╕Фр╣Йр╕зр╕в"
351,2011-10-29 20:25:05+00:00,р╕гр╕зр╕Ър╕Юр╕ер╕Чр╕лр╕▓р╕гр╕лр╕╖р╣Ир╕Щ р╕Жр╣Ир╕▓р╕Вр╣Ир╕бр╕Вр╕╖р╕Щ р╕Фр╕Н.6р╕Вр╕зр╕Ъ http://t.co/sCjEXk9L #thailand #asian
352,2011-10-29 20:22:44+00:00,р╕гр╕зр╕Ър╕Юр╕ер╕Чр╕лр╕▓р╕гр╕лр╕╖р╣Ир╕Щ р╕Жр╣Ир╕▓р╕Вр╣Ир╕бр╕Вр╕╖р╕Щ р╕Фр╕Н.6р╕Вр╕зр╕Ъ http://t.co/Y2EovYQs
353,2011-10-29 20:22:06+00:00,"р╕гр╕зр╕Ър╕Юр╕ер╕Чр╕лр╕▓р╕гр╕лр╕╖р╣Ир╕Щ р╕Жр╣Ир╕▓р╕Вр╣Ир╕бр╕Вр╕╖р╕Щ р╕Фр╕Н.6р╕Вр╕зр╕Ъ
http://t.co/vBnbO1Sa"
354,2011-10-29 20:22:04+00:00,"р╕гр╕зр╕Ър╕Юр╕ер╕Чр╕лр╕▓р╕гр╕лр╕╖р╣Ир╕Щ р╕Жр╣Ир╕▓р╕Вр╣Ир╕бр╕Вр╕╖р╕Щ р╕Фр╕Н.6р╕Вр╕зр╕Ъ
http://t.co/qZ1M00Jr"
355,2011-10-12 13:51:02+00:00,@beaubaable @yummyjam 555 р╕кр╣Ир╕Зр╕Чр╕лр╕▓р╕гр╕лр╕╖р╣Ир╕Щр╣Др╕Ыр╕гр╕╕р╕бр╕Бр╣Зр╣Ар╕лр╕ер╕╖р╕нр╕Юр╕нр╕Др╕░ р╕лр╕╢р╣Ж gang bang р╕Щр╣Ир╕▓р╕Ир╕░р╕Кр╕нр╕Ъ (р╣Ар╕гр╕Чр╣Др╕Ыр╕лр╕Щр╣Ир╕нр╕вр╕Др╕░)
356,2011-09-16 17:10:29+00:00,@Meimei_J р╣Бр╕лр╕бр╕░ р╕ор╣Ир╕▓р╣Жр╣Ж р╕Ър╣Кр╕▓р╕вр╕Ър╕▓р╕вр╕в р╕Эр╕▒р╕Щр╕Фр╕╡р╕Ир╣Кр╕зр╕Ър╣Ж р╕Чр╕лр╕▓р╕гр╕лр╕╖р╣Ир╕Щ &gt;&lt;
357,2011-09-16 16:07:40+00:00,"RT""@nottmiyabi: р╕Чр╕лр╕▓р╕гр╕лр╕╖р╣Ир╕Щ = р╣Ар╕Бр╕гр╕╡р╕вр╕Щ"""
358,2011-09-16 16:07:20+00:00,@nottmiyabi р╕Чр╕лр╕▓р╕гр╕лр╕╖р╣Ир╕Щ ┬▒ р╣Ар╕Бр╕гр╕╡р╕вр╕Щ
359,2011-09-16 16:04:56+00:00,р╕Чр╕лр╕▓р╕гр╕лр╕╖р╣Ир╕Щ = р╣Ар╕Бр╕гр╕╡р╕вр╕Щ
360,2011-08-22 03:01:16+00:00,р╕Др╕┤р╕бр╕ор╕╡р╕Кр╕нр╕ер╕Бр╕ер╣Йр╕▓р╕Фр╕╡р╕вр╕▒р╕Зр╣Др╕Зр╣Др╕бр╕▓р╕Чр╕│р╣Гр╕лр╣Йр╕Чр╣Ир╕▓р╕Щр╣Ар╕Др╣Ар╕Др╕гр╣Йр╕нр╕Зр╣Др╕лр╣Й р╕гр╣Йр╕нр╕Зр╕лр╕ер╕▓р╕вр╕гр╕нр╕Ър╕Фр╣Йр╕зр╕в р╣Ар╕Вр╣Йр╕▓р╕Бр╕гр╕бр╣Др╕Ыр╕нр╕вр╣Ир╕▓р╣Др╕Ыр╕лр╕ер╕Зр╕Бр╕ер╕Чр╕лр╕▓р╕гр╕лр╕╖р╣Ир╕Щр╕Щр╕░ р╕Хр╣Йр╕нр╕Зр╕гр╕▒р╕Бр╕Йр╣Ир╕нр╕вр╣Ар╕Вр╣Йр╕▓р╣Гр╕Ир╕бр╕▒р╣Кр╕в р╣Др╕Ыр╕лр╕▓р╕лр╕бр╕╡р╕Фр╣Йр╕зр╕вр╕нр╕вр╣Ир╕▓р╕ер╕╖р╕б
361,2011-07-12 15:14:25+00:00,@DuchessBig р╣Ар╕лр╕╡р╣Йр╕вр╕вр╕в! р╕Чр╕лр╕▓р╕гр╕лр╕╖р╣Ир╕Щ ==*
362,2011-06-22 13:01:05+00:00,@aphannn р╕гр╕░р╕зр╕▒р╕Зр╣Ар╕лр╕нр╕░р╕Чр╕лр╕▓р╕гр╕лр╕╖р╣Ир╕Щ 555555
363,2011-06-13 05:02:26+00:00,р╕Хр╕г.р╕Ър╕▓р╕Зр╕Кр╕▒р╕Щр╣Бр╕Цр╕ер╕Зр╕Ир╕▒р╕Ър╕Юр╕ер╕Чр╕лр╕▓р╕гр╕лр╕╖р╣Ир╕Щр╕Бр╕▓р╕б: р╕Хр╕│р╕гр╕зр╕Ир╕Ър╕▓р╕Зр╕Кр╕▒р╕Щр╣Бр╕Цр╕ер╕Зр╕Ьр╕ер╕Ир╕▒р╕Ър╕Бр╕╕р╕бр╕Др╕Фр╕╡р╕нр╕▓р╕Кр╕Нр╕▓р╕Бр╕гр╕гр╕б р╕гр╕зр╕Ър╣Бр╕Бр╣Кр╕Зр╕Кр╕▓р╕зр╣Ар╕Вр╕бр╕г-р╣Ар╕зр╕╡р╕вр╕Фр╕Щр╕▓р╕б р╕Бр╣Ир╕нр╣Ар╕лр╕Хр╕╕р╕ер╣Йр╕зр╕Зр╕Бр╕гр╕░р╣Ар╕Ыр╣Лр╕▓р╕Хр╕▓р╕б... http://bit.ly/jp3nd8
364,2011-06-13 02:53:15+00:00,р╕Хр╕г.р╕Ър╕▓р╕Зр╕Кр╕▒р╕Щр╣Бр╕Цр╕ер╕Зр╕Ир╕▒р╕Ър╕Юр╕ер╕Чр╕лр╕▓р╕гр╕лр╕╖р╣Ир╕Щр╕Бр╕▓р╕б: р╕Хр╕│р╕гр╕зр╕Ир╕Ър╕▓р╕Зр╕Кр╕▒р╕Щр╣Бр╕Цр╕ер╕Зр╕Ьр╕ер╕Ир╕▒р╕Ър╕Бр╕╕р╕бр╕Др╕Фр╕╡р╕нр╕▓р╕Кр╕Нр╕▓р╕Бр╕гр╕гр╕б р╕гр╕зр╕Ър╣Бр╕Бр╣Кр╕Зр╕Кр╕▓р╕зр╣Ар╕Вр╕бр╕г-р╣Ар╕зр╕╡р╕вр╕Фр╕Щр╕▓р╕б р╕Бр╣Ир╕нр╣Ар╕лр╕Хр╕╕р╕ер╣Йр╕зр╕Зр╕Бр╕гр╕░р╣Ар╕Ыр╣Лр╕▓р╕Хр╕▓р╕б... http://bit.ly/lQfUWe
365,2011-06-12 11:09:37+00:00,р╕Хр╕г.р╕Ър╕▓р╕Зр╕Кр╕▒р╕Щ р╣Бр╕Цр╕ер╕Зр╕Ир╕▒р╕Ъ р╣Бр╕Бр╣Кр╕Зр╣Ар╕Вр╕бр╕гр╕Щр╕▒р╕Бр╕ер╣Йр╕зр╕З - р╕Юр╕ер╕Чр╕лр╕▓р╕гр╕лр╕╖р╣Ир╕Щр╕Бр╕▓р╕б: р╕Хр╕│р╕гр╕зр╕Ир╕Ър╕▓р╕Зр╕Кр╕▒р╕Щр╣Бр╕Цр╕ер╕Зр╕Ьр╕ер╕Ир╕▒р╕Ър╕Бр╕╕р╕бр╕Др╕Фр╕╡р╕нр╕▓р╕Кр╕Нр╕▓р╕Бр╕гр╕гр╕б р╕гр╕зр╕Ър╣Бр╕Бр╣Кр╕Зр╕Кр╕▓р╕зр╣Ар╕Вр╕бр╕г-р╣Ар╕зр╕╡р╕вр╕Фр╕Щ... http://astv.mobi/A381rAS
366,2011-06-12 09:59:51+00:00,р╕Хр╕г.р╕Ър╕▓р╕Зр╕Кр╕▒р╕Щ р╣Бр╕Цр╕ер╕Зр╕Ир╕▒р╕Ъ р╣Бр╕Бр╣Кр╕Зр╣Ар╕Вр╕бр╕гр╕Щр╕▒р╕Бр╕ер╣Йр╕зр╕З - р╕Юр╕ер╕Чр╕лр╕▓р╕гр╕лр╕╖р╣Ир╕Щр╕Бр╕▓р╕б: р╕Хр╕│р╕гр╕зр╕Ир╕Ър╕▓р╕Зр╕Кр╕▒р╕Щр╣Бр╕Цр╕ер╕Зр╕Ьр╕ер╕Ир╕▒р╕Ър╕Бр╕╕р╕бр╕Др╕Фр╕╡р╕нр╕▓р╕Кр╕Нр╕▓р╕Бр╕гр╕гр╕б р╕гр╕зр╕Ър╣Бр╕Бр╣Кр╕Зр╕К... http://bit.ly/jgr7Bs #Crime #redtweet
367,2011-06-12 09:55:30+00:00,р╕Хр╕г.р╕Ър╕▓р╕Зр╕Кр╕▒р╕Щ р╣Бр╕Цр╕ер╕Зр╕Ир╕▒р╕Ъ р╣Бр╕Бр╣Кр╕Зр╣Ар╕Вр╕бр╕гр╕Щр╕▒р╕Бр╕ер╣Йр╕зр╕З - р╕Юр╕ер╕Чр╕лр╕▓р╕гр╕лр╕╖р╣Ир╕Щр╕Бр╕▓р╕б: р╕Хр╕│р╕гр╕зр╕Ир╕Ър╕▓р╕Зр╕Кр╕▒р╕Щр╣Бр╕Цр╕ер╕Зр╕Ьр╕ер╕Ир╕▒р╕Ър╕Бр╕╕р╕бр╕Др╕Фр╕╡р╕нр╕▓р╕Кр╕Нр╕▓р╕Бр╕гр╕гр╕б р╕гр╕зр╕Ър╣Бр╕Бр╣Кр╕Зр╕Кр╕▓р╕зр╣Ар╕Вр╕бр╕г-р╣Ар╕зр╕╡р╕вр╕Фр╕Щ... http://t.co/r6vdRCFтАЭ
368,2011-06-12 09:40:23+00:00,р╕Хр╕г.р╕Ър╕▓р╕Зр╕Кр╕▒р╕Щ р╣Бр╕Цр╕ер╕Зр╕Ир╕▒р╕Ъ р╣Бр╕Бр╣Кр╕Зр╣Ар╕Вр╕бр╕гр╕Щр╕▒р╕Бр╕ер╣Йр╕зр╕З - р╕Юр╕ер╕Чр╕лр╕▓р╕гр╕лр╕╖р╣Ир╕Щр╕Бр╕▓р╕б: р╕Хр╕│р╕гр╕зр╕Ир╕Ър╕▓р╕Зр╕Кр╕▒р╕Щр╣Бр╕Цр╕ер╕Зр╕Ьр╕ер╕Ир╕▒р╕Ър╕Бр╕╕р╕бр╕Др╕Фр╕╡р╕нр╕▓р╕Кр╕Нр╕▓р╕Бр╕гр╕гр╕б р╕гр╕зр╕Ър╣Бр╕Бр╣Кр╕Зр╕Кр╕▓р╕зр╣Ар╕Вр╕бр╕г-р╣Ар╕зр╕╡р╕вр╕Фр╕Щ... http://astv.mobi/A381rAS
369,2011-04-14 11:21:19+00:00,@moui р╕Чр╕лр╕▓р╕гр╕лр╕╖р╣Ир╕Щ р╕кр╕гр╣Йр╕▓р╕Зр╣Ар╕Зр╕╡р╣Ир╕вр╕Щр╣Др╕В р╕лр╕▓р╣Ар╕лр╕Хр╕╕р╕нр╕нр╕Б р╕Др╕гр╕▓р╕зр╕Щр╕╡р╣Йр╣Бр╕Щр╕з 16 р╕Хр╕╕р╕ер╕▓ р╣Др╕бр╣Ир╕лр╕бр╕┤р╣Ир╕Щр╕Бр╣Зр╕Др╕нр╕бр╕п
370,2011-03-21 09:11:45+00:00,"@aiworryfree //р╕лр╕Щр╕▒р╕Зр╕кр╕╖р╕нр╕Юр╕┤р╕бр╕Юр╣МMTodayр╕Щр╕│р╕бр╕▓р╕ер╕Зр╕Др╕гр╕▒р╕Ър╣Ар╕Др╕гр╕╖р╕нр╕Вр╣Ир╕▓р╕вр╕нр╕Зр╕Др╣Мр╕Бр╕гр╕пр╕вр╕╖р╣Ир╕Щр╕лр╕Щр╕▒р╕Зр╕кр╕╖р╕нр╕Ыр╕гр╕░р╕Чр╣Йр╕зр╕Зр╕нр╕вр╕╣р╣Ир╕Др╕гр╕▒р╕Ъ""р╕Чр╕лр╕▓р╕гр╕лр╕╖р╣Ир╕Щр╕ер╣Йр╕зр╕Зр╕Ър╕▒р╕Ур╕Ср╕┤р╕Хр╕нр╕▓р╕кр╕▓"""
371,2010-07-20 13:19:08+00:00,@McKiEz р╕Бр╕гр╕░р╕Хр╣Ир╕▓р╕вр╣Вр╕лр╕Фр╕нр╕Щр╕┤р╣Ар╕бр╕Кр╕▒р╣Ир╕Щр╣Ар╕бр╕Юр╕Чр╕╡р╣Ир╕кр╕╕р╕Фр╣Гр╕Щр╕Лр╕╡р╕Лр╕▒р╣Ир╕Щр╕Щр╕╡р╣Йр╣Ар╕ер╕вр╕Щр╕░ ~ / р╕лр╕ер╕▒р╕Зр╣Жр╕бр╕▒р╕Щр╕Ир╕░р╣Др╕Ыр╕нр╕вр╕╣р╣Ир╣Гр╕Щр╕Др╣Ир╕▓р╕вр╕Чр╕лр╕▓р╕гр╕Бр╕▒р╕Щ р╕бр╕╡р╣Бр╕Хр╣Ир╕Чр╕лр╕▓р╕гр╕лр╕╖р╣Ир╕Щр╣Ж
372,2010-07-03 07:20:55+00:00,"р╕ор╕▓р╕гр╣Ир╕▓р╣Гр╕кр╣Ир╕Кр╕╕р╕Фр╕Чр╕лр╕▓р╕гр╣Бр╕ер╣Йр╕зр╕Щр╣Ир╕▓р╕гр╕▒р╕Бр╕нр╣Ир╕░ btw р╕лр╕Щр╣Йр╕▓р╕Хр╕▓р╕Чр╕лр╕▓р╕гр╕лр╕╖р╣Ир╕Щр╕бр╕▓р╕Бр╣Ар╕ер╕вр╕Щр╕░р╕Др╣Ир╕░ -_-"""
373,2010-03-25 19:06:17+00:00,RT @inatmon: р╕нр╕вр╕▓р╕Бр╣Ар╕Ыр╣Зр╕Щр╕Чр╕лр╕▓р╕г :d http://www.youtube.com/watch?v=Y5J1VNuJqEs #р╕лр╕╖р╣Ир╕Щ
374,2010-03-25 18:59:21+00:00,р╕нр╕вр╕▓р╕Бр╣Ар╕Ыр╣Зр╕Щр╕Чр╕лр╕▓р╕г :d http://www.youtube.com/watch?v=Y5J1VNuJqEs #р╕лр╕╖р╣Ир╕Щ
375,2009-12-25 14:35:46+00:00,RT @xNutty: RT @tohcullen: @GuideRnon р╕Зр╕▒р╣Йр╕Щр╣Ар╕Фр╕┤р╕Щр╕Чр╕▓р╕Зр╕Ыр╕ер╕нр╕Фр╕ар╕▒р╕вр╣Бр╕ер╣Йр╕зр╕Бр╕▒р╕Щ р╕Фр╕╣р╣Бр╕ер╕Хр╕▒р╕зр╣Ар╕нр╕Зр╕Фр╕╡р╣Жр╕лр╕ер╣Ир╕░р╣Др╕Бр╕Фр╣М ; р╕Кр╣Ир╕▓р╕в р╕гр╕▒р╕Бр╕йр╕▓р╕Хр╕Щр╣Гр╕лр╣Йр╕Юр╣Йр╕Щр╕Ир╕▓р╕Бр╕Чр╕лр╕▓р╕гр╕лр╕╖р╣Ир╕Щ 555 ||р╕ор╣Ир╕▓р╣Жр╣Жр╕Вр╕нр╕Ър╕Др╕╕р╕Ур╕Др╣Кр╕▓р╕Ър╕Ъ
376,2009-11-16 09:38:01+00:00,р╕Чр╕лр╕▓р╕гр╕лр╕╖р╣Ир╕Щр╕Др╕зр╕вр╣Гр╕лр╕Нр╣И: р╕Ьр╕бр╕Кр╕╖р╣Ир╕нр╕Хр╕▒р╣Йр╕бр╕нр╕▓р╕вр╕╕19 р╕кр╕╣р╕З176/63 р╣Ар╕Др╕вр╕бр╕╡р╣Ар╕Лр╣Зр╕Бр╕Др╕гр╕▒р╣Йр╕Зр╣Бр╕гр╕Бр╕Хр╕нр╕Щр╕нр╕▓р╕вр╕╕р╣Ар╕бр╕╖р╣Ир╕нр╕зр╕▒р╕Щр╕Чр╕╡р╣И28р╕Хр╕╕р╕ер╕▓р╕Чр╕╡р╣Ир╕Ьр╣Ир╕▓р╕Щр╕бр╕▓р╣Ар╕Щр╕╖р╣Ир╕нр╕Зр╕Ир╕▓р╕Бр╕зр╣Ир╕▓р╕нр╕вр╕▓р╕Бр╕е.. http://bit.ly/4fdHOr
377,2009-11-16 09:37:54+00:00,"р╕Чр╕лр╕▓р╕гр╕лр╕╖р╣Ир╕Щр╕Др╕зр╕вр╣Гр╕лр╕Нр╣И: 
р╕Ьр╕бр╕Кр╕╖р╣Ир╕нр╕Хр╕▒р╣Йр╕бр╕нр╕▓р╕вр╕╕19 р╕кр╕╣р╕З176/63 р╣Ар╕Др╕вр╕бр╕╡р╣Ар╕Лр╣Зр╕Бр╕Др╕гр╕▒р╣Йр╕Зр╣Бр╕гр╕Бр╕Хр╕нр╕Щр╕нр╕▓р╕вр╕╕р╣Ар╕бр╕╖р╣Ир╕нр╕зр╕▒р╕Щр╕Чр╕╡р╣И28р╕Хр╕╕р╕ер╕▓р╕Чр╕╡р╣Ир╕Ьр╣Ир╕▓р╕Щр╕бр╕▓р╣Ар╕Щр╕╖р╣Ир╕нр╕Зр╕Ир╕▓р╕Бр╕зр╣Ир╕▓р╕нр╕вр╕▓.. http://digg.com/u1GSM5"
